random,egreedy 0,egreedy 0.1,egreedy 0.2,Softmax 1,Softmax 0.1
0.789367068,0.7853549818,0.7517603463,0.8044981118,0.8142906208,0.8288952373
0.7819220386,0.8210886325,0.8029342706,0.8473845364,0.8234652013,0.8606423661
0.7925429781,0.8274891876,0.8317598866,0.8603119586,0.8285140169,0.8672193366
0.8023638526,0.8402674582,0.8510135235,0.8724169319,0.8441458006,0.8739254615
0.7981074819,0.8444812588,0.8646334831,0.8857402125,0.8512868269,0.8897276935
0.8044746877,0.8538799914,0.8757753323,0.8916677343,0.8565486616,0.8958127749
0.8049422431,0.8629513747,0.8823454831,0.8973591762,0.8620401161,0.9051965067
0.8029393014,0.8732573812,0.8869504201,0.907447763,0.8738750102,0.9116925925
0.8011285359,0.8749571686,0.8925820783,0.913572402,0.8793923216,0.9163383554
0.8021606749,0.8780584568,0.8991894755,0.9214609924,0.8862525603,0.9237831622
0.800428953,0.8798091896,0.9057692333,0.9255710752,0.8907064858,0.9294171734
0.8016738623,0.8798289668,0.9101897537,0.9310127277,0.8954401516,0.9337092461
0.8026910307,0.8846040232,0.9149388078,0.9373461341,0.898876112,0.9397798936
0.8038496398,0.889240736,0.9218238306,0.9399730544,0.9013452261,0.9438644913
0.8010053428,0.8909777386,0.9276876946,0.9451919127,0.908401895,0.9464094734
0.7976760528,0.8905139548,0.9315883008,0.950038697,0.9098336927,0.9479216337
0.7996844819,0.8931970894,0.935073907,0.9522966077,0.9128388442,0.9517778735
0.7999621411,0.8933490773,0.9406012784,0.9566527936,0.9132114102,0.9534638123
0.8003783673,0.8927972051,0.9462922962,0.9611955621,0.9169999167,0.954155613
0.8010688363,0.8937781669,0.9482244058,0.9658276764,0.9201292364,0.9544312129
0.8011666237,0.8952207829,0.9529960713,0.9695136101,0.9232992278,0.9566116227
0.802604909,0.8980592948,0.958008823,0.9730633092,0.9234278957,0.9604228093
0.8020411022,0.8999959401,0.9612890795,0.9779315776,0.9247040877,0.9627973192
0.8019299984,0.9020164628,0.9652118275,0.9807635301,0.9284774097,0.9657836465
0.8009861891,0.9021149733,0.9677221165,0.9834280616,0.9274124938,0.9682367058
0.8014177941,0.903396752,0.9710513553,0.9864379991,0.9298603757,0.9695036741
0.7999363213,0.9049106476,0.9741298953,0.988807249,0.9307648167,0.9706705115
0.7996728543,0.9055419073,0.9773050741,0.9920544448,0.9315472944,0.9725461771
0.7999852338,0.9062247023,0.978995052,0.9950725533,0.9326201813,0.9743641154
0.7990447122,0.9071124344,0.9819874278,0.9981444542,0.9332125373,0.9770713117
0.7998778771,0.9068065972,0.9841255736,1.0008817092,0.9344269498,0.9792487706
0.8005725191,0.9080277606,0.9872580494,1.0052107627,0.9361446703,0.9803974013
0.8008531267,0.90761445,0.9902962768,1.007921067,0.9360442565,0.9826818201
0.802173977,0.9082389006,0.99374706,1.0119281982,0.9370404798,0.9838200376
0.8015251366,0.9096177094,0.9967712385,1.0145732303,0.9379577808,0.9846357984
0.8008753009,0.9096212796,1.0000242373,1.0177716912,0.9389021152,0.9859985572
0.8008861776,0.9095640777,1.0017854282,1.0196838174,0.9394470715,0.9879314698
0.8006654791,0.9100542541,1.0038144625,1.0222138414,0.9403198754,0.9895000218
0.8013575762,0.9105560477,1.0055248825,1.0240931512,0.9410147789,0.9911680301
0.8012864716,0.9114317416,1.0079497598,1.0264716,0.9424130221,0.9929800013
0.8001124981,0.9113548454,1.0104382066,1.0285651249,0.9422607556,0.9950227912
0.8007643922,0.9117218068,1.0128962598,1.0299317674,0.9437094415,0.9967292178
0.8012350787,0.9118784706,1.0151989374,1.0316158818,0.9445181061,0.9984599382
0.8008412901,0.9121285921,1.0174704991,1.0337458039,0.9452306698,1.0002490546
0.8008784884,0.9120185116,1.0193926092,1.0354479544,0.9464308461,1.0009091681
0.7998717008,0.9125485916,1.0218115221,1.0373391685,0.9466428877,1.0022873602
0.8001826856,0.9125050308,1.0239111773,1.0387265228,0.947886172,1.0036691797
0.7996535687,0.9119524116,1.026189551,1.0402934888,0.9491343439,1.0054215947
0.7991515415,0.9117060931,1.0280114674,1.0417362519,0.949773925,1.006794152
0.7987302008,0.9117059915,1.0298409194,1.0436517132,0.9503042461,1.0079496885
0.7995808909,0.9115361315,1.0315075455,1.0457778192,0.950721313,1.0093471038
0.7995145769,0.9111073614,1.0331189538,1.0469044386,0.9516798452,1.0109467579
0.7996743901,0.9109851342,1.0354021027,1.0491941714,0.9524238608,1.0122991456
0.8001483448,0.9109379278,1.0373327662,1.0502045375,0.9525579649,1.0137270925
0.7999573556,0.9110391978,1.0390246199,1.0513240901,0.9527400348,1.0148885602
0.8003527435,0.9113871873,1.0405503614,1.0529472146,0.9532837704,1.0162098276
0.8007025634,0.9115680686,1.0424435966,1.0538423811,0.9535585061,1.0169602599
0.8015445765,0.9118635896,1.0442626019,1.0553272199,0.9539928818,1.0183063053
0.8011765124,0.9124089219,1.0454686801,1.0567326518,0.9543130831,1.0193056437
0.8009709952,0.9126059481,1.0466709153,1.0575848677,0.9547438949,1.0206065409
0.8008882171,0.9130575265,1.0479029427,1.05881556,0.954688592,1.0216735654
0.801013568,0.9130578132,1.0487014726,1.0603012084,0.9543599364,1.022662346
0.8014225048,0.9131302924,1.0499108881,1.0611209409,0.9547091465,1.0236183049
0.8018775907,0.9130827751,1.0510499597,1.0619720404,0.955128522,1.0243955364
0.8018426729,0.9129603395,1.0527626987,1.0632111929,0.9556474864,1.0251616866
0.8023089077,0.9129490719,1.0541184314,1.0643762489,0.9558168022,1.0261216059
0.8019320537,0.9129404329,1.0557744402,1.0657272497,0.9564212832,1.0270632553
0.8023041595,0.9134409234,1.0569160446,1.0663058979,0.9565930143,1.0282028773
0.8027002393,0.9136900018,1.0585212958,1.0670161517,0.9570509034,1.0286980332
0.8028008284,0.9133370414,1.0598907073,1.0686855838,0.9574220133,1.0294924328
0.8026242444,0.9136699374,1.0613189995,1.0704855915,0.957424791,1.0303020892
0.8030063132,0.9138729547,1.0629569705,1.0719006258,0.9574537339,1.0313176618
0.8023185074,0.9139399846,1.0644485723,1.0725485786,0.958084373,1.0321187384
0.8018312693,0.9142687756,1.0657999507,1.0734215256,0.9584538015,1.0329466467
0.8021590457,0.9141189437,1.0670803673,1.0744301143,0.9584632208,1.0335638509
0.8020603458,0.9138784102,1.0685355165,1.0747426111,0.9583510485,1.0344114094
0.8024112878,0.9140393289,1.0696257509,1.0756905139,0.9586887489,1.0351087853
0.8025583625,0.9137474224,1.071073047,1.0768017036,0.958942894,1.0359481529
0.8021263214,0.9137756199,1.0724684938,1.0771810534,0.959134216,1.0363052158
0.802541949,0.9139978012,1.0731396349,1.0779036198,0.9590893031,1.0368858294
0.8020133203,0.9141654599,1.0737619302,1.078808008,0.9594256629,1.0373996455
0.801390251,0.9141899006,1.0746092124,1.079758448,0.9595883807,1.038117075
0.8011700064,0.9143232061,1.0754323753,1.0806939635,0.9599513071,1.0390311102
0.8009645476,0.9145675483,1.0763333535,1.0813103527,0.9601979609,1.0396678744
0.8007077091,0.9148067131,1.0778792875,1.0822110498,0.9606499586,1.0404697647
0.8003257776,0.914652408,1.0789744228,1.0832945186,0.9608209387,1.0412119072
0.8002528245,0.9144798939,1.0801216917,1.0843972017,0.9612415218,1.0419861991
0.8002376056,0.9149311858,1.0810836991,1.0846627831,0.9612085624,1.0432998048
0.7996587818,0.9150160689,1.0825683869,1.0856746528,0.9614420698,1.043868581
0.7999462387,0.9149715472,1.0835087957,1.086790832,0.9612120284,1.0447909141
0.7997798584,0.9151414705,1.0841312571,1.0874039745,0.96120058,1.045270646
0.7995516365,0.915436183,1.0854687832,1.0883401005,0.9609798117,1.0459703954
0.7998705454,0.9154152978,1.0867976913,1.0887513961,0.9610810132,1.046634707
0.7993265095,0.9153747113,1.0879758728,1.0892205292,0.9615197043,1.0472851246
0.799252859,0.9153642269,1.0889224942,1.0895238006,0.9613780248,1.0481432297
0.7987961495,0.9155464584,1.0896657023,1.0900706058,0.9615516639,1.0491526357
0.7983864861,0.9153301064,1.0905898321,1.0908801307,0.9617808948,1.0495830083
0.7980434882,0.9152227234,1.0910795486,1.0915067839,0.9617235584,1.0504304468
0.7980900661,0.9150525222,1.0918700241,1.0922540251,0.9619545885,1.0512500671
0.7978376481,0.9151024202,1.0928476089,1.0930366516,0.9621573441,1.0518401168
0.7980997662,0.91512801,1.0939684466,1.0936473501,0.9625805193,1.0524662834
0.7982517849,0.9149791681,1.0944840744,1.0938017654,0.9626011262,1.0533603142
0.7983383409,0.9147676558,1.0953900134,1.0943725205,0.9627327542,1.0538272347
0.7980854104,0.9150136822,1.0963457098,1.0948587834,0.9629032744,1.0544203118
0.7975308601,0.9148634603,1.0969113568,1.0955434151,0.9628529064,1.0553139005
0.7976171222,0.9151858071,1.0973388354,1.0961893628,0.9632645229,1.0557569617
0.7976685327,0.9152327369,1.0982506636,1.096359504,0.9635229805,1.0565618548
0.7977693862,0.9152958487,1.0988143834,1.0971636785,0.9635034104,1.0569384294
0.7977946839,0.9153085556,1.0993358312,1.0978694575,0.9635518686,1.0574074719
0.7980007502,0.915376024,1.1001302346,1.097929411,0.963688285,1.0578763773
0.7979709327,0.9154762471,1.1009033302,1.0983886842,0.9643575843,1.0584264539
0.7980252812,0.9154956343,1.1016043633,1.0990999712,0.964435501,1.0589913881
0.7977779019,0.9155993964,1.1025244913,1.1000182731,0.9643185008,1.0596773844
0.7976995133,0.9158130684,1.1032311048,1.1003201619,0.9645416107,1.0602895425
0.7976052417,0.9161439046,1.1039066101,1.1005784288,0.9646642823,1.0610319477
0.7977061063,0.916010943,1.1047185247,1.1012674806,0.9648854409,1.0614485498
0.7974916383,0.915860613,1.1053243748,1.1018557939,0.9651851945,1.0619856873
0.7975706469,0.9158442961,1.1059527243,1.1023497745,0.9653484513,1.0622109813
0.7975336259,0.9157223447,1.1063503,1.1027325872,0.9654920058,1.0629064455
0.7975044836,0.915778818,1.1072445679,1.1033914306,0.9655526318,1.0636857996
0.7972470955,0.9158294369,1.1079231842,1.1034686815,0.9656510583,1.0641705285
0.797511276,0.9160889907,1.1085787734,1.1042362764,0.9655537172,1.0647223199
0.7975691123,0.9160286166,1.1091399558,1.1048473454,0.9655450479,1.0654926403
0.7976857184,0.9161974199,1.1099416148,1.1051063459,0.9656468066,1.0659139326
0.7976477859,0.9164501651,1.1104706394,1.1057132935,0.9657934511,1.0662246463
0.7976353458,0.916653595,1.1112295801,1.1060952787,0.9659142621,1.0665444705
0.7977832635,0.9165895769,1.1117153618,1.1064717892,0.9664710797,1.0671227121
0.7975177616,0.9166113757,1.1125613807,1.1068562102,0.9665418772,1.0677026627
0.7975744415,0.9165382113,1.112988761,1.1075687584,0.9665159787,1.0681701611
0.7974978772,0.9167861795,1.1134818584,1.1078222782,0.9665353448,1.0686779868
0.7978858972,0.9168870591,1.1142520864,1.1082654256,0.9665790899,1.0690844268
0.7978120945,0.9168852937,1.1144881207,1.1085835166,0.966412915,1.0695110066
0.798196013,0.9167352166,1.1149043752,1.1088362592,0.9666177109,1.0699561039
0.7981328268,0.9169356877,1.1156249306,1.1091832556,0.9669892995,1.0704217731
0.7982842435,0.9169736717,1.116157735,1.1096486992,0.9670421652,1.0709523994
0.7981419133,0.9169399939,1.1166923599,1.1098437367,0.9667537011,1.0714072341
0.7978626153,0.9171224845,1.1171427808,1.1101402326,0.9670691716,1.0718502774
0.7975673829,0.917049099,1.1175714513,1.1105492877,0.9671909031,1.0723825653
0.7975387589,0.9171230303,1.1181888091,1.1109113602,0.9670288534,1.0728749577
0.7974009785,0.9170839059,1.1187262949,1.1114690124,0.9673103612,1.0735571063
0.7973987628,0.9171917692,1.119164702,1.1117139605,0.9675132568,1.0740552783
0.7972315388,0.9172110271,1.1198703127,1.1121389772,0.9677620376,1.0743650514
0.7970866552,0.9173134354,1.1202844584,1.1124216414,0.9676679658,1.0749667367
0.7971092439,0.9174669641,1.1207621819,1.1128186262,0.9680700701,1.0750497709
0.79729952,0.9174249227,1.1215335717,1.1130555286,0.9681042269,1.0754474814
0.7973292481,0.9176696166,1.12197477,1.1134065379,0.9681570805,1.0758311606
0.7970379576,0.9178059835,1.122295604,1.1137292962,0.968027077,1.0764275021
0.7968513026,0.9178651427,1.1228362308,1.1136099979,0.968113529,1.0770465915
0.7971632396,0.9178243163,1.1230791335,1.1138072775,0.9683932845,1.0774443576
0.7975492454,0.9179373178,1.1235156147,1.1142441073,0.9685378532,1.0779322993
0.7976110965,0.9178786262,1.1241403341,1.1144110674,0.9688120583,1.0785894545
0.7974041527,0.9176883308,1.1243166189,1.114696321,0.968857857,1.0791399347
0.7973168046,0.9177784471,1.1246529573,1.1149780137,0.9688752728,1.0796224445
0.7974383977,0.9177548362,1.1251360981,1.1152674516,0.9689665696,1.0801847469
0.797711604,0.9179218907,1.1255886758,1.1156716423,0.9689276499,1.0804494058
0.7980956304,0.9180256184,1.126018243,1.1158192191,0.9689424513,1.0807729119
0.7980700993,0.9181297101,1.126632477,1.1161866104,0.9690648525,1.0812139105
0.7980920887,0.9181568147,1.127068038,1.1164524846,0.9692389684,1.0815290604
0.7980250686,0.918286571,1.127533417,1.116770153,0.9693382579,1.0819847494
0.7980761157,0.9184839663,1.1281284306,1.1170556608,0.9692331798,1.0825073214
0.7979728318,0.9185301205,1.1284615463,1.1173298585,0.9693116245,1.0830232461
0.7981075697,0.9185884273,1.1287091291,1.1177367582,0.9694938354,1.0835206622
0.7981388629,0.91854609,1.1291068574,1.1183427481,0.9697717887,1.0838532907
0.7986191428,0.9187095486,1.1295554777,1.1184352615,0.9699355992,1.0841666701
0.7992817977,0.9185987407,1.1298006104,1.1185905768,0.969663492,1.0846356445
0.7993803228,0.9185607669,1.1301328396,1.1187994928,0.9696841585,1.0848940018
0.7993260444,0.9185379662,1.1303464053,1.1190083612,0.9696106376,1.0852056343
0.7992261295,0.9185218971,1.1307701645,1.1192762335,0.9694346459,1.0855072086
0.7992455361,0.9187613953,1.1312376911,1.1196175691,0.9696096339,1.0859549373
0.7993115898,0.9186681399,1.1317714364,1.120011395,0.9694599452,1.0865211182
0.7993747622,0.9186112996,1.1319325161,1.1200987357,0.9695417877,1.086991995
0.7993286198,0.9186729649,1.1320532383,1.1205317043,0.9697226386,1.0874121006
0.7994080009,0.9185199018,1.1325486464,1.1208020651,0.9697192468,1.0878900273
0.7995580233,0.9185159583,1.1330312337,1.1209111536,0.9694277115,1.0884996432
0.7995982183,0.9183756747,1.1335272469,1.1211105372,0.9695794498,1.0890488855
0.7995873998,0.9183488817,1.1337441915,1.1214984777,0.9694303874,1.0894690864
0.799479006,0.9185114871,1.1340966736,1.1218417946,0.9697298168,1.0898425297
0.7996195482,0.918467391,1.1344558194,1.1220904772,0.9695953845,1.0902117217
0.7992947383,0.918396239,1.1347149535,1.1226682474,0.9696019951,1.0903847514
0.7995242198,0.9183819749,1.1349772411,1.122641353,0.9693403652,1.0908487573
0.7995416044,0.9184478767,1.1354750629,1.1229817813,0.969371164,1.091108497
0.7992919615,0.9185344144,1.1357285918,1.1233025537,0.9692501941,1.0915622252
0.7995160468,0.9186100344,1.1361156555,1.1233233492,0.9692620623,1.0919112239
0.7996088546,0.9186639172,1.1364510405,1.1235287653,0.9692669026,1.0923591925
0.7996068756,0.9186974775,1.1366266537,1.123852577,0.969161454,1.0927821521
0.7992488665,0.918599624,1.137068935,1.1242063671,0.9692666167,1.0932311333
0.7993101325,0.9186043462,1.1373901841,1.12446245,0.9693846365,1.0935276033
0.7994738951,0.9186045561,1.1375539212,1.124474712,0.9695929019,1.093903484
0.7993834165,0.9187079882,1.1378050807,1.1247660245,0.9696100298,1.094254915
0.799409065,0.918668447,1.1380255031,1.1250149109,0.9697857912,1.0945963214
0.7994360741,0.918493812,1.1383307369,1.1253843837,0.9698832095,1.0947977505
0.7993615645,0.9183132062,1.1386477033,1.1257311688,0.9699840344,1.0951739986
0.7994865049,0.9183108961,1.1391058535,1.1258539617,0.9700632044,1.0956693854
0.7995614909,0.9183936429,1.1394422839,1.1259179296,0.9700444768,1.0959924686
0.7997339726,0.918467497,1.1399503363,1.1261491219,0.9699819947,1.0963129661
0.7999346906,0.9185559697,1.1401735038,1.1264649127,0.9699555268,1.0967418328
0.8000638463,0.918643753,1.1405323531,1.1266714788,0.9699728581,1.0971705394
0.8000223013,0.9185729781,1.1409127351,1.1267704975,0.9699838759,1.0975126994
0.8000796405,0.9185602507,1.1411340557,1.1269728012,0.9699981697,1.0979087386
0.7997425553,0.9186633807,1.1414491563,1.1270896967,0.9700457061,1.0983965284
0.79978142,0.9184873922,1.1416122045,1.1273728946,0.9698953553,1.0987164494
0.7998300095,0.918583375,1.141793718,1.1275061313,0.9697462836,1.0990073976
0.7997099632,0.9186888688,1.1421636469,1.1278149841,0.9697745983,1.0994211054
0.7996220037,0.9186868382,1.1423892532,1.127938055,0.9697439378,1.0998649264
0.7996363935,0.9188204907,1.1425519695,1.1280918148,0.9697587197,1.1003031365
0.7997798071,0.918996117,1.1426719648,1.1281264053,0.9695834269,1.1006153074
0.7997767462,0.9189956116,1.1429305408,1.1284149921,0.9696463606,1.10088669
0.7998637049,0.9189449497,1.1430821237,1.128694244,0.9696856228,1.1011103862
0.7999634533,0.91892458,1.1435276771,1.1289187975,0.969564055,1.1014177153
0.8000436565,0.9190430475,1.1438448233,1.1290423239,0.9696352465,1.1018386643
0.8000969051,0.9191766102,1.144086504,1.1292649791,0.9699307178,1.1020580998
0.8000475614,0.9190752716,1.1443265852,1.1293475425,0.9698040885,1.1024003442
0.8002682533,0.919111127,1.1447507602,1.1295775297,0.969706834,1.1027959808
0.8003333309,0.9189961184,1.1450788832,1.1297520493,0.969822087,1.1031055166
0.8003399948,0.919031141,1.1453728715,1.129880166,0.9698192919,1.1034370031
0.8003323555,0.919130905,1.1455782032,1.1300323308,0.9696880359,1.103645841
0.800413434,0.9191482381,1.1459225852,1.1301866777,0.9698550937,1.1038264378
0.8003247205,0.9190913769,1.1462470088,1.1302426351,0.9698572758,1.1040729423
0.8001739585,0.9191298668,1.1465371691,1.1305144221,0.9696326749,1.1043932509
0.8001811781,0.9192493776,1.1468786307,1.1306631967,0.969889127,1.1045313553
0.8002016898,0.9192410625,1.1472461587,1.13080613,0.9698322373,1.1047641818
0.8002382102,0.9192613,1.147498134,1.1309597649,0.9698513533,1.1051120924
0.8001690979,0.9193456785,1.1476577832,1.1312864421,0.9699007798,1.105409788
0.7999633595,0.919466071,1.1478521092,1.1313405114,0.9699876533,1.1058393204
0.7998004642,0.9194978113,1.1481007578,1.1316754215,0.970046687,1.1061074166
0.799853403,0.9195399029,1.1483146555,1.1319560281,0.970292556,1.106452216
0.7998431111,0.9196814153,1.1484628963,1.1319404066,0.9702912111,1.1067598926
0.7999221609,0.9197341007,1.1487079638,1.1320131807,0.9703110937,1.1072208872
0.7998863823,0.9197011207,1.1489080006,1.1321448763,0.9703367133,1.1076194901
0.7998540855,0.9197623513,1.149092973,1.1324186215,0.970405078,1.107906568
0.7997606933,0.9198083481,1.1491768759,1.1326249126,0.9704178394,1.1081051563
0.7995343712,0.9198105672,1.1492719582,1.1328341641,0.9702969042,1.1083444303
0.7995793103,0.9198985412,1.1494802402,1.13297566,0.9702133771,1.1086099402
0.7995731268,0.9200318338,1.1496728848,1.1330722021,0.9702656577,1.1088772881
0.7996265396,0.9201884717,1.1500302807,1.1332422661,0.9703202899,1.1091957029
0.7996527874,0.9202427746,1.1502510341,1.1332100534,0.970586337,1.1094059696
0.7997341933,0.920305545,1.1504999494,1.1331873293,0.9704541689,1.1096958723
0.7995992417,0.9203128338,1.1508219098,1.1332005067,0.9704481375,1.1100212987
0.7994835894,0.9203243179,1.1510477793,1.1334641894,0.9703674574,1.1102086175
0.7995487685,0.9202942383,1.1512996903,1.133657758,0.970381922,1.1104860376
0.799465924,0.9203199164,1.1514818089,1.1338367944,0.9704151793,1.1107593048
0.7994274249,0.9203065733,1.1517201366,1.1339594224,0.9702859708,1.1109541117
0.7993673059,0.9203181302,1.1520363341,1.1341111529,0.9702574734,1.1112356042
0.7992786622,0.9203232753,1.1523893685,1.1341532498,0.9702424645,1.1115025226
0.7990466833,0.9203167367,1.1526159161,1.1340689698,0.9700859734,1.111770356
0.7990822697,0.92025722,1.1528784664,1.1342528377,0.9700916091,1.1120690559
0.7990791116,0.9204479241,1.1530742726,1.1344466279,0.9699655025,1.1124378333
0.7991202015,0.9204834002,1.1532118043,1.1345203687,0.9699260669,1.1126450682
0.7991293992,0.9203843859,1.1535264372,1.1345968017,0.9697696972,1.1129575403
0.7990292002,0.9203484939,1.1536963596,1.1347059241,0.9697408542,1.1131958756
0.7991216681,0.9203352531,1.1540251928,1.1348903534,0.9696567781,1.1135341312
0.7992722514,0.9203110732,1.1541348608,1.1350644341,0.9698731161,1.1138120729
0.7992596119,0.9202187632,1.1542795429,1.1351601632,0.969810514,1.114172651
0.7993432459,0.9202415477,1.1545188001,1.1353201443,0.9698343099,1.1143771072
0.7994416262,0.9203407077,1.154768847,1.1353610041,0.9698007311,1.114627579
0.7995357042,0.9202771214,1.1551211724,1.135421544,0.9698825105,1.1147753407
0.7995154011,0.9203100699,1.1553031581,1.135436689,0.9697964286,1.1150171147
0.7997042623,0.9202853577,1.1555948878,1.135542547,0.9698579635,1.1151596704
0.7995791593,0.9203642873,1.1558150707,1.1356788619,0.9698282321,1.115394046
0.7995224514,0.9203443698,1.1561055144,1.1357453793,0.9699664325,1.115634083
0.7995072034,0.920293437,1.1562622909,1.1357505986,0.9698305155,1.1157776801
0.7994046335,0.9202556901,1.1565274043,1.1360798387,0.9698014845,1.1160830787
0.7995134077,0.9202066611,1.1567395692,1.1361541065,0.9698376214,1.1163557198
0.7994155794,0.9202530799,1.1570460572,1.1362335608,0.9698021419,1.116579717
0.7993663447,0.9202756711,1.1571703957,1.1362877601,0.9696258799,1.1168053687
0.7995501401,0.9203621441,1.1573459294,1.1364929399,0.9697555318,1.1171429454
0.7995372935,0.9202720193,1.1574581928,1.1366620796,0.9698309765,1.117334042
0.799723902,0.9203323638,1.1576272908,1.1368104232,0.9698743278,1.1175513752
0.7996947845,0.9204537102,1.1578500984,1.1369773422,0.9699592737,1.1177652973
0.7998566927,0.9202957885,1.1579813088,1.1370515831,0.9699621872,1.1179186603
0.7997533125,0.9203478753,1.1581423038,1.1370402942,0.9700331616,1.1182174901
0.7996724166,0.9204260979,1.1583058184,1.1372301561,0.9701225962,1.1184472534
0.7996838078,0.9205317096,1.1585443734,1.1373278995,0.9701706442,1.1186050321
0.7997637503,0.920484173,1.1587535202,1.1374770836,0.9701543243,1.1188078009
0.7995108792,0.9204973579,1.1589672379,1.137583672,0.9701987507,1.1190305845
0.7995679495,0.920400978,1.1590738495,1.1377401404,0.9702724137,1.1192819732
0.7996923339,0.9204326322,1.159299852,1.1378472282,0.9701987306,1.1195037694
0.7996621841,0.9204945627,1.1595047485,1.1379898788,0.970128837,1.1196564238
0.7996828523,0.9205272745,1.159717581,1.1380639426,0.970074497,1.1197753754
0.7996788541,0.9204450014,1.1599094735,1.1382295353,0.9700538596,1.1199777297
0.7997243798,0.9204625184,1.16021522,1.1382618543,0.970180798,1.1202129572
0.7995843832,0.9204744263,1.1603556487,1.1386150314,0.9702583474,1.1203908195
0.7996647552,0.9204173371,1.1605055445,1.138593822,0.9702604769,1.1206613886
0.7997385903,0.920376808,1.1606645855,1.1387811805,0.9702799591,1.1208914315
0.7998117366,0.9203453177,1.1608525805,1.1389094278,0.9702941999,1.1210074977
0.799704908,0.920216798,1.1610887804,1.1389904092,0.9703345299,1.1212494543
0.7997572684,0.9201908704,1.1614008617,1.1389906156,0.9702679841,1.1215095734
0.7997870042,0.9201912633,1.1616075344,1.1390948014,0.9702858559,1.1218421708
0.7997225395,0.9202269872,1.1618353308,1.1392554965,0.9702773625,1.1221590232
0.7997738995,0.9202048307,1.1619727169,1.1393687979,0.9702334515,1.1223231659
0.79969771,0.9202065178,1.1622190244,1.1395042015,0.970164762,1.1224534771
0.7998479957,0.9201269934,1.1623250693,1.1395380315,0.9702863128,1.1226783555
0.7998594848,0.9201685511,1.1624905124,1.1396064253,0.9702128331,1.1228940034
0.7998695498,0.9201548807,1.1625982077,1.1397353636,0.9701399305,1.123128198
0.7997392199,0.9201472295,1.1626569605,1.1398277891,0.9701997386,1.1233923713
0.7998520381,0.9200499627,1.1628103329,1.1399877111,0.9701928439,1.1236462856
0.7998979238,0.9200017553,1.1627809669,1.1401956922,0.970198504,1.1238742186
0.7999124435,0.9200782583,1.1629018307,1.1403098807,0.9702908836,1.1240342434
0.799790401,0.9202147473,1.1630559064,1.140546318,0.9702699311,1.1242489406
0.7997598949,0.92017027,1.1631432905,1.1407616655,0.9702252484,1.1243803181
0.7997549939,0.9202617258,1.1633032546,1.1407793498,0.9701962686,1.1245814674
0.7998223955,0.9203027261,1.1634932778,1.1410296368,0.970226932,1.124830448
0.7997964266,0.9201931979,1.163575935,1.1411345433,0.9702003758,1.1249755214
0.7997637614,0.9202204038,1.1637324622,1.1413636711,0.9699969517,1.12513035
0.799683299,0.9202515304,1.1638786968,1.1413853383,0.9701550482,1.1252533653
0.7997256546,0.9201852402,1.16392952,1.1415275323,0.9700880955,1.1254862915
0.7997874419,0.9201527374,1.1640428797,1.1415405268,0.9702424717,1.1256081221
0.7997833909,0.9201778089,1.1641821077,1.1416124361,0.9702398179,1.1258789256
0.7998319037,0.9201767097,1.1643348666,1.1416545257,0.9701262606,1.1261303455
0.7997834263,0.9202594447,1.1645759442,1.1417389075,0.9701366439,1.1263926725
0.799758838,0.9203177694,1.1646702591,1.1418623402,0.9701030903,1.1265997524
0.799743807,0.9203575636,1.1647742201,1.1419906423,0.9702235856,1.1268478547
0.7998957662,0.9203365707,1.1649168599,1.1420222437,0.9702226029,1.1271386433
0.7997304929,0.9203872659,1.165106148,1.142173664,0.9700906232,1.1273932337
0.7997675233,0.9204358346,1.1652909163,1.1422815495,0.9701010872,1.1275612519
0.7997658524,0.9204354618,1.1655107923,1.1423947357,0.9701033192,1.1277175642
0.7996197093,0.9204885306,1.1656990467,1.1424632593,0.9700935237,1.1279176748
0.7997538753,0.9204722507,1.1658060448,1.1425013535,0.9701100321,1.1280661687
0.7997540227,0.9204400327,1.1659356968,1.1425906634,0.9701141958,1.1282799796
0.7999463613,0.9204660809,1.1661252325,1.1427532233,0.9701563748,1.1284053993
0.7999477713,0.9205292573,1.1661493356,1.1427397425,0.9700346038,1.128558677
0.7999341295,0.9205102857,1.1662292452,1.1428898145,0.9700566321,1.1287240066
0.799831823,0.9205032425,1.1664088549,1.1429837381,0.9701630137,1.1288368944
0.7998120706,0.9205157594,1.1665418128,1.1430608584,0.9702506585,1.1290808449
0.7997351051,0.9205142999,1.1666193633,1.1431465895,0.9702502488,1.1293668409
0.7998879764,0.9204535826,1.1667602084,1.1431984529,0.9702169664,1.1295434329
0.7998412682,0.9203475274,1.1668721567,1.1432964904,0.970316824,1.1297074408
0.7998423338,0.9204399695,1.1670266419,1.1433798344,0.9702490783,1.1299079238
0.7998018634,0.9205251745,1.1671418708,1.1434537434,0.9702043816,1.1300927019
0.7998817864,0.9205350055,1.1672716522,1.143620394,0.9702308586,1.1302551021
0.7998943865,0.9205354396,1.1673929247,1.1436343989,0.9701398581,1.1303903383
0.7998524063,0.920624569,1.1676059579,1.1438081589,0.970270807,1.130528078
0.7998828861,0.9206823356,1.1677545161,1.1438991742,0.9702370122,1.130755043
0.7997648459,0.9206428359,1.1677419834,1.1441257983,0.9701840888,1.1308885694
0.7995602178,0.9206851771,1.1678326683,1.1442878049,0.9703369828,1.1309979186
0.7995247825,0.9207363626,1.1681243319,1.144458839,0.9703364625,1.1311901029
0.7996091489,0.9207707297,1.1683621135,1.1444802544,0.9704346345,1.1313116846
0.7997927632,0.9208375903,1.1684982568,1.1445904751,0.970481145,1.1314886044
0.7997885298,0.9209455648,1.1686370159,1.1446856529,0.9704377432,1.1316736575
0.7997310393,0.9208854676,1.1688357746,1.1447811019,0.9704056497,1.1319164651
0.7996329491,0.9208898773,1.1689278174,1.1448446214,0.9704680312,1.1321308303
0.7997348703,0.9208887297,1.1690996887,1.1449574014,0.9703822105,1.1322888129
0.7996312964,0.9209248343,1.1692226416,1.1451116382,0.9703294668,1.132394566
0.7995668107,0.9209204061,1.1693376104,1.1451547807,0.9703511628,1.1325126703
0.7997991335,0.9209751322,1.1693873348,1.1453932005,0.9704459106,1.1326786596
0.7997788577,0.9209493572,1.1695601158,1.1455541065,0.970498137,1.1327845665
0.7999215693,0.9209931763,1.1697642711,1.1456897042,0.9705221057,1.1330044828
0.8000565628,0.9209452046,1.1698020217,1.1457532387,0.9706128246,1.1332486648
0.8000006009,0.9210150026,1.1699655835,1.1458362924,0.970682888,1.1333316002
0.7999130594,0.9209751398,1.1699819523,1.1460303352,0.9708139692,1.1334614651
0.7998811671,0.9209773102,1.170051307,1.1460143091,0.9708592975,1.1335772308
0.7997028154,0.9210482292,1.1701034959,1.1461163533,0.9707953602,1.1336910582
0.7996739035,0.9210767991,1.1702000938,1.1462463254,0.9708036287,1.1338560058
0.7996753225,0.9211111733,1.1701839779,1.1463577082,0.9708333183,1.1339703521
0.7996651514,0.9210400999,1.1704797463,1.1465125371,0.9708649519,1.134098551
0.7996944073,0.9210509548,1.1705981427,1.1466495505,0.9709176751,1.1343343876
0.7998253354,0.9210308535,1.1708137358,1.1468043591,0.9708967284,1.1345498021
0.799931841,0.9210903496,1.1709933488,1.1469362165,0.9709160889,1.1347878987
0.7997962074,0.9211006135,1.1712009886,1.1470873932,0.9707848262,1.1348944046
0.79968854,0.921072851,1.1713144352,1.1471905597,0.9707735591,1.1350295239
0.7996897948,0.921164182,1.1713851924,1.1472871176,0.9707947266,1.1351464372
0.7997670799,0.9211482685,1.1714611693,1.1474086723,0.9708383901,1.1353337897
0.7998420128,0.9210916216,1.1715423618,1.1474759851,0.9708029179,1.1354993542
0.7997212211,0.9211115869,1.171716659,1.1474526067,0.9708085834,1.1357277065
0.7997954885,0.9211838738,1.171932203,1.1475994428,0.9708708774,1.1358540287
0.7997493287,0.921263238,1.1721273886,1.1477041441,0.970891972,1.1359795212
0.7997015112,0.9213489839,1.1723040619,1.1477832485,0.9708379894,1.1362092274
0.799606405,0.9212944673,1.1724408654,1.1478430347,0.9708447106,1.1364375164
0.7996497653,0.9212524238,1.1725624421,1.1480103429,0.9707559491,1.136594179
0.7996448556,0.9212406269,1.1725847544,1.1480613104,0.9707711226,1.136727286
0.7997176045,0.9212894363,1.1727048789,1.148098681,0.9707503225,1.1368323703
0.7998193222,0.9213637208,1.1728527623,1.1480782381,0.9708241974,1.1369499246
0.799894682,0.9212855682,1.1729501811,1.1481672697,0.9709103928,1.137134024
0.7999390092,0.9213089984,1.1730570027,1.1481836508,0.9708713624,1.1372936639
0.799947505,0.9212709341,1.1731906655,1.1483036756,0.9709598112,1.1374120995
0.7999402719,0.921241057,1.1732061394,1.1483282743,0.9709663834,1.1375442788
0.7999952064,0.921194585,1.1733506757,1.1483612546,0.9709510991,1.1376481711
0.8000050002,0.9212086973,1.1734512998,1.1484086956,0.9708991108,1.1378005057
0.7999961789,0.9211919421,1.173618553,1.1485338792,0.9708749358,1.1379734282
0.8001524816,0.9211681185,1.173703214,1.1485682403,0.9709520722,1.1380883321
0.8001596619,0.9211454976,1.1737385172,1.1486411606,0.9709960767,1.1382274441
0.7999863679,0.9211470077,1.1739376309,1.1486699562,0.9710695152,1.1383478466
0.7999524608,0.921193435,1.1741377433,1.1488794496,0.9711139937,1.1384498066
0.8000587235,0.9211977396,1.1742430673,1.1490371036,0.9710148247,1.1385556135
0.8001035805,0.9211789645,1.1743404549,1.1490926465,0.9710594379,1.1386802575
0.8001140497,0.9211409493,1.1744550804,1.149215602,0.9710926174,1.1387987228
0.8001472722,0.9211853482,1.1746112881,1.1493489482,0.9710588996,1.138878647
0.8000572334,0.9212616949,1.1745677267,1.1494821661,0.9710601164,1.1390474765
0.7999988488,0.9212115689,1.1746743864,1.1495346227,0.9710665645,1.1392951107
0.8000552889,0.9212077598,1.1747187533,1.1496004527,0.9710960792,1.1393923506
0.8000097443,0.9212338174,1.1748645733,1.1496885757,0.9710500497,1.1394689921
0.8000363658,0.9211353076,1.1749601656,1.1498149521,0.9710132907,1.1396091415
0.8000862558,0.9211232431,1.1750077952,1.1499388578,0.9709176547,1.1397170425
0.8000634564,0.9212144792,1.1750103002,1.1499526284,0.9709304982,1.1398233134
0.7999583223,0.9212470398,1.1751677531,1.1499668476,0.9709216936,1.1399364551
0.7998754654,0.9212215889,1.1752480719,1.150005316,0.9708890393,1.1400605787
0.7999016077,0.9213232476,1.1753541724,1.150080027,0.9709553203,1.140216147
0.7997624072,0.9214362372,1.1754147513,1.1501702992,0.9709893266,1.140264636
0.799773287,0.921434413,1.1755350852,1.1501731688,0.9709701323,1.1404124012
0.7997862838,0.9214714744,1.1756643574,1.1502993157,0.971014639,1.1405122164
0.7998124955,0.9214990659,1.1757196373,1.150400306,0.97097317,1.1406511325
0.7998392707,0.9214992171,1.1758224221,1.1504996129,0.9709260717,1.1408144076
0.7998359073,0.9214828206,1.1758771592,1.1505701714,0.9709404747,1.1408970561
0.7998052902,0.9215628206,1.1759850735,1.1507050114,0.9709369383,1.1409674637
0.7998938885,0.9216269766,1.1760693523,1.1507889996,0.9709218121,1.1411471893
0.7997453747,0.9216355956,1.1761454001,1.1509143806,0.9710083926,1.1412546514
0.7996626085,0.9217044816,1.1762134987,1.1509431936,0.9709330499,1.1413783587
0.7996478985,0.9216704264,1.1764181809,1.1510290434,0.9709515427,1.1415601528
0.7996223761,0.9216953359,1.1765102722,1.1511249786,0.9709222933,1.1416946741
0.7996045998,0.9216902746,1.1767007055,1.1511887513,0.9709132051,1.1417465072
0.7996312228,0.9216821298,1.1767912367,1.1513164958,0.970859668,1.1417506175
0.7996186691,0.9216591779,1.1769726743,1.1513498566,0.9707955433,1.1419136135
0.7995590613,0.9216317918,1.1771567174,1.1513541744,0.9707232465,1.1420773028
0.7995202235,0.9216397732,1.1772591921,1.1514488288,0.9708067595,1.1422090797
0.7995484918,0.9216924719,1.1774195622,1.1514807305,0.9707724105,1.1423033923
0.7995361278,0.921755366,1.1774404972,1.1516349831,0.970804725,1.1423453795
0.7995374815,0.921834329,1.1775659504,1.1516282459,0.9709148165,1.1424590648
0.7995542294,0.9218157659,1.1776903486,1.1517122678,0.9708361518,1.1425206828
0.7995112034,0.9217891894,1.1777983339,1.1517223596,0.9708557493,1.1426571228
0.7994067696,0.9217871923,1.177870171,1.1517132207,0.9708570028,1.1427726729
0.7993665285,0.9217221981,1.1779900924,1.151742361,0.9709411078,1.1428227477
0.7994001663,0.9217578948,1.1781138022,1.1518440075,0.9708828383,1.1429289231
0.7994138443,0.9217928113,1.1781928299,1.1519351552,0.9708625876,1.1430474871
0.7993783878,0.921767416,1.1783263413,1.1519751375,0.9708253535,1.1431665501
0.7994730033,0.9217783072,1.17840713,1.1520614334,0.9708868877,1.143266823
0.7995893843,0.9218007806,1.1785030236,1.1521840792,0.9709561218,1.143406499
0.7995010742,0.9217945091,1.1785375774,1.152298288,0.9709413276,1.1434662014
0.7995802185,0.9217528606,1.1786184007,1.1524351637,0.9708961465,1.1435201505
0.7996559484,0.9218526584,1.178698618,1.1525127014,0.9708995844,1.1436506203
0.7996821932,0.9218261466,1.1788596394,1.1526200431,0.9709189306,1.1437295975
0.7996526778,0.9218344628,1.1789968006,1.1526773381,0.9708767419,1.1438465535
0.7996323225,0.9217834682,1.1790378614,1.152753173,0.970830447,1.1439006223
0.7996580776,0.9218323002,1.1791070382,1.1529043627,0.9708378705,1.1440000054
0.7996933529,0.921799481,1.1791855588,1.1529462336,0.9707643319,1.1440320525
0.7997589309,0.9217348773,1.1793988558,1.1530068149,0.9707211104,1.1441050384
0.7998349935,0.9217616626,1.1794593571,1.1529711568,0.9707437527,1.1442312812
0.7998555531,0.9217855165,1.1795712484,1.1530678781,0.9706938547,1.1443472225
0.7997881943,0.9217746559,1.1797119951,1.1531724546,0.9705957343,1.1445033056
0.799726735,0.9217948952,1.1797687751,1.1532394515,0.9706154827,1.1446941379
0.7997303508,0.9217424198,1.1799269766,1.1532567564,0.970566872,1.1448326749
0.7998014606,0.9217650266,1.1799949154,1.1533269727,0.9706156275,1.1449449745
0.7997312367,0.9217004693,1.1800221452,1.1534238506,0.9705990285,1.1450393393
0.7997849003,0.921677795,1.1801189869,1.153472289,0.9705555359,1.1451477668
0.7996652031,0.921669198,1.1801526059,1.1535030357,0.970529942,1.1452490943
0.7996658829,0.9217405454,1.1802302447,1.1536918948,0.9705018621,1.1453413887
0.7997548143,0.9217168296,1.1803053302,1.1537569189,0.9705081712,1.1454132559
0.7998797686,0.9217781643,1.1804274111,1.1538069658,0.9705238923,1.1455634447
0.7999017523,0.9218146925,1.1805138314,1.1538604274,0.9705978746,1.1455947522
0.7998604183,0.9217917718,1.1806523434,1.1539242383,0.9705334459,1.1457572984
0.7999251225,0.9216902574,1.1807140193,1.1539644334,0.9705417164,1.1458902926
0.7998243594,0.9216214788,1.1807001074,1.1540864223,0.9705282556,1.1459754594
0.7999502944,0.9215887767,1.1807336792,1.1541379787,0.9704221994,1.1460915554
0.7999895859,0.9215495356,1.1808412354,1.1542187003,0.9703818567,1.1462494391
0.8000729533,0.9215348503,1.1809590618,1.1543116484,0.9702732402,1.1463129273
0.8001360499,0.9216059098,1.1810573629,1.1543095662,0.9702587144,1.1463908969
0.8001711905,0.9216230457,1.1811155296,1.1543204533,0.9702337008,1.1464721775
0.7999420207,0.9216502682,1.1811690271,1.1543840458,0.9702961654,1.1466360443
0.7999251761,0.921724737,1.1812051754,1.1544520148,0.9702374371,1.1467438625
0.7999418906,0.9218369728,1.1812533404,1.1544953904,0.9702225681,1.1467826505
0.7998954135,0.921825479,1.181347937,1.1545914141,0.9701967685,1.1468936361
0.7999456543,0.9217857804,1.1815217396,1.1546486905,0.9701728714,1.1469876551
0.7999088379,0.9218095566,1.1815842352,1.1546914924,0.9700936463,1.1471152891
0.799965873,0.9217849932,1.181671527,1.1546535472,0.9701497956,1.1472015417
0.7999579693,0.9218180131,1.1817403475,1.1547089398,0.9700677695,1.1473044986
0.7998750244,0.9218744084,1.1818279868,1.1547834257,0.9700566071,1.1473690676
0.7998270101,0.9218767452,1.1819200567,1.1547903781,0.9701203929,1.147472696
0.7998104568,0.9218975883,1.182035014,1.1548112107,0.9700316882,1.1476049645
0.7997752917,0.9219175603,1.1821802421,1.1548726329,0.9700468729,1.1476666435
0.7997014737,0.9218983033,1.1822259559,1.1549232342,0.9699845972,1.1476657346
0.7997447732,0.9219048147,1.1822497963,1.1550434547,0.9699679408,1.147808752
0.7997970487,0.9218749442,1.1823337822,1.1550065785,0.9699889127,1.1478922261
0.7997955185,0.9219201546,1.182460131,1.1551680086,0.9700358799,1.1479840344
0.7997234376,0.9219209418,1.1824580927,1.1552497397,0.9700395214,1.148072168
0.7997065975,0.9219574655,1.182561807,1.1553508882,0.9699965364,1.1481613561
0.7996157611,0.9219532089,1.1826379354,1.1554232689,0.9699549614,1.1482205022
0.7995370538,0.9219797716,1.1826928516,1.1555278228,0.9699436801,1.1482517985
0.7993945276,0.9219810226,1.1827371918,1.1556082224,0.9699688195,1.1483510656
0.79944395,0.9219616841,1.1828057158,1.1556478365,0.9700045214,1.1484497511
0.799488978,0.921974799,1.1828201762,1.155678385,0.9700481928,1.1485307624
0.7994387655,0.9219221147,1.1828597673,1.1557289367,0.9701178161,1.1486632699
0.7994039368,0.9218933862,1.1828394101,1.1557904488,0.9701848871,1.1487065097
0.7993821954,0.9219447715,1.1829728827,1.1558103772,0.9701469014,1.1488203319
0.7994126889,0.9219586188,1.1830317026,1.1559589574,0.9701454516,1.148914831
0.7993866765,0.921977816,1.1830077477,1.1559897548,0.9702467295,1.1491265571
0.799381568,0.9220265054,1.1829996207,1.1560664451,0.9702904982,1.1492001199
0.7994138769,0.9220027056,1.1830164382,1.1561553193,0.9702903481,1.1493451865
0.7993658694,0.9219448712,1.1830295065,1.1562007996,0.9702872602,1.1494274677
0.7993304747,0.9219687234,1.1831649182,1.1563064327,0.9702854179,1.1495090485
0.7993640162,0.9219343901,1.1831771426,1.1563446635,0.9702316774,1.1496403399
0.7993489945,0.9219185373,1.183259379,1.1564331116,0.9701999705,1.149735615
0.7991661442,0.9219517867,1.1834051673,1.1564959166,0.9701478994,1.1499168688
0.7991891581,0.9219448027,1.1834919825,1.1565107286,0.9701857824,1.1500206984
0.7992038208,0.9219085319,1.1836402353,1.1565865737,0.9702543881,1.1501147329
0.7992342986,0.9218936024,1.1837091913,1.1566183684,0.9703159888,1.1502494436
0.7991741922,0.9219419972,1.1837496745,1.1567236449,0.970325458,1.150279011
0.799155398,0.9219123208,1.1839113502,1.1567965608,0.9702642427,1.1503845412
0.799094413,0.9219394738,1.1839698977,1.1569019485,0.9702519972,1.150503589
0.7991198485,0.9219223002,1.184093606,1.1569631164,0.9702303645,1.1505769339
0.7990964974,0.921971075,1.1841222561,1.1569832325,0.9702283191,1.1507413769
0.7991042315,0.9219742666,1.1841731438,1.1571350738,0.9702309345,1.150818761
0.7991871981,0.9219013011,1.1841694344,1.1571779793,0.9702644517,1.1509335334
0.7991875686,0.9219566777,1.1842150574,1.1572036717,0.9702551545,1.1510485129
0.799230323,0.9219505293,1.1843345255,1.1573040536,0.9702201583,1.1511495672
0.7992593806,0.9220111739,1.1843749175,1.1573826225,0.9701916868,1.1512490484
0.7993028212,0.9220788578,1.1844737456,1.1574224108,0.9701572408,1.1513959541
0.799250657,0.9220899744,1.184614246,1.1574771297,0.9700929994,1.1514605135
0.7992512633,0.92208338,1.1846940006,1.1575307942,0.970111803,1.1515426956
0.7992809559,0.9221249962,1.1847537621,1.1575909417,0.9701102278,1.1516161417
0.7992691967,0.9221717557,1.1849151597,1.1576860878,0.9700892722,1.1516504323
0.7993805807,0.9221991681,1.1849819763,1.1577803367,0.97010979,1.1516931346
0.7994308502,0.9222566682,1.185067679,1.1578316312,0.9701369338,1.1517965821
0.7994546603,0.9222426646,1.1851954515,1.1578783917,0.9700520956,1.1519254616
0.7995195393,0.922249742,1.1853013974,1.157937565,0.9700786742,1.1519722863
0.7995542075,0.9222451293,1.1853183741,1.15794915,0.9701149582,1.1520791838
0.799603817,0.9222174487,1.1854655961,1.157992334,0.970125036,1.1522185196
0.7996009566,0.9222781341,1.1855241618,1.1580654467,0.9701727133,1.152221268
0.7996580724,0.9223054333,1.1856252107,1.1581261598,0.9702499381,1.1523127311
0.7996942994,0.922322334,1.1856300822,1.1582012724,0.9702600004,1.1524731291
0.7997320578,0.9222741914,1.1856401584,1.1582603037,0.9702314191,1.1525213553
0.799773131,0.9222224622,1.1856657121,1.1583332289,0.9702558755,1.1525606563
0.7997343312,0.9222106637,1.1857259781,1.1583874796,0.9702326769,1.1526264073
0.7998332149,0.9222023871,1.1857723489,1.1583809072,0.970227674,1.1527544635
0.7998542319,0.9222286864,1.1858559378,1.1584091289,0.9701790708,1.1528287561
0.7997962558,0.9222208904,1.185907836,1.1584473338,0.9701737571,1.1529268978
0.7998112947,0.9221908778,1.1859482913,1.1584988085,0.970115918,1.1530517734
0.7997760994,0.9221889687,1.1860203808,1.158625939,0.9700974395,1.1531292954
0.7997584172,0.9221924288,1.1861090306,1.1586907903,0.9700166647,1.1531905775
0.7997463747,0.9221587019,1.1861363693,1.158827688,0.970070704,1.1532429282
0.7997510153,0.9221731851,1.1862000964,1.158838259,0.970094638,1.1533245954
0.7997269339,0.9221141022,1.1863066263,1.1588050596,0.970134382,1.1533795483
0.7997434448,0.9221200271,1.1863964192,1.1589317171,0.9701758688,1.1534928803
0.7997965835,0.9221415216,1.1865005362,1.1589800432,0.9701081524,1.1535705346
0.7997835312,0.9221181923,1.1865796629,1.1589573873,0.9700745287,1.1536561757
0.799760931,0.9221670377,1.1866215645,1.1589961694,0.9700206067,1.1537396712
0.7997342344,0.922144762,1.186661399,1.1590388167,0.9699674388,1.1538414746
0.7996715496,0.9222208106,1.1866998767,1.1590814044,0.9699747349,1.153884236
0.7996152847,0.9222181122,1.1868514443,1.1591487826,0.9699744603,1.1539688521
0.7996404182,0.9221986081,1.1869510181,1.1592987794,0.9699865295,1.1540762853
0.7996280236,0.9222172718,1.1870587363,1.1593915829,0.9700148242,1.154135568
0.7996447372,0.9221545675,1.1871570051,1.1594871614,0.9700694217,1.1542396142
0.7996188705,0.9221860478,1.1872432342,1.1595470126,0.9700447051,1.1543154965
0.7996860212,0.9221990532,1.1873139816,1.1596283751,0.9700269607,1.1544384768
0.7996572917,0.922197524,1.187423191,1.1597107045,0.9700384062,1.1544920314
0.7996545084,0.9221892019,1.1874681728,1.159787464,0.9699808476,1.1545896109
0.7997439372,0.9221702323,1.1875301596,1.1598775021,0.9699520777,1.1546559736
0.7997386416,0.9221508905,1.187579769,1.1599093138,0.9698968763,1.1547307051
0.7997317738,0.9221606473,1.187694251,1.1599232618,0.9698743265,1.1547791835
0.7998151473,0.9221028336,1.1877116242,1.1600354835,0.9699468669,1.1548579023
0.7997820935,0.9220349706,1.187773707,1.160086146,0.9699695474,1.1550052468
0.7998272552,0.9220488269,1.1878514634,1.1601087883,0.9699133661,1.1551232623
0.7998519851,0.9220264745,1.1878749188,1.1602326221,0.9698852575,1.1552199523
0.7998855937,0.9220330897,1.187997814,1.1602864208,0.9698715445,1.1553647982
0.7998812601,0.9220234079,1.1880047894,1.1604058426,0.9698356915,1.1554206519
0.7999370877,0.9220212229,1.1880733455,1.1603768405,0.9698265292,1.1554971796
0.7999346684,0.922042181,1.1881469241,1.1604282172,0.9698164057,1.1555730921
0.7999340431,0.9220840194,1.1882316525,1.1604034463,0.9697440461,1.1556254836
0.7999052226,0.922121913,1.1883480648,1.1604961075,0.9697920341,1.1557242163
0.8000028981,0.9221395326,1.1883901064,1.1605345015,0.9697818757,1.1557504457
0.800007835,0.9221104916,1.1883924814,1.1605761185,0.9697778499,1.1558341514
0.7999330085,0.9220679027,1.1884590344,1.1606360873,0.9696660699,1.1559192135
0.7999993357,0.9220676613,1.1884942092,1.1607011506,0.9696621351,1.1559935458
0.799970587,0.9220994957,1.1885170563,1.1607486489,0.9696682343,1.1560554303
0.8000254842,0.9220738286,1.1885379332,1.1608324144,0.9697339555,1.1561277424
0.7999647678,0.9220534895,1.1885677929,1.1608695002,0.9696885022,1.1562209261
0.799925164,0.9220496127,1.1886908092,1.1609450204,0.9696737792,1.1563009487
0.799928829,0.9220450556,1.1887405162,1.1610446234,0.9696800738,1.1563981191
0.7999168139,0.922019222,1.1887839161,1.1610986074,0.9696993133,1.1564911188
0.7998960363,0.9220132428,1.1888189316,1.16116683,0.9696802314,1.1565264214
0.799901171,0.9220216064,1.1889181568,1.161277522,0.969673441,1.1565883479
0.7999747892,0.9220259599,1.1890392861,1.1613273254,0.969709398,1.1566577562
0.7999728991,0.9220436678,1.1891389568,1.1613208542,0.9697692934,1.1567413616
0.7999710745,0.9220831512,1.1892283798,1.1613261843,0.9697688595,1.1568202078
0.8001415699,0.9220517557,1.1892676217,1.1614119517,0.9697445781,1.1569169401
0.8001228244,0.922064013,1.1893499279,1.1614865829,0.969753627,1.1569594345
0.8001190507,0.9220442469,1.1894336376,1.161576026,0.9697254355,1.1570778467
0.8001990819,0.9220995273,1.1895096855,1.1616507427,0.9697441993,1.157154691
0.8001972298,0.9221057172,1.1896017474,1.1617197365,0.9696109237,1.1572146269
0.8002169816,0.9220758154,1.1897015806,1.1617831063,0.9695745595,1.1572936216
0.8002390182,0.9221021061,1.1897781174,1.1618344218,0.9695802947,1.1573421649
0.800283392,0.9220664964,1.1897881135,1.1619404285,0.9695801979,1.1574033407
0.8002144509,0.9220814466,1.1899177033,1.1619808239,0.969551448,1.1575282763
0.8003040251,0.92213398,1.1900438087,1.1620340012,0.9695176222,1.1575879007
0.8003636217,0.9221815781,1.1901165008,1.1620352893,0.9694723564,1.1576058868
0.8003625728,0.9221870303,1.1901035332,1.1620222302,0.9694401669,1.1577313743
0.8003745465,0.9221597724,1.1901766088,1.162127714,0.9694162178,1.1577931672
0.8003705534,0.9221346202,1.1902110674,1.1621601154,0.9694410289,1.1578616406
0.8003668694,0.9222189714,1.1902360748,1.1622569397,0.9695322351,1.157989529
0.8004989909,0.9222170279,1.1902970271,1.1622916627,0.9695109837,1.157989644
0.8004811558,0.9221943957,1.1903325208,1.162318166,0.9694497617,1.1580210954
0.8004460417,0.9222168552,1.1904657377,1.1624259585,0.9693652633,1.1580643811
0.800458005,0.9221792972,1.1904834369,1.1624425383,0.9693510659,1.1581471119
0.8004900208,0.9222275395,1.1905507381,1.1624970655,0.9694431074,1.1582448245
0.8005153615,0.9222103405,1.1905979216,1.1625970226,0.9693583358,1.1583275699
0.8004599304,0.9222236666,1.1906600247,1.1626139785,0.969360013,1.1583686943
0.8005350794,0.922209323,1.1906938209,1.1626888646,0.9694066325,1.1584527975
0.8005191834,0.922193896,1.1907952327,1.1627359912,0.9693680271,1.1585263684
0.800515799,0.9221630501,1.1908888967,1.162744221,0.9693177595,1.1586044874
0.8004097684,0.9221996543,1.1909504426,1.162754755,0.9694098565,1.1586323489
0.8004646741,0.9222016639,1.1909972192,1.1628424764,0.96942936,1.1586535577
0.8004836234,0.922193726,1.1910468325,1.1629111847,0.9694652292,1.1586940502
0.8004948715,0.9221523077,1.1911152714,1.1629794759,0.9694345253,1.1587184146
0.8004576811,0.9221442114,1.1911604973,1.1629861247,0.969489378,1.1587590328
0.8004183109,0.9221203702,1.1912593346,1.1630047457,0.9694975857,1.1588498007
0.8003758151,0.9221344202,1.1913256613,1.1630353453,0.9694572653,1.1588924185
0.800344681,0.922153161,1.1913467583,1.1630518293,0.9694979592,1.158970524
0.8003481621,0.9221442144,1.1913884906,1.163076229,0.9694958955,1.1590436649
0.8003759285,0.9220650501,1.1913927391,1.1631025272,0.9695448894,1.1591379957
0.8003666423,0.9221000793,1.1915517289,1.1631370921,0.9695545846,1.1592105114
0.8003546643,0.9220880657,1.1916400876,1.1631470316,0.9695796643,1.1592562573
0.8003657915,0.9220707125,1.1916639078,1.163194558,0.9695321004,1.1593476851
0.8004067724,0.9220927832,1.1917186305,1.1632245438,0.9694971703,1.1593854833
0.8003639088,0.9221162713,1.1918283506,1.1633032248,0.9694928071,1.1594540077
0.8003935342,0.9220984665,1.1918608941,1.1633566478,0.9694732204,1.1595375955
0.8004340677,0.9220914156,1.1919118137,1.1633695618,0.969380967,1.1595927752
0.8004482468,0.9220463533,1.1919579867,1.1633703773,0.9694040512,1.1596177812
0.8004380689,0.9220871973,1.1919788554,1.1633437818,0.9693762022,1.1596920496
0.8003992017,0.9220881989,1.1920460371,1.1633769635,0.969329951,1.1598114514
0.8003732354,0.922098089,1.1921272074,1.1634246152,0.969360188,1.1598776346
0.8003134811,0.9220970024,1.192200359,1.1634747689,0.969326117,1.1599420406
0.8003017312,0.9221104242,1.1922638172,1.1635527091,0.9693065407,1.1600262379
0.8003429238,0.9221354174,1.1923316054,1.163613131,0.9692552489,1.1601063509
0.8003639363,0.9221037435,1.1923644465,1.1636886211,0.9692946462,1.1601339767
0.8003258718,0.9221107709,1.1924838998,1.1637128376,0.9692811382,1.1601695719
0.8003173609,0.922164924,1.1925268897,1.163715252,0.969275212,1.1602427111
0.8003339966,0.9221748926,1.1925704213,1.1637251778,0.9692643509,1.1603497617
0.8003809783,0.9221770086,1.1926343833,1.1638105086,0.9692282646,1.1604122641
0.8002910687,0.9222245061,1.1926718077,1.1638489388,0.969244653,1.1605095638
0.8002894362,0.9222455144,1.1927185695,1.1638718803,0.9691991425,1.1605850308
0.8002739492,0.9222408908,1.1927778437,1.1638560699,0.9692103398,1.1606697446
0.8002544871,0.9222599266,1.1928522114,1.1638945997,0.9692132656,1.1607037641
0.8002315641,0.9222760145,1.1929121662,1.163981325,0.9691956052,1.1607737003
0.8001867045,0.9222735715,1.1929786317,1.1640326324,0.9691652115,1.1608059403
0.8001087437,0.9222827128,1.192996092,1.1641098643,0.9692249401,1.1608186615
0.8000664648,0.922311723,1.1930651515,1.1641800451,0.9692639541,1.1609044308
0.8000267318,0.922336459,1.1931172672,1.1641923743,0.9692436433,1.1609567682
0.8000493411,0.9223425216,1.1931545546,1.164265672,0.9692053678,1.1610283568
0.8000528448,0.9223217696,1.1932408939,1.1642652828,0.9691852878,1.1611151226
0.8000941676,0.9223922777,1.1933253831,1.1642609195,0.9691792712,1.1611809717
0.800121191,0.9223670794,1.1933446051,1.164334579,0.9691948326,1.1612199157
0.8001285534,0.922369181,1.1933711161,1.164372713,0.969213825,1.1612357864
0.8001657674,0.9223499076,1.1934455486,1.1644180731,0.9692068029,1.1612440563
0.8001172293,0.9223440967,1.1934986934,1.164444753,0.9692349726,1.1613102813
0.8001173751,0.922395192,1.19355866,1.1645186778,0.9692631463,1.1613884893
0.8001334463,0.9223919186,1.1936403089,1.1645425751,0.9692053374,1.1614680001
0.8001208413,0.9224240609,1.1936880354,1.1646101174,0.9692373425,1.161518398
0.8001138912,0.922446253,1.1937618861,1.16462088,0.9691998485,1.1615684817
0.8001181713,0.9223793338,1.1938055631,1.1646493721,0.9692053336,1.1615798163
0.8001334868,0.922339301,1.1938507197,1.1646883914,0.9691844881,1.1616160089
0.8001307945,0.9223237847,1.1939099416,1.1646421629,0.9691975626,1.1616920586
0.8001481401,0.9223395738,1.1939294051,1.1647423792,0.969165822,1.1617398569
0.8001650165,0.9223376666,1.1939859723,1.1647877228,0.9691306656,1.1617962845
0.8002032356,0.9223186797,1.1939980911,1.1648307358,0.9691174454,1.1618121245
0.8002337571,0.9223106018,1.1940318645,1.1648697146,0.9691206804,1.1618969181
0.8002505043,0.9223255552,1.194053246,1.1648976795,0.969078955,1.1619275329
0.8002252456,0.922316688,1.1940770502,1.1649308233,0.9690670556,1.1620208347
0.800237522,0.9223376864,1.1941041446,1.164969291,0.9690812952,1.1620865895
0.8002837418,0.9223749488,1.1941115692,1.165029889,0.9690762396,1.1621452048
0.8002853151,0.9223359951,1.1941732406,1.1650712567,0.9691346225,1.1622060224
0.8003411711,0.9223236352,1.194229641,1.1651138477,0.9691701542,1.1622302796
0.8003576,0.9223450258,1.1942650938,1.1651434447,0.9691982661,1.1622926865
0.8004055263,0.9223594351,1.1943288788,1.1651729675,0.9692112398,1.1623604628
0.8004607904,0.9224135463,1.1943914739,1.1652626731,0.9692474589,1.1624354678
0.8004104805,0.9223813681,1.1943893338,1.1652922048,0.9692267456,1.1625021387
0.8003760095,0.9223503841,1.1944653805,1.1653333716,0.9691944371,1.1625295405
0.8004005319,0.9223521714,1.1945037251,1.1653963118,0.9692084274,1.1625406938
0.8004170243,0.9224261585,1.1945310615,1.1654499937,0.9692200225,1.1625952815
0.8004348077,0.9224559156,1.1945761757,1.1654418159,0.969241138,1.1626771894
0.8003716151,0.9225132537,1.194648554,1.1655169546,0.9692080192,1.1627176696
0.8003764186,0.9225084196,1.1946370824,1.1655456765,0.9692180454,1.1627502061
0.800369099,0.9225745819,1.1946674075,1.1655437672,0.9691794685,1.1628218441
0.8003928016,0.9225180017,1.1947880213,1.1655318721,0.9691770142,1.1628804962
0.8003449511,0.9225163707,1.1948271906,1.1655290663,0.9691651557,1.1629020024
0.8003440413,0.9225252297,1.1949365319,1.1655705134,0.969130437,1.1628828668
0.800356479,0.9225246803,1.1949910878,1.1655710673,0.969142612,1.1629723543
0.8003793631,0.9225295129,1.1950318379,1.1656246957,0.9691292462,1.1630044156
0.8003656309,0.9225653767,1.1951252087,1.1656193569,0.9691143981,1.1630346043
0.8002953052,0.9225374009,1.1951334667,1.1656831965,0.9691257707,1.1630888803
0.8002431,0.9224883246,1.1951654707,1.1656981664,0.9691480762,1.1631315943
0.8002603168,0.9224916582,1.1952086821,1.1657223989,0.969154521,1.1632347027
0.8002811158,0.9224863802,1.1953210486,1.1657767303,0.9691484801,1.1633002953
0.8002689156,0.9225088751,1.195360128,1.1658499295,0.9691918602,1.1633153336
0.8002566126,0.9225183981,1.1954384652,1.1658452702,0.9691786766,1.1633330236
0.8002825411,0.9225101219,1.1954921902,1.1658956003,0.9691569882,1.163383607
0.8002689269,0.9225381732,1.1955021501,1.1659209708,0.9692368544,1.1634317896
0.800253153,0.9225370515,1.1955395891,1.1660195023,0.9691866566,1.1634927671
0.8002687937,0.9225791148,1.1956102019,1.166074522,0.9691130356,1.1635110737
0.8002803665,0.9225586339,1.1956538309,1.1660702559,0.969109977,1.1635272649
0.8002682725,0.9225311778,1.1957206599,1.1661411541,0.9690504755,1.1635766065
0.8003064627,0.9225176748,1.1957300776,1.1661974499,0.9689761268,1.1636112955
0.8002711617,0.9224835152,1.1958083231,1.1662482871,0.9690158225,1.1636845899
0.8001949267,0.9225194654,1.1958863951,1.1662989845,0.9690325277,1.1637457767
0.8001259332,0.9225146828,1.1958897404,1.1663719327,0.9690205936,1.1638021908
0.80014578,0.9224847065,1.1959549216,1.1663619177,0.9689983972,1.1638377032
0.8002014346,0.9224808139,1.1960360205,1.1664404724,0.968929614,1.1638620681
0.8002761577,0.9224493927,1.196082791,1.166522282,0.9689176807,1.1638879863
0.8003100912,0.9224045758,1.196114935,1.1665510012,0.9689268795,1.1639210654
0.8003343776,0.9224362369,1.1961809393,1.1665603595,0.9689444464,1.1639707724
0.8003109183,0.9224389002,1.1962334787,1.1665748554,0.9688926532,1.1639880511
0.8003226205,0.9224535598,1.1962802071,1.1666156574,0.9688687702,1.1640066141
0.800298965,0.922454249,1.1963399469,1.1666823483,0.9688382883,1.1640493848
0.8002647479,0.9224621684,1.1963703679,1.1667229357,0.9688454656,1.1641081859
0.8002595631,0.9224294725,1.1963924601,1.1668063003,0.968801382,1.1641747972
0.8002385811,0.9224257843,1.1964235948,1.1667989466,0.9688027083,1.1642118058
0.800297534,0.9224549602,1.1964889444,1.1668708082,0.9688369241,1.1642749169
0.8002855336,0.9224546838,1.1965131847,1.1668936557,0.9688487286,1.1643053081
0.8002580229,0.9224771119,1.1965154582,1.1669874104,0.9688940356,1.1643500579
0.8001293115,0.9224758222,1.1965657047,1.1670445858,0.9688487138,1.1643886835
0.8001961269,0.9224927677,1.1966167571,1.1671252371,0.9688248536,1.164450742
0.8001658772,0.9224638898,1.1966795938,1.1672805529,0.9687909896,1.1645299648
0.8002052849,0.9225144187,1.1967387817,1.1672987872,0.9687733857,1.1646355108
0.8002148786,0.9225333801,1.1967858577,1.1673191447,0.9687904611,1.1647201047
0.8002773956,0.9225544135,1.1968017707,1.1673734145,0.9688362519,1.1647834219
0.8003531293,0.9225631842,1.1968194183,1.1673900913,0.9688607454,1.1648733329
0.8003654252,0.9225734513,1.1968899681,1.1673897745,0.9688628161,1.1649340711
0.8003809161,0.9225874791,1.1969656225,1.1674115071,0.9688695626,1.1650106212
0.8003823059,0.9225717263,1.1969924004,1.1674061897,0.9688888523,1.1650385489
0.8003688569,0.9226127258,1.1970477768,1.1674606665,0.9689249971,1.1651261938
0.8003651095,0.9226427542,1.197049278,1.1674904484,0.96892287,1.1651601923
0.8003943522,0.9226591546,1.1970533811,1.1675272373,0.9688500793,1.1651777509
0.8003817916,0.9226948622,1.1971055335,1.1675110931,0.968836272,1.1652335643
0.8003779761,0.9226827099,1.1971576088,1.1675338263,0.9688242015,1.1653040825
0.8003479495,0.9226840926,1.1972347129,1.1675455421,0.9688149691,1.1653734783
0.8003644562,0.922668376,1.1972784988,1.1675737875,0.9688355729,1.165414898
0.8003318952,0.9226649445,1.1973451331,1.1676310278,0.96886965,1.1654663237
0.8003288834,0.9226839836,1.1973860115,1.1675932341,0.9688258119,1.1655231297
0.8003527271,0.9226952398,1.1974471426,1.167630983,0.9688310884,1.1655775734
0.8003587104,0.9226772864,1.1974982677,1.1676081877,0.9688393106,1.1656367176
0.8003275282,0.922714701,1.1976456753,1.1676248945,0.9688437808,1.1656335871
0.8002674066,0.9226956724,1.1976811098,1.1676423279,0.9688370984,1.1656934607
0.8002381377,0.9226984487,1.1977408672,1.1676742707,0.9688386491,1.1657396497
0.8002606123,0.9227160681,1.1978475442,1.1676523423,0.9688657622,1.1658280252
0.8003540295,0.9227664167,1.1979405745,1.1676361038,0.9689060941,1.1658712076
0.8003824292,0.9228052659,1.1979556729,1.167642194,0.9689399086,1.165952914
0.8003590352,0.922835686,1.1979761325,1.1677353802,0.9689180479,1.1659504395
0.8003019802,0.9228042234,1.1980002422,1.16775028,0.9688831148,1.1659502987
0.8002259284,0.9228225794,1.1980638511,1.1678064681,0.9688696081,1.1659919264
0.8002085192,0.9228294099,1.1980964648,1.1678156434,0.9687845702,1.166041
0.8002201038,0.9228380973,1.1981454905,1.1678480307,0.968800413,1.1660924584
0.8002405669,0.9228635523,1.1981766535,1.1678662774,0.968817546,1.1661071977
0.8002019191,0.9228815023,1.1981974022,1.167895489,0.9688135235,1.1661468917
0.8002223006,0.922877235,1.1982330233,1.1679170465,0.9688126081,1.1661818098
0.8002189895,0.9228873368,1.1982777413,1.1679556042,0.9688570877,1.1662415433
0.8001815268,0.9228749289,1.1983261857,1.1679561534,0.9688847194,1.1663160969
0.8001552255,0.9228447888,1.1983529652,1.1679969271,0.9688880891,1.1664006601
0.8001094011,0.9228075898,1.1983911433,1.1680659636,0.9689363668,1.1664547591
0.800148533,0.922804034,1.1984356654,1.1680829765,0.9689253414,1.166489795
0.8002010788,0.9227675948,1.1984971874,1.1681223101,0.9688886657,1.1665566042
0.8000879871,0.9227560731,1.1985819485,1.1681655192,0.9688612032,1.1666247387
0.8000217139,0.9227611876,1.198619108,1.1681690344,0.9688990024,1.166661347
0.8000249785,0.9227624328,1.1986743179,1.1682374958,0.9689236417,1.1666692194
0.8000553095,0.9227624425,1.1987280103,1.1682952682,0.9689329135,1.1666982372
0.8000991835,0.9227472249,1.1987650695,1.1683381242,0.9689785583,1.166720945
0.8000590987,0.922758695,1.1988058502,1.1683246877,0.9689569152,1.1667656
0.8000801566,0.9227407813,1.198865912,1.1683794037,0.9689998329,1.1668122504
0.8000830853,0.9227500336,1.1989061533,1.1684515985,0.9689843027,1.1668403508
0.8001073994,0.9227276768,1.1989437168,1.1684861459,0.9689814259,1.1668568083
0.800132161,0.9227410024,1.1989558824,1.1684815927,0.9689664746,1.1668737435
0.800169699,0.9227396162,1.1990157356,1.1685171642,0.9690214991,1.1669238451
0.8001904662,0.922698477,1.1990379608,1.1684961833,0.9690135869,1.1669897018
0.8002183371,0.9227067335,1.1990466631,1.1685184243,0.9690230522,1.1670140594
0.8001997406,0.9227436937,1.1990558029,1.1685344334,0.9689835772,1.1670643196
0.8001727522,0.9227567473,1.199079909,1.1685829565,0.9689910887,1.1671002858
0.8001144962,0.922750895,1.1990844349,1.1686812134,0.9690210765,1.167144777
0.8001291521,0.9227099599,1.1991428002,1.1687113,0.9690237392,1.1671799052
0.8000842023,0.9227326369,1.1992030702,1.1687670049,0.9690874817,1.1672109599
0.8000209136,0.9227311373,1.1992997526,1.1688124977,0.9691142371,1.1672646387
0.7999581215,0.9227246276,1.1993526938,1.1687645534,0.9690559818,1.1672947283
0.7998913209,0.9227055324,1.1994413866,1.1688247743,0.9690544275,1.1673478236
0.7999419284,0.9227035609,1.1994559116,1.1688619345,0.9690102097,1.1674012798
0.7999291182,0.922740755,1.1994701078,1.168883776,0.9689721635,1.1674372051
0.7999094134,0.922735794,1.1995297581,1.1689067229,0.9689569578,1.167494492
0.7999386822,0.9227356118,1.1995525282,1.1688857698,0.9689702518,1.1675470881
0.799985179,0.9227264204,1.1996034543,1.1689572269,0.9689685819,1.1676008681
0.8000061942,0.9227049019,1.1996577468,1.1689706034,0.9689541044,1.1675922781
0.7999937042,0.9226842885,1.1997324077,1.1690291647,0.9689421345,1.1676709918
0.8000015894,0.9227167622,1.1998205352,1.1690260225,0.9689091497,1.1677439558
0.8000237309,0.9226517264,1.199845798,1.1690308053,0.9689077734,1.1677848953
0.7999720864,0.9226230079,1.1998932277,1.1690796078,0.9689523464,1.1678289749
0.7999086331,0.9226590241,1.1999721187,1.1690800179,0.9689866855,1.1678699352
0.799909848,0.9226564003,1.2000073148,1.1690965999,0.9689741988,1.1679091291
0.7999086853,0.9226596533,1.200059901,1.1691170046,0.9689891602,1.1679888598
0.7998673843,0.9226424659,1.2001628597,1.1691699323,0.9689860756,1.1680419678
0.7998193263,0.9226333327,1.2001938653,1.1692305906,0.9690121186,1.1680726287
0.7997752926,0.922587398,1.2002396703,1.1692913274,0.9690322862,1.1681322558
0.799776064,0.9225008068,1.2002884658,1.1693823094,0.9690285938,1.1681956504
0.7997838539,0.922513342,1.2003480643,1.1693973734,0.9690397636,1.1682553179
0.799793345,0.9225030206,1.2004375321,1.1694382201,0.9690865878,1.168296754
0.7998059482,0.9224846817,1.2004541129,1.1694724031,0.9690619561,1.1683268085
0.79980188,0.92247907,1.2004697768,1.1695032487,0.9690828199,1.1684021252
0.7997634302,0.9224725963,1.2004916245,1.1695636738,0.9691041333,1.1684249092
0.7997726419,0.9224883777,1.200521132,1.1695787469,0.9690758896,1.1684416174
0.7998130159,0.9224772847,1.2004981142,1.1696433486,0.9690538911,1.1684637616
0.7997873622,0.9224961483,1.2005122751,1.1696564878,0.969030208,1.1684890778
0.7997476096,0.9224836315,1.2005259613,1.169644628,0.9690618897,1.1685517755
0.7997392083,0.9224811489,1.2006011943,1.1697032837,0.9690512182,1.1685891928
0.7997268097,0.9224719424,1.2006388476,1.1696781178,0.9690376204,1.1686285556
0.7997634697,0.9224357416,1.2006933452,1.1697182277,0.9690073909,1.1687068313
0.7997795511,0.922464591,1.2007825592,1.1697660234,0.9690069213,1.1686928602
0.7997503393,0.9224627707,1.2008163821,1.1697928907,0.9690220716,1.168695336
0.7997919886,0.9224729343,1.2008428995,1.1698337314,0.9689855458,1.1687675759
0.7998058044,0.9224644737,1.200901985,1.1698518943,0.9690257262,1.1687882109
0.799837667,0.9224787131,1.2008988675,1.1699227343,0.9690135603,1.1688043734
0.7999126687,0.9225047359,1.2009126085,1.1699391598,0.9689916199,1.1688439453
0.7999189022,0.9224756618,1.2009678931,1.169996731,0.9689514381,1.1688104903
0.7999693547,0.9224752069,1.2010161441,1.1700413665,0.9689314871,1.1688355864
0.7999577035,0.9224609569,1.2010507165,1.1700513056,0.968930903,1.1688756916
0.8000254511,0.9224952042,1.2010843406,1.1700464222,0.9689043536,1.1689307112
0.8000194122,0.9224703205,1.2011245824,1.1700891024,0.9688842522,1.168948303
0.8000220079,0.9224612552,1.201118804,1.1701300314,0.9688999096,1.1689847338
0.8000236606,0.9224479336,1.2011444159,1.170128646,0.9688818614,1.1690156137
0.800060315,0.922437032,1.2011707611,1.1701838749,0.9688777562,1.1690317289
0.8000031369,0.9224240713,1.2012007527,1.1702400531,0.9689034671,1.1690907137
0.8000051307,0.9224386532,1.2012682486,1.1702564957,0.9689241,1.1691597033
0.7999790265,0.922394474,1.2013426853,1.1702988366,0.9689134581,1.1692015195
0.8000468321,0.9223640877,1.2013551265,1.1702852445,0.9689673542,1.1692232548
0.800011002,0.9223579772,1.2014305967,1.1702962295,0.9689726723,1.1692663579
0.799993467,0.9223318938,1.2014620362,1.1703372218,0.9689451768,1.1693148973
0.7999117032,0.9223461756,1.2015305684,1.1703174245,0.9689281394,1.1693139735
0.799910971,0.9223777948,1.2015755316,1.1703354134,0.9689268555,1.1693317057
0.7999124437,0.9223899794,1.2016109599,1.1703800653,0.9689291126,1.1694073456
0.7999017949,0.9223687462,1.2016827962,1.1704033192,0.9689380215,1.1694259386
0.7999147093,0.9223789903,1.2017205845,1.1704414016,0.9689191884,1.1694820803
0.7998925466,0.9223601489,1.2017764236,1.1704769786,0.9688862702,1.1695411717
0.7998878276,0.9224004743,1.2018554285,1.170519636,0.9688922741,1.1695757296
0.7999180954,0.9223592313,1.2018615982,1.1705816895,0.9688736285,1.1696183712
0.7999255649,0.9223526125,1.2019319633,1.1706150883,0.968851765,1.1696429439
0.7999462363,0.9223968494,1.2019674393,1.1706724679,0.9688550421,1.169691192
0.7999481976,0.9223906684,1.2020235042,1.1707017098,0.9688630567,1.16974157
0.7999563997,0.9224155317,1.2020249991,1.170742216,0.9688453445,1.169782614
0.7999535589,0.9224186774,1.2020118918,1.1707491683,0.9688254562,1.1697648938
0.7999076818,0.9224087765,1.202072103,1.1707756971,0.96885244,1.1698059203
0.7999056897,0.9223776226,1.202098084,1.1708010243,0.9688440359,1.1698596563
0.7999239541,0.9223834412,1.2020819379,1.1707637179,0.9688241331,1.1699146633
0.7999188553,0.9223845398,1.202094839,1.1707885117,0.9688125713,1.1699828965
0.7998954999,0.9223563084,1.202097301,1.1708510963,0.9688586153,1.1700470952
0.799914184,0.9223610115,1.2021716517,1.1708861008,0.9688326796,1.1700584378
0.7999807569,0.9223416159,1.2022024285,1.1709105513,0.9688184107,1.1701024598
0.8000335954,0.9223135041,1.20224467,1.1709280801,0.9688506636,1.1701360142
0.8000007428,0.9222701114,1.2022905565,1.1709378214,0.9688901759,1.1701666249
0.7999457562,0.9222820673,1.2023073703,1.1709208156,0.9688756259,1.1702211624
0.7999274073,0.9223169716,1.2023510282,1.1709980605,0.9688556078,1.1702315095
0.7999142059,0.9223098143,1.2024075537,1.1709956966,0.9688690627,1.1702891317
0.7999056307,0.9222976049,1.2024378285,1.1710460918,0.9687858233,1.1703399575
0.7999114814,0.9223554651,1.202518487,1.1711253262,0.9687806756,1.1703853249
0.7999312419,0.9223484069,1.2025606712,1.1711896555,0.9687496671,1.1704314456
0.7999403061,0.9223450369,1.2025983142,1.1712250506,0.968801563,1.1705012938
0.8000681935,0.9223163452,1.2026361387,1.1712466455,0.9687820073,1.1705343526
0.8001263309,0.9223293523,1.2027106276,1.1712715676,0.9688059829,1.1705454657
0.8001707018,0.922319942,1.2027123992,1.1712900052,0.9688284325,1.1705830516
0.8001721446,0.9222851531,1.2027602843,1.1713170182,0.9687958358,1.1705790479
0.8002259441,0.9223136824,1.2027726251,1.1713268449,0.9687707903,1.1706050731
0.8002220784,0.9223004112,1.2027887405,1.1713157111,0.9688072916,1.1706599161
0.8002343314,0.9222913978,1.2028494737,1.1713494234,0.9688613271,1.1706929252
0.8002503902,0.9223291772,1.2028673946,1.1713686299,0.9689012845,1.1707323228
0.8002313853,0.9223376155,1.2029076339,1.171422604,0.9689246492,1.1707883412
0.8002548852,0.9223220675,1.2029335036,1.171440869,0.9689584572,1.170849974
0.8002909451,0.9223217723,1.2030000799,1.1714683741,0.9689220016,1.1709267383
0.8003095771,0.9223049768,1.2030657167,1.1714789132,0.9689266433,1.1709539308
0.8003433906,0.922303562,1.2030839549,1.1714981869,0.9689391072,1.1709737982
0.8003704271,0.9223069596,1.2031403628,1.1715339846,0.9689227157,1.1709956548
0.8003549246,0.9222760109,1.2031390759,1.1715481595,0.9689112982,1.1710468594
0.800366256,0.9222831342,1.2031788837,1.1715769031,0.9688986023,1.1710629937
0.8003669351,0.9223043172,1.2032497308,1.1716264644,0.9689204437,1.1710688299
0.8003435127,0.9222894963,1.2032917165,1.1716506926,0.9689238992,1.1711093018
0.800344663,0.9222708278,1.2033622428,1.1717149667,0.9689077007,1.1711497658
0.8003265843,0.9222569868,1.2034015611,1.1717045834,0.9688935063,1.1711848465
0.8003332307,0.9222481376,1.2034401818,1.1717977493,0.9688727038,1.1712214406
0.8003741586,0.9222478748,1.2034569287,1.1718194686,0.9687972857,1.171246424
0.8003898288,0.9222573933,1.2034954787,1.1718615644,0.9687860971,1.1712605732
0.8003919372,0.922251645,1.2035486324,1.1719237862,0.9687611395,1.1712962559
0.8004009249,0.9222707275,1.2035684448,1.1719623538,0.9687159124,1.1713423515
0.8004156957,0.9222405886,1.2035898994,1.1719834419,0.9687232791,1.171410237
0.8004196298,0.9222731697,1.2036109328,1.1719795476,0.968740799,1.1714392945
0.8004532674,0.9222770512,1.2036401175,1.1720088391,0.968736649,1.1714738114
0.8004513267,0.9223101034,1.2036942844,1.1720254167,0.9687333148,1.1714901997
0.800410315,0.9223139838,1.203760203,1.1720430901,0.968711581,1.1715254552
0.8003852049,0.9222892949,1.2037589245,1.1720586584,0.9686556849,1.1715678383
0.8004070923,0.922274597,1.2038369344,1.1720496355,0.9686791781,1.1716194798
0.8003856404,0.9222718261,1.2038952224,1.1720455234,0.9687007455,1.1716288078
0.8004345366,0.9222586036,1.2039491981,1.1721032593,0.9686852016,1.1716646256
0.8004551047,0.9222505084,1.2040065917,1.1721122418,0.9687429297,1.1716717572
0.800465428,0.9222781377,1.2040222373,1.1721211543,0.96877851,1.1716937709
0.8005001061,0.9222787923,1.2040924083,1.1721644501,0.9688020412,1.1717488794
0.8005631631,0.9222731588,1.2040959932,1.1721671149,0.9688123235,1.1717659577
0.8005375798,0.9222535594,1.204121388,1.1721996558,0.9687818369,1.1718312418
0.8005037691,0.9222925392,1.2041857088,1.1722168405,0.9688286936,1.1719196695
0.8004721535,0.9222870235,1.2041990716,1.1722985714,0.9688461062,1.1719712432
0.800518351,0.9222934495,1.2042300553,1.1723691659,0.9688361401,1.1720208411
0.8005270723,0.9222860827,1.2042739523,1.1724162216,0.9688141817,1.1720733115
0.8005353131,0.9223161406,1.2043649684,1.1724820149,0.9687886507,1.1720876737
0.8005100144,0.9223469986,1.2043975965,1.1724831669,0.968813312,1.1721130831
0.8004906349,0.9223336984,1.204429203,1.1724717422,0.9687965532,1.1721396714
0.8005217936,0.9223046691,1.2044553316,1.1724706561,0.9687828848,1.1721589722
0.8004888596,0.9223302505,1.2044727614,1.1724852172,0.9687717802,1.1722189501
0.8005228346,0.9223450614,1.2044998071,1.1724986856,0.9687492434,1.1722431966
0.8005364124,0.9223358818,1.2045563785,1.1725490259,0.9687634143,1.172281726
0.8005447207,0.922306908,1.2046089482,1.1725531507,0.9687768398,1.1723187039
0.8005121883,0.92228387,1.2046315138,1.172600474,0.9687866863,1.1723012889
0.8005145644,0.9222785571,1.2046383071,1.1726324298,0.9687999454,1.1723197379
0.8004906694,0.9222576271,1.2046865677,1.1726739424,0.9688132751,1.1723454289
0.8005114598,0.9222699314,1.2047216609,1.1727330526,0.9687983534,1.1723486851
0.8005125335,0.9222752722,1.2047559572,1.1727599255,0.9687958291,1.172390347
0.800517899,0.9222740495,1.2047658845,1.1727762702,0.9687751042,1.1724266838
0.8005742382,0.922250922,1.2047948484,1.1728081728,0.9687183356,1.1724399375
0.8005362182,0.9222488213,1.2048034211,1.1728332277,0.9687406513,1.1724967358
0.800551006,0.9222689953,1.2048272226,1.1728908328,0.9686977112,1.1725150419
0.8005280807,0.9222565568,1.204869909,1.1728976502,0.9686883541,1.172551359
0.8005242399,0.9222679512,1.2049029487,1.1729085181,0.96870056,1.1726239639
0.8004965821,0.9222460698,1.2049333218,1.1729585458,0.9686763436,1.1726853013
0.8004973908,0.9222438048,1.2049811428,1.1729862251,0.9686945564,1.1726993423
0.800469093,0.9222629151,1.2050104554,1.1729937169,0.9687312033,1.1727290592
0.8004228828,0.9222643681,1.2050263979,1.1730083007,0.9686748117,1.1727612194
0.8004196292,0.9222688215,1.2050280381,1.1730617896,0.9686507451,1.1727636129
0.8004388972,0.9222847841,1.2050823091,1.1730677037,0.9686317236,1.1727818114
0.8003715293,0.922297279,1.2051224588,1.1730690386,0.9686501845,1.1727861124
0.8003338792,0.9222877449,1.2051856467,1.1730943305,0.9686462544,1.172842849
0.8002647156,0.9222923067,1.2052182383,1.1731179369,0.968637659,1.1728831147
0.8002388021,0.9223100285,1.2052395948,1.173113398,0.9686313067,1.1728480744
0.8002669637,0.9223018609,1.2052651614,1.1731194643,0.9686095543,1.1728905065
0.8002478641,0.9223028898,1.2052887726,1.1731042777,0.9685511063,1.1729132467
0.8003028467,0.9223424827,1.2053032905,1.1731079091,0.9685722352,1.1729078515
0.8003079511,0.9223739101,1.2053493527,1.1731703553,0.9685349066,1.1729190013
0.8003010109,0.9223906971,1.2053798317,1.17318734,0.9685664553,1.1729540531
0.8002913095,0.9223997611,1.2054065529,1.1732279725,0.9685467207,1.1729861146
0.8003091113,0.9224097991,1.2054243063,1.173222549,0.9685573356,1.1730143428
0.8003087277,0.9224213882,1.2054647334,1.1732354997,0.9685565113,1.1730354789
0.8003514648,0.9224088099,1.2054580336,1.1732482673,0.9685477644,1.1730802216
0.800316041,0.9224242596,1.2054594582,1.1732898455,0.9685159166,1.1730962594
0.8003191515,0.9224492522,1.2055193207,1.1733484247,0.9685480786,1.1731460171
0.800358648,0.9224238565,1.205569627,1.1733543644,0.9685665912,1.1731843549
0.8003112004,0.9223968887,1.2056031772,1.1733719708,0.9685577461,1.1732387732
0.8003377464,0.9223920705,1.2056447065,1.1734282271,0.9685389128,1.1732258023
0.8002888253,0.9224232456,1.2056838476,1.1734327018,0.9685561741,1.1732515428
0.800315401,0.9223892588,1.2057358005,1.1734520558,0.9685450826,1.1733065253
0.8002900557,0.9224081075,1.2057438693,1.1734555001,0.9685584936,1.1733046049
0.8002572963,0.9223817368,1.2057827729,1.1734822513,0.9685574569,1.1733259776
0.8002256955,0.9223734645,1.2058332381,1.1734711816,0.9685547192,1.1733800658
0.8002275052,0.9223805128,1.2058528413,1.1734944806,0.9685731086,1.1733981256
0.8002158869,0.9224058764,1.2058889968,1.1735234868,0.9685825364,1.1734509271
0.8002085225,0.9224215332,1.2059026775,1.1735918514,0.9685910741,1.1734763261
0.8002350152,0.922399666,1.2059554173,1.1736028042,0.9685877748,1.1734747312
0.8002027515,0.922392166,1.2059499122,1.1736250093,0.9685973506,1.1735184622
0.8002312294,0.9223856394,1.2059865533,1.1736535654,0.9686248427,1.1735729233
0.8001933937,0.9223786025,1.2060255015,1.1736533226,0.9685935759,1.1735842664
0.8002334112,0.9223737932,1.2060656178,1.1736612194,0.9686062287,1.1736409566
0.8002267131,0.9223476458,1.2061103942,1.1737040622,0.9685968902,1.1736734549
0.8002205341,0.9223497138,1.206169896,1.1737152481,0.9685703008,1.1737032783
0.8002251731,0.9223466219,1.2061632938,1.1737554165,0.9685862415,1.1737219658
0.8002043663,0.9223523466,1.2061882264,1.1737737185,0.9685277511,1.1737628623
0.8002204683,0.9223493842,1.2062017532,1.173788815,0.968555496,1.1737686187
0.8002442232,0.9223502873,1.2062561181,1.1737846552,0.9685394585,1.1737884104
0.8001587239,0.9223613825,1.2062995596,1.1738139805,0.9685332299,1.173795808
0.8002006274,0.9223886146,1.2063303209,1.1738231657,0.968527085,1.1738226926
0.8001526705,0.9224022523,1.2063485604,1.1738394665,0.9685655826,1.1738678032
0.8001073693,0.922409426,1.2063585374,1.1738681928,0.9685241264,1.1738898711
0.8001473284,0.9224106868,1.2063951563,1.1738417416,0.9685582763,1.1739142223
0.8001518901,0.9224262986,1.2064109542,1.1738711829,0.9685540132,1.1739606332
0.800116669,0.9224356529,1.2064231632,1.173903547,0.9685573819,1.1739877038
0.8000821742,0.9224166327,1.2064789827,1.1739384956,0.9685638332,1.1740451414
0.8000874965,0.9224121439,1.2065154698,1.173940152,0.9685007785,1.1740778481
0.8000463831,0.9223955761,1.2065309179,1.1739518692,0.9684900167,1.1740956477
0.8000572893,0.9223883049,1.2065406085,1.1740081601,0.9684892992,1.1741382723
0.8000534469,0.9223764343,1.2065292013,1.1739825261,0.9684954012,1.1741936135
0.800056381,0.9223539761,1.2065178967,1.1739909965,0.9685082901,1.1742140825
0.8001071776,0.9223517563,1.2065423484,1.1740388587,0.9685335473,1.174255207
0.8000659194,0.922337522,1.2065867468,1.1740450393,0.9685211459,1.1742704078
0.8000453544,0.9223053773,1.2066128056,1.1740652794,0.9684747012,1.1742477078
0.8000455302,0.922289115,1.2066637241,1.1740851299,0.9684555637,1.1742724297
0.8000643328,0.9222460466,1.2066928694,1.1741056087,0.9684179259,1.1743508097
0.8000755665,0.922241318,1.2067339432,1.1741500012,0.9683814296,1.174388512
0.8000847648,0.9222407093,1.2067892008,1.1741471965,0.968403901,1.1744189635
0.8000821935,0.9222518688,1.2068129866,1.1741989826,0.968402884,1.1744199262
0.8000873303,0.9223081248,1.2068332226,1.17420142,0.968343969,1.1744330968
0.8000261237,0.9223109769,1.2068527489,1.1742609529,0.9683872403,1.1744456681
0.8000316105,0.9222804424,1.206888251,1.1742297306,0.9684138267,1.1744613587
0.799992883,0.9223032334,1.2069146029,1.1742342431,0.9684721617,1.1744823414
0.7999734401,0.9223056373,1.2069868911,1.1742953741,0.9684349912,1.1744995265
0.8000247331,0.9222913414,1.2069815358,1.1743172465,0.9684570298,1.174537229
0.8000244649,0.9222862717,1.2069916228,1.1743260711,0.9684588191,1.1745347682
0.8000465881,0.9223090382,1.2070430168,1.17437009,0.9684514239,1.1745468165
0.800021781,0.922313101,1.2070548569,1.1743664304,0.9684568121,1.1745913382
0.8000240536,0.9223194413,1.2070701072,1.1743919775,0.9684712884,1.1746079204
0.8000215237,0.9223096641,1.2070550147,1.1744192223,0.9684860452,1.1745995543
0.7999969916,0.9223053346,1.2071174218,1.174424344,0.9684736993,1.1746179485
0.8000203851,0.9223029083,1.2071560062,1.1744292337,0.9684533169,1.1746472549
0.8000524951,0.9223270372,1.2071945862,1.174499048,0.9684487547,1.1746859793
0.8000454885,0.9223279554,1.2072126365,1.1745213554,0.968410343,1.174717192
0.8000881791,0.9223485615,1.20727127,1.1745475815,0.9684085143,1.1747176651
0.8001145353,0.9223252265,1.2072816285,1.1745482725,0.9684268695,1.1747394939
0.8000915604,0.9222829116,1.207293615,1.1745594245,0.9684048306,1.1747780543
0.800066693,0.9222979204,1.2073430163,1.174593805,0.9683681167,1.1748043958
0.8000726136,0.922306464,1.2073986398,1.1746438608,0.9683601665,1.1748520089
0.8000949452,0.9222974304,1.2074119594,1.174697122,0.9683884266,1.1748632669
0.8000797384,0.9222970809,1.2074155058,1.174687527,0.9683983914,1.1748891045
0.800070918,0.9222919274,1.2074162045,1.1747312504,0.9684012176,1.1748991169
0.8000727885,0.9222908479,1.2074648759,1.174780384,0.968403518,1.174894397
0.8000688044,0.9222655626,1.2074626359,1.1748101354,0.968448364,1.1749293458
0.8000650063,0.9222859641,1.20752511,1.1747864788,0.9684365655,1.1749361946
0.8000533242,0.9222821657,1.2075595593,1.1747871981,0.9683984497,1.1749956031
0.8000547049,0.922308565,1.2075839539,1.1748244684,0.968438448,1.1750453337
