Random,EGreedy 0.0,EGreedy 0.1,EGreedy 0.2,Softmax 1,Softmax 0.1,Arm 4 mean
0.0718394294,0.0494648894,0.0663499556,0.1042105941,0.0511199164,0.0678293222,0.3
0.1278981323,-0.033760645,-0.0028443517,0.032381249,0.0231821868,-0.0258766091,0.3
0.1579414633,-0.0743529403,-0.0652338124,0.0100751289,-0.00432373,-0.0669522159,0.3
0.2010956944,-0.1089344207,-0.0868149473,-0.0205429596,-0.0464388991,-0.0938784071,0.3
0.2280539841,-0.1246432094,-0.1017671711,-0.0488002913,-0.0734399696,-0.111883811,0.3
0.2501127184,-0.1357860678,-0.1078049055,-0.0684734432,-0.0844609763,-0.1262015191,0.3
0.2866573066,-0.1413975775,-0.1283433922,-0.0781916586,-0.0977603942,-0.1408935332,0.3
0.2866651784,-0.1451117592,-0.1424180336,-0.1039590248,-0.1074439081,-0.1438498788,0.3
0.2915211174,-0.1501401175,-0.153043479,-0.1056965703,-0.1259243425,-0.1506036299,0.3
0.3090918573,-0.1544497904,-0.1533619037,-0.1212359941,-0.1522479435,-0.1570658944,0.3
0.3157272575,-0.1587472457,-0.1736532625,-0.1135518129,-0.1808619347,-0.1598800716,0.3
0.3128194744,-0.1623133737,-0.1799250169,-0.125367475,-0.1910933136,-0.1650028286,0.3
0.2982251799,-0.1643529169,-0.1795886347,-0.1277421945,-0.2041136696,-0.1723893205,0.3
0.3026686499,-0.1673723185,-0.1855843603,-0.1229681253,-0.2304805254,-0.1719737828,0.3
0.3035318052,-0.1688269062,-0.1927238852,-0.1279095857,-0.2292271009,-0.1760004678,0.3
0.3058311948,-0.1716586913,-0.1962774793,-0.1481320484,-0.2380916823,-0.1783030407,0.3
0.3084036099,-0.1725897601,-0.1972032802,-0.1457723156,-0.2465008365,-0.1805713644,0.3
0.3102687543,-0.1748443998,-0.201787366,-0.1450717587,-0.2594764593,-0.1866204982,0.3
0.3012853272,-0.1749848529,-0.2024091918,-0.1535926156,-0.2676650075,-0.188017851,0.3
0.3141704623,-0.1758172037,-0.2067880445,-0.1514737107,-0.2653511201,-0.188398635,0.3
0.3234197451,-0.1767222877,-0.2138515351,-0.1504754565,-0.2716871955,-0.1899065257,0.3
0.3206698111,-0.1768603319,-0.2095902801,-0.1485433149,-0.2792969958,-0.189864018,0.3
0.3208921032,-0.1781093661,-0.2033430067,-0.1430825767,-0.2851596257,-0.1901014575,0.3
0.3145976857,-0.1789171058,-0.1970664067,-0.1406240287,-0.2860124365,-0.190189893,0.3
0.3171506251,-0.1793678534,-0.207424928,-0.130704406,-0.2885607626,-0.1898746712,0.3
0.3187251001,-0.1800603445,-0.2035926692,-0.1395710697,-0.2931854171,-0.18936394,0.3
0.3179596517,-0.1800048603,-0.1943888338,-0.1407734393,-0.2890452204,-0.1945726602,0.3
0.3146961012,-0.1809988782,-0.1988255398,-0.1386999527,-0.2903615394,-0.1943694517,0.3
0.3122502117,-0.1823145663,-0.2041421972,-0.1417009055,-0.2876352164,-0.1969152925,0.3
0.3091385618,-0.1828943696,-0.2052085592,-0.1318840743,-0.2945200105,-0.1980082781,0.3
0.3092120855,-0.1838691405,-0.2098691475,-0.1219633634,-0.2948309582,-0.1995007319,0.3
0.3123847842,-0.1840877085,-0.2044538588,-0.1134323553,-0.2951743164,-0.2001630021,0.3
0.3069760497,-0.1847286934,-0.2030753682,-0.1065997014,-0.2995052296,-0.2015356308,0.3
0.3146927802,-0.1848971728,-0.2074018428,-0.1051686139,-0.297091358,-0.2009772585,0.3
0.3116409656,-0.1856027444,-0.2102363914,-0.094842863,-0.2948160058,-0.2020325669,0.3
0.3119229444,-0.1858210527,-0.2036997038,-0.0934246607,-0.29408305,-0.20161105,0.3
0.3124527522,-0.1858163133,-0.1954566784,-0.0876945469,-0.2875372985,-0.2033842408,0.3
0.3115956236,-0.1861373138,-0.1934842757,-0.0901401797,-0.2929508922,-0.2052879337,0.3
0.3091905315,-0.1861229733,-0.1909053564,-0.0853823592,-0.2934258151,-0.206027055,0.3
0.3115762867,-0.186427716,-0.1941039191,-0.0791003986,-0.2952219628,-0.2064832346,0.3
0.3130743618,-0.1868691715,-0.1840897138,-0.0698839586,-0.2911180688,-0.2066998273,0.3
0.319197516,-0.1873357436,-0.1808095326,-0.0747332964,-0.290002896,-0.2072189233,0.3
0.3193732496,-0.1879760251,-0.1853716658,-0.0581211252,-0.29330015,-0.2060832064,0.3
0.3219872303,-0.18790755,-0.1795606132,-0.0530512636,-0.2888762728,-0.204147072,0.3
0.3203297735,-0.1880335223,-0.1788601803,-0.0500827232,-0.2938436591,-0.2077261066,0.3
0.3232619393,-0.1884384669,-0.177015609,-0.0436668459,-0.2943444827,-0.2079342974,0.3
0.3238370134,-0.1885239194,-0.1748070813,-0.0355467771,-0.291612762,-0.2081698009,0.3
0.3265793642,-0.1887942491,-0.1730636528,-0.0339124221,-0.2870189835,-0.2091815122,0.3
0.3265548747,-0.1890151848,-0.1674146759,-0.0275571161,-0.2811682092,-0.2089023117,0.3
0.3252969349,-0.1890433682,-0.1698305793,-0.0211207477,-0.2842578796,-0.2102848507,0.3
0.3257383999,-0.1893048658,-0.1618982616,-0.0183975918,-0.2806559035,-0.2100311846,0.3
0.3251585784,-0.1895379216,-0.1545763151,-0.0189469295,-0.2810510912,-0.2103985529,0.3
0.3233124448,-0.1900305239,-0.1555718032,-0.0122263901,-0.2807296732,-0.2097204964,0.3
0.3213313941,-0.1901707893,-0.15762304,-0.0060409359,-0.2818444161,-0.2123544341,0.3
0.3204899346,-0.1903839772,-0.1535029348,-0.0030532153,-0.2750481556,-0.2129186215,0.3
0.3175389273,-0.190323247,-0.1465649405,0.0030912516,-0.2732779501,-0.2118633656,0.3
0.3140865746,-0.1904216674,-0.1502116103,0.0007969564,-0.2691938135,-0.2122787478,0.3
0.3153360031,-0.1908682195,-0.1472574789,0.0074244974,-0.2683753932,-0.2121725127,0.3
0.3161884437,-0.1907770764,-0.146868966,0.0092395677,-0.2685429357,-0.2126232624,0.3
0.3163620597,-0.1908519942,-0.1463714166,0.0156334001,-0.2687761555,-0.2125745181,0.3
0.3157060174,-0.1910659755,-0.1501865365,0.0245520828,-0.2663144313,-0.2133316608,0.3
0.3158427263,-0.191205006,-0.1438864156,0.0286919749,-0.2636133828,-0.2164902627,0.3
0.3191310692,-0.1913392767,-0.1443172892,0.0344186602,-0.2588622424,-0.2169058023,0.3
0.3175545179,-0.1914353803,-0.1459147952,0.0328086243,-0.2555654363,-0.2172009136,0.3
0.3168222344,-0.1913561367,-0.1493941443,0.0302629509,-0.2537783488,-0.2173913873,0.3
0.3178347961,-0.1913231342,-0.1485202615,0.0367507589,-0.2481836828,-0.2177162268,0.3
0.3180728214,-0.1911909397,-0.14833934,0.0441510182,-0.2445359759,-0.2183065711,0.3
0.3176995611,-0.1912865006,-0.1487780704,0.0463370456,-0.2417405605,-0.2183323552,0.3
0.3171364165,-0.1912986398,-0.1452075503,0.0516045523,-0.2407169567,-0.2185619554,0.3
0.3159611042,-0.1912073519,-0.1433086565,0.0444761037,-0.2388844298,-0.2182854956,0.3
0.3153790562,-0.1910339004,-0.139689356,0.0527157455,-0.238501385,-0.2159907994,0.3
0.3127456122,-0.1910664776,-0.1345118226,0.0587355132,-0.2350481695,-0.2178642394,0.3
0.315388242,-0.1909981084,-0.1351576176,0.0655633641,-0.2350051423,-0.217192434,0.3
0.3149905805,-0.1910147756,-0.128976789,0.0654017206,-0.2339793156,-0.2189005294,0.3
0.3145253091,-0.1907919905,-0.1212140135,0.067948529,-0.2363737089,-0.2189089859,0.3
0.3156143753,-0.1908926968,-0.1129038018,0.0746323222,-0.2357666928,-0.2190629572,0.3
0.3149241119,-0.1909768042,-0.111375482,0.070718671,-0.2356061634,-0.218666678,0.3
0.3154932022,-0.1911019599,-0.1106989929,0.0740925771,-0.2351083691,-0.2189202622,0.3
0.3166786488,-0.1911421649,-0.1068432858,0.0791992441,-0.2322610402,-0.2195786738,0.3
0.316982876,-0.1913503036,-0.0982987779,0.0852960752,-0.230899215,-0.2195115333,0.3
0.3160651336,-0.1915784799,-0.1006361359,0.0865123327,-0.2278064618,-0.2181927042,0.3
0.315443324,-0.1917693159,-0.0978288647,0.0910571127,-0.228484788,-0.2191028094,0.3
0.3141062482,-0.1920090782,-0.0872137571,0.0876635424,-0.2267258875,-0.2194334192,0.3
0.3144673951,-0.1919673243,-0.0852380535,0.0934934761,-0.2253840588,-0.2201429125,0.3
0.3145618559,-0.1920949376,-0.0819850474,0.0935816656,-0.2234681305,-0.2204136851,0.3
0.3149600714,-0.1920140395,-0.0703338592,0.0972649089,-0.2221592111,-0.218850571,0.3
0.3161561418,-0.1920971077,-0.0714526568,0.1021641926,-0.219625271,-0.220416087,0.3
0.3149501178,-0.1921923872,-0.0673620714,0.1027188369,-0.2167463834,-0.2211122686,0.3
0.3159157962,-0.1924205576,-0.0680520259,0.1067573851,-0.2162075984,-0.2223407787,0.3
0.3164944757,-0.1925290833,-0.0698301848,0.1080385467,-0.212292816,-0.2221604172,0.3
0.3158552836,-0.1922933274,-0.0638701851,0.1102848309,-0.2109023793,-0.2234248692,0.3
0.3145929405,-0.1925060773,-0.0629393986,0.1107401628,-0.2070406939,-0.2222138646,0.3
0.3145737522,-0.1925868619,-0.06257726,0.1168017644,-0.2050301292,-0.2226493242,0.3
0.3159908401,-0.1926770936,-0.0636250317,0.1197638991,-0.202561608,-0.2231770182,0.3
0.3176876734,-0.1927559671,-0.0617927,0.122318102,-0.201931976,-0.2200084278,0.3
0.3182512809,-0.1928041642,-0.0614034019,0.1195977748,-0.199543769,-0.221673923,0.3
0.3179615924,-0.1930392077,-0.0610880411,0.1224765413,-0.1957407848,-0.2196952479,0.3
0.3179074583,-0.1930347789,-0.0562554148,0.1253780507,-0.1938685812,-0.2222953892,0.3
0.3193215633,-0.1932179377,-0.0554885505,0.1291841426,-0.1929866455,-0.2223653602,0.3
0.3198817173,-0.1932415463,-0.0549807541,0.1295776361,-0.1884451242,-0.2228919362,0.3
0.3194621044,-0.193329983,-0.0572650475,0.1300122083,-0.1882555332,-0.2230107048,0.3
0.3195511434,-0.1933381966,-0.0579373662,0.1308751957,-0.1884365175,-0.2232403668,0.3
0.3197896301,-0.193511766,-0.0563275684,0.1321041446,-0.1883317047,-0.2231272466,0.3
0.3200543467,-0.1935152936,-0.051210068,0.1327202101,-0.1884327847,-0.2239978191,0.3
0.3203024428,-0.1934972385,-0.0475845742,0.1346149838,-0.186732698,-0.2240885834,0.3
0.3200677229,-0.1934152354,-0.0474903092,0.1363418153,-0.1855506984,-0.2250651952,0.3
0.319078864,-0.1935005726,-0.0412782991,0.1408391484,-0.184554517,-0.2253788788,0.3
0.318850147,-0.193681995,-0.0399093519,0.1440260926,-0.1835336225,-0.2256083973,0.3
0.3185664199,-0.1936091122,-0.0360919996,0.1458312458,-0.182002892,-0.2257871114,0.3
0.3181894731,-0.1935689486,-0.0365017055,0.1466882803,-0.1792232457,-0.2258074752,0.3
0.3174752871,-0.1937076876,-0.0317143959,0.1461941892,-0.1791960735,-0.2267563598,0.3
0.3174424507,-0.1936277209,-0.029151413,0.1473299432,-0.1768019533,-0.2265868185,0.3
0.3175686624,-0.1936841549,-0.0333716995,0.1484519555,-0.1761718699,-0.2253557958,0.3
0.3169155772,-0.1937937839,-0.0320883089,0.1498393788,-0.1751041434,-0.2258271174,0.3
0.3175303452,-0.1937274548,-0.0312615692,0.1529432003,-0.1689832409,-0.2263396159,0.3
0.3175660936,-0.1936699404,-0.0290425672,0.1535612207,-0.1682378467,-0.2266725003,0.3
0.3174300904,-0.193642568,-0.0299885905,0.1553052513,-0.1680018894,-0.2279087098,0.3
0.3184658798,-0.1936845739,-0.0278023939,0.1567470162,-0.1658726456,-0.2279883382,0.3
0.317679096,-0.1936280584,-0.026215575,0.1567918339,-0.1633334712,-0.227981264,0.3
0.3189674876,-0.1934992846,-0.0266458101,0.1573054448,-0.1632659576,-0.2279459256,0.3
0.3190966917,-0.193435064,-0.0205881954,0.1580169399,-0.1606883045,-0.2278318974,0.3
0.3183101287,-0.1935205797,-0.0213594772,0.1603178541,-0.1609180553,-0.2288775182,0.3
0.317928835,-0.1935018468,-0.0196910332,0.1619956113,-0.1573031361,-0.229020941,0.3
0.3172865762,-0.1935846175,-0.0157685282,0.1631218519,-0.1587045225,-0.22906205,0.3
0.3160792269,-0.1936007724,-0.0064708992,0.1653686803,-0.1589629095,-0.2290544816,0.3
0.3161093044,-0.1935851162,-0.0024522709,0.1684379423,-0.1604599508,-0.2296253331,0.3
0.3148335363,-0.1935919165,0.0012286541,0.1693160586,-0.1557045384,-0.2296341392,0.3
0.3147981436,-0.1936677832,0.0010947047,0.1684686003,-0.1543836938,-0.229659497,0.3
0.3153429486,-0.193687457,0.0039611796,0.1692220719,-0.1533650319,-0.2303899994,0.3
0.3155189752,-0.1938518469,0.0052394802,0.1706512655,-0.1541345647,-0.2297443771,0.3
0.3138863317,-0.1938797447,0.0070381152,0.1707718165,-0.152643199,-0.2298573691,0.3
0.3141677357,-0.193912027,0.0115071987,0.1722898663,-0.1505911285,-0.2298713621,0.3
0.3138264713,-0.193924987,0.0135480099,0.1746522463,-0.1491442177,-0.2301136495,0.3
0.3148034875,-0.193839464,0.0155741982,0.1754263581,-0.1481037992,-0.2302383672,0.3
0.3145409259,-0.1937711768,0.0181217371,0.1782044561,-0.1486739307,-0.2302283627,0.3
0.314607625,-0.1938281904,0.02066559,0.1761237977,-0.1456552755,-0.2299408187,0.3
0.3141700525,-0.1938355154,0.0211796454,0.176853556,-0.1467556723,-0.2312425866,0.3
0.3142725687,-0.1938807867,0.0247556738,0.180465456,-0.142952465,-0.2315292349,0.3
0.3142019503,-0.194006907,0.0299489093,0.1823042357,-0.1442645893,-0.2311483071,0.3
0.3133115526,-0.1939715923,0.0335143987,0.1845732205,-0.1417442138,-0.2308632707,0.3
0.3128262996,-0.1938606218,0.0349795369,0.1853795925,-0.1372321137,-0.2319174191,0.3
0.3127901887,-0.1938480719,0.0362498094,0.1882672249,-0.1362089143,-0.2315403817,0.3
0.31318172,-0.1938609736,0.0427470518,0.1887541672,-0.1340428592,-0.2322736498,0.3
0.3125278209,-0.1938189285,0.041911986,0.1912175564,-0.1338866559,-0.2323614701,0.3
0.3117831414,-0.193850719,0.0434335609,0.1917790712,-0.1340353269,-0.2324321666,0.3
0.3121559004,-0.19394205,0.0440329393,0.1927571778,-0.1319366688,-0.2324737128,0.3
0.3119344525,-0.1939346071,0.043564305,0.1946330038,-0.1335150582,-0.2325336943,0.3
0.3122200358,-0.1939600927,0.0449608365,0.1959336962,-0.1338090548,-0.2325667105,0.3
0.3127590337,-0.1940356481,0.0445387783,0.1987589596,-0.1334185897,-0.2323247995,0.3
0.312548882,-0.1940835919,0.044541082,0.1992280677,-0.1324139599,-0.2322647852,0.3
0.3130792424,-0.1940572205,0.0461680358,0.1994384578,-0.1297266603,-0.2323644513,0.3
0.3129861853,-0.1940561505,0.0496033229,0.1995541921,-0.1283869404,-0.2323205347,0.3
0.3130185347,-0.1940180799,0.0520364987,0.2000900077,-0.1285269067,-0.2327192655,0.3
0.3137268199,-0.1939184702,0.0546461423,0.2001258034,-0.1258637187,-0.2327801386,0.3
0.3135690209,-0.1939302052,0.0587073972,0.201156321,-0.1224425436,-0.2323528841,0.3
0.3131147653,-0.1939453826,0.0601416816,0.2025861346,-0.121966118,-0.2320409202,0.3
0.3134013615,-0.1940641907,0.0632905514,0.2039049821,-0.1185634012,-0.2325617224,0.3
0.3138727237,-0.1941413529,0.0652563738,0.2037462818,-0.1165478146,-0.2325351079,0.3
0.3137385779,-0.1941951815,0.0648250943,0.2031180688,-0.1170002113,-0.2319705881,0.3
0.3139762254,-0.1942177254,0.0660146968,0.2013899574,-0.1145787461,-0.2317567397,0.3
0.3131392428,-0.1941975414,0.0672109098,0.2026563698,-0.1106630035,-0.23227759,0.3
0.3132476641,-0.1942224884,0.0692463424,0.2027094212,-0.107225531,-0.2325538763,0.3
0.3133495442,-0.1941902335,0.0725290882,0.2048190349,-0.1047903497,-0.2327121159,0.3
0.3122216734,-0.1941721414,0.0701836398,0.2047750312,-0.1034400808,-0.2322834223,0.3
0.3129097367,-0.1940987369,0.070808305,0.2053095057,-0.1027717832,-0.2329380322,0.3
0.3127534298,-0.1941018747,0.0719070358,0.204968143,-0.1025314431,-0.2332268074,0.3
0.3123680791,-0.1941578155,0.0729367762,0.2058495675,-0.1006011346,-0.233243938,0.3
0.3122694478,-0.1942240468,0.0702248272,0.2072987803,-0.0994945686,-0.2333021187,0.3
0.3130920423,-0.1942716144,0.071284859,0.2100052304,-0.0976761748,-0.2332785351,0.3
0.3133440154,-0.1943813913,0.071716282,0.2103145787,-0.0962489272,-0.2331315029,0.3
0.3128532514,-0.1943532207,0.0748698052,0.2107236351,-0.0949230028,-0.2331297486,0.3
0.3133092385,-0.1943961969,0.0788182662,0.2114825897,-0.0939246269,-0.2330939928,0.3
0.3133486975,-0.1944101997,0.0811358514,0.2120529343,-0.0930351341,-0.2337545333,0.3
0.3133108111,-0.1943661062,0.0808016804,0.2137175431,-0.0904707397,-0.2337461789,0.3
0.312955875,-0.1943568961,0.0785881583,0.2117526919,-0.0878961036,-0.2324784912,0.3
0.3127066101,-0.1943174361,0.0759350012,0.2136140856,-0.0866505078,-0.2341214304,0.3
0.3118079991,-0.1942771654,0.0784127708,0.2150541596,-0.0864006484,-0.2341135049,0.3
0.3112191915,-0.1942696172,0.0797553811,0.215505695,-0.0865065967,-0.2341974181,0.3
0.3122232498,-0.1942213206,0.0785008233,0.2151032531,-0.0850540283,-0.234224204,0.3
0.3124767581,-0.1942012147,0.0824260919,0.2158937371,-0.0847482484,-0.2344027711,0.3
0.3122671465,-0.1941886071,0.0818562926,0.2163096215,-0.0848530843,-0.2345020647,0.3
0.3130937106,-0.194172999,0.0817101471,0.2191484396,-0.0840174882,-0.2345332133,0.3
0.31325469,-0.1942216418,0.0793244935,0.2204621695,-0.0817768842,-0.2345959967,0.3
0.3127243577,-0.1942718512,0.0806983863,0.2212080161,-0.0812928337,-0.2345040557,0.3
0.3117356827,-0.1942270768,0.0815579997,0.2190241577,-0.0801111456,-0.2345569428,0.3
0.3122951989,-0.1942433716,0.0825525664,0.2198978877,-0.0784101766,-0.2347611242,0.3
0.3118527785,-0.1942849793,0.084794067,0.2197107057,-0.0782371449,-0.2348200634,0.3
0.3114537795,-0.1943265162,0.085018,0.2195891246,-0.0752465145,-0.2348166191,0.3
0.3118314065,-0.1943448098,0.0876021935,0.2199270535,-0.0745181478,-0.2348175654,0.3
0.3115397029,-0.1944104056,0.0865621065,0.2206500738,-0.0744039702,-0.2348741208,0.3
0.3118821893,-0.1944317012,0.0920883464,0.2216238941,-0.074536518,-0.2349233082,0.3
0.3122474371,-0.1945098922,0.0921508993,0.2223434481,-0.0729656043,-0.2349120147,0.3
0.3124979851,-0.1944459822,0.0931704937,0.223410748,-0.0735306636,-0.2349025405,0.3
0.3134917223,-0.1944238254,0.0951407717,0.2226893277,-0.0729090318,-0.2349129823,0.3
0.312718396,-0.1943765538,0.0978683014,0.2233161242,-0.0724176583,-0.2349186863,0.3
0.3122936645,-0.1943687205,0.0972822092,0.2250262787,-0.070675144,-0.234859024,0.3
0.3125904203,-0.1943391568,0.0978941471,0.227658358,-0.0695353166,-0.2347751032,0.3
0.3127461396,-0.1943445937,0.0982304335,0.2284174992,-0.0679836188,-0.2347579824,0.3
0.3123377287,-0.1943451155,0.0988544909,0.228755735,-0.0687743872,-0.2348409302,0.3
0.3115580947,-0.1943419727,0.1003714827,0.2289840254,-0.0662958898,-0.2348592008,0.3
0.3110598873,-0.1943640484,0.1054541883,0.2289024165,-0.0660611918,-0.2346975211,0.3
0.3120337949,-0.1943824467,0.1060931769,0.2303232681,-0.0665609422,-0.234942466,0.3
0.3114034144,-0.1944147475,0.1069713323,0.2296512,-0.0671365348,-0.2349572593,0.3
0.3117883683,-0.1944128833,0.1079757168,0.230866884,-0.0637317569,-0.2367142317,0.3
0.3118252933,-0.1944588762,0.1079701342,0.2306008285,-0.0626665981,-0.236745501,0.3
0.3121825645,-0.1944447806,0.1072808662,0.231385683,-0.0626188333,-0.2367306115,0.3
0.3121558628,-0.1944092238,0.1075683757,0.2324091792,-0.0624743469,-0.2366946173,0.3
0.3118822214,-0.1944654487,0.1096481749,0.2322593948,-0.0617777162,-0.2367030121,0.3
0.3123726768,-0.1944874547,0.1104321358,0.2329622602,-0.0614422174,-0.2367116588,0.3
0.311921404,-0.194397059,0.109231312,0.2329743334,-0.0607207847,-0.2364190917,0.3
0.3129367174,-0.1943857016,0.1130105745,0.2341655275,-0.0612271859,-0.2363808543,0.3
0.3130710141,-0.1944505295,0.115114309,0.2344495046,-0.0616797152,-0.2363610278,0.3
0.3127774541,-0.1945088819,0.1149949668,0.2328450033,-0.0605512573,-0.2354583682,0.3
0.3120692416,-0.194548409,0.1142557833,0.2347408372,-0.0607707025,-0.2357559554,0.3
0.312182422,-0.1945131058,0.1172012865,0.2365687297,-0.06039406,-0.2359084717,0.3
0.3123244396,-0.1945408213,0.1185821194,0.2365838823,-0.0599167408,-0.2358691557,0.3
0.3128761629,-0.194597135,0.119832679,0.2358002649,-0.0585523959,-0.2362546767,0.3
0.3130423216,-0.1946130095,0.1228140037,0.237218014,-0.0580293199,-0.2364449792,0.3
0.3132206486,-0.1946183801,0.1234924544,0.2390438346,-0.0569344321,-0.2363468974,0.3
0.3125461032,-0.194517347,0.1271429085,0.2403106418,-0.0568726453,-0.2363868712,0.3
0.312618961,-0.1945171092,0.1277109516,0.2406075479,-0.057221655,-0.2364619863,0.3
0.312139795,-0.1945301718,0.1282646943,0.2420327512,-0.0561310897,-0.236207152,0.3
0.312304378,-0.1945263115,0.1301208421,0.2435787206,-0.055776443,-0.2369341579,0.3
0.3116809098,-0.1945159711,0.1310264998,0.2450307855,-0.0558628627,-0.236936317,0.3
0.3118747219,-0.1944909564,0.1309339369,0.2446801364,-0.0548973029,-0.2363693562,0.3
0.3118171275,-0.1945083587,0.1315354668,0.2447090633,-0.0534794919,-0.2362538207,0.3
0.3116084375,-0.1944580356,0.131444407,0.2467113509,-0.0522223382,-0.2369480105,0.3
0.3112966576,-0.1944356256,0.1312898363,0.2473097382,-0.0513500912,-0.2368743776,0.3
0.3112324214,-0.1943995214,0.1314583108,0.2479689073,-0.0521576714,-0.2371064158,0.3
0.3116284518,-0.1944716919,0.1313610271,0.2488832321,-0.0513190512,-0.2375648484,0.3
0.3111698941,-0.1945241533,0.1309384369,0.2484390324,-0.0486530236,-0.2379432555,0.3
0.3112218612,-0.1945657295,0.1326019425,0.2506046889,-0.0472158097,-0.2379311676,0.3
0.3108551984,-0.1945436969,0.1357420852,0.2511992662,-0.0458827682,-0.2379409144,0.3
0.3110190495,-0.1945709664,0.1356880532,0.2509428721,-0.0449127703,-0.2397567161,0.3
0.3106001864,-0.1945328114,0.1381642178,0.2523996437,-0.043587244,-0.2407392793,0.3
0.3105724576,-0.1945485183,0.1381402013,0.2537149533,-0.0434880728,-0.2408794793,0.3
0.3107334538,-0.1945439191,0.1381212791,0.2536344691,-0.0430385766,-0.2408841772,0.3
0.3113211059,-0.1945646536,0.13913867,0.2537515149,-0.0413827643,-0.2408883035,0.3
0.3114815733,-0.194619929,0.1400610643,0.2549043389,-0.0400967278,-0.2408630271,0.3
0.3117781952,-0.1946663699,0.1415637993,0.2550581163,-0.0379219821,-0.2408448363,0.3
0.3113127395,-0.1946818142,0.1400941864,0.2549858061,-0.0367605106,-0.2408504925,0.3
0.3111086164,-0.1947267384,0.141196221,0.255316991,-0.0346290033,-0.2408893029,0.3
0.311021425,-0.1947296959,0.1421736922,0.2558823239,-0.032740637,-0.240875499,0.3
0.3109118989,-0.1947972826,0.1437050196,0.256537013,-0.0337908587,-0.240867813,0.3
0.3111205828,-0.1948030621,0.1423766396,0.2563780378,-0.0311463605,-0.2408702979,0.3
0.3112801503,-0.1948044543,0.1435214228,0.2564483452,-0.0288610037,-0.2401280248,0.3
0.3112951651,-0.19476303,0.1428728051,0.2577776959,-0.0283213426,-0.2404870829,0.3
0.3111973211,-0.1947708378,0.1416586291,0.256421455,-0.0270360625,-0.2404955966,0.3
0.3111922981,-0.1947522429,0.1429939134,0.2572705281,-0.0255219803,-0.2404952844,0.3
0.3112502552,-0.1947755537,0.1447783646,0.2569825786,-0.0254060427,-0.2409425005,0.3
0.3111253451,-0.1947594368,0.1473212787,0.2566074068,-0.0257760711,-0.2409384263,0.3
0.3111216675,-0.1947705155,0.147940989,0.2570895074,-0.0247456661,-0.2409417735,0.3
0.3106549612,-0.1948107454,0.1484639312,0.2575500865,-0.0233903109,-0.2409446518,0.3
0.3102666834,-0.194752562,0.1497407235,0.2573529329,-0.0226691738,-0.2409359449,0.3
0.3100936377,-0.1947382956,0.1509672238,0.2563835114,-0.0220559196,-0.2409216282,0.3
0.3094499488,-0.1947837652,0.1529138778,0.2562559143,-0.0218624167,-0.2409480794,0.3
0.3092369829,-0.1947577348,0.1555844497,0.2575599248,-0.0207509775,-0.2409440015,0.3
0.3089807925,-0.1947102639,0.1564945818,0.2579989102,-0.0192725713,-0.2409335805,0.3
0.3086700892,-0.1946870407,0.1555757355,0.2580707797,-0.0190188803,-0.2409439624,0.3
0.308702371,-0.1946783371,0.1560343845,0.2586050269,-0.0193296572,-0.2409453694,0.3
0.3083362304,-0.1946744089,0.1567576183,0.2589043325,-0.0182967867,-0.2409437034,0.3
0.3079694139,-0.1946774857,0.1574029391,0.2589188578,-0.0168992902,-0.2409405383,0.3
0.3073958402,-0.1946722998,0.1578228966,0.260161811,-0.0170238053,-0.2409338958,0.3
0.3070302072,-0.1946904493,0.160173871,0.2618245041,-0.0171484912,-0.2409338246,0.3
0.3066240704,-0.1946752458,0.1608760641,0.2622908846,-0.0150858119,-0.2408350469,0.3
0.3064387825,-0.1946875162,0.159763657,0.2627202821,-0.0140232757,-0.2408399025,0.3
0.3058080096,-0.194675252,0.1586451752,0.2631658253,-0.0138294329,-0.2408481105,0.3
0.3056746781,-0.1946362478,0.1570466856,0.2633698143,-0.0134726869,-0.2408479048,0.3
0.3059778,-0.1947031537,0.1578644444,0.2639415335,-0.0131947964,-0.2408643764,0.3
0.3057431437,-0.1947615776,0.1587627591,0.263408209,-0.01304883,-0.240857511,0.3
0.306414928,-0.1947283321,0.1573945051,0.2635524771,-0.0126864415,-0.2409648486,0.3
0.3063180543,-0.1947317314,0.1576079267,0.2638459972,-0.0112993993,-0.2409702829,0.3
0.3065543609,-0.1947227956,0.1571913833,0.2635105516,-0.0095145379,-0.2409923175,0.3
0.3058958787,-0.1947152376,0.1583480755,0.2645444317,-0.0081232976,-0.2409921199,0.3
0.3056554725,-0.1947215667,0.1585296271,0.2639810636,-0.0085474128,-0.2409905801,0.3
0.3048057224,-0.1947895126,0.1585751946,0.2642463781,-0.0066714091,-0.2405449614,0.3
0.3046855324,-0.1948015376,0.1593829434,0.2644504635,-0.0064373344,-0.2405416134,0.3
0.3048235493,-0.1947987266,0.1609577983,0.2647734999,-0.0045381835,-0.2405796794,0.3
0.3048682118,-0.1947698784,0.1612414822,0.2670582589,-0.0038847412,-0.2406048151,0.3
0.3054267353,-0.1947205582,0.1618297247,0.2662907311,-0.0026478401,-0.2405828122,0.3
0.3051317123,-0.1947231713,0.1613468694,0.2659372829,-0.0007069625,-0.2405922024,0.3
0.3051157841,-0.1947344098,0.1621755593,0.2644580173,-0.0008474533,-0.2406258968,0.3
0.3046317841,-0.1947046741,0.1626741629,0.2649389224,0.0010953676,-0.2406328268,0.3
0.3052112554,-0.1947137661,0.1627918805,0.2653201911,0.0020891592,-0.2406255925,0.3
0.305355952,-0.1946835001,0.161910501,0.2649066616,0.0039766947,-0.2406281759,0.3
0.3060697992,-0.1946564705,0.1616656594,0.2652508672,0.0047505994,-0.2406447495,0.3
0.3055549011,-0.1947302188,0.1614836364,0.2650142012,0.0045976601,-0.2404613648,0.3
0.3047184581,-0.1947321559,0.1621396681,0.2651390223,0.006217195,-0.2403293194,0.3
0.3047079806,-0.1947565254,0.1617962953,0.2654958349,0.0064669623,-0.2408402015,0.3
0.3050391721,-0.1947823146,0.1621092092,0.2649891044,0.0091947397,-0.2406648844,0.3
0.3047800595,-0.1948246556,0.163617361,0.2650507469,0.0104609349,-0.2407305778,0.3
0.3041519975,-0.1948170014,0.1628938863,0.2643231514,0.010518457,-0.2408637524,0.3
0.3045924696,-0.194860211,0.16416585,0.2644132544,0.0107220517,-0.2408533399,0.3
0.3041251667,-0.1948601136,0.1653910414,0.2653166761,0.0124492489,-0.2408704299,0.3
0.3037977746,-0.1948672587,0.1665534919,0.2669217368,0.0140322918,-0.240891762,0.3
0.3035312766,-0.1949231963,0.1682023056,0.2672063055,0.0140712011,-0.2408914051,0.3
0.3035546428,-0.1949360582,0.1685902764,0.2656086098,0.0145786606,-0.2408756496,0.3
0.3031695748,-0.1949615451,0.1677084083,0.2664886259,0.0156467785,-0.2410390874,0.3
0.3032758326,-0.1949833344,0.1672846369,0.2676072665,0.0156544938,-0.2409888564,0.3
0.3028973085,-0.1950223626,0.168342793,0.2668620778,0.0161287454,-0.2409796691,0.3
0.3026855417,-0.1950096751,0.1681470366,0.2668366973,0.0174291961,-0.2410466938,0.3
0.3024459134,-0.1949994011,0.169261624,0.2666427102,0.0192145927,-0.2411074376,0.3
0.3020757621,-0.19502065,0.171233873,0.2654418268,0.020462502,-0.2411146435,0.3
0.3018084189,-0.1950272432,0.1711372039,0.265746666,0.0222093911,-0.2411075704,0.3
0.301795634,-0.1951048837,0.1724354147,0.2659410946,0.0237456227,-0.2412207638,0.3
0.3021801978,-0.1951292873,0.173687867,0.2651186491,0.024541035,-0.241097582,0.3
0.30179526,-0.195179191,0.1753214516,0.2641344844,0.0271949949,-0.2411711729,0.3
0.3012853599,-0.1952170166,0.1758993627,0.2642965278,0.0281331847,-0.2411572972,0.3
0.3010038668,-0.1952147749,0.1766073577,0.2647148007,0.0287973594,-0.2411597343,0.3
0.3009704148,-0.1952112358,0.1768502461,0.2648790171,0.0280826139,-0.2411693655,0.3
0.3010031491,-0.1952500154,0.17747618,0.264047327,0.0302871955,-0.241185673,0.3
0.3008237486,-0.1952969059,0.1763472025,0.2640101938,0.0300247975,-0.2412089384,0.3
0.3008656072,-0.1952968708,0.1775096823,0.2638183257,0.0302959905,-0.2412479493,0.3
0.3006708152,-0.1953131189,0.1769933484,0.2655622177,0.0303357805,-0.2412203229,0.3
0.3003177633,-0.1953392696,0.1780053179,0.2654395566,0.0306239162,-0.2412204939,0.3
0.3001126814,-0.1953354847,0.1795095754,0.26565293,0.0303732297,-0.2412271412,0.3
0.3000975657,-0.1953625572,0.1794857906,0.2662650223,0.0320864989,-0.2411899341,0.3
0.299960063,-0.195390872,0.1799060344,0.2674560091,0.0320989834,-0.2411974465,0.3
0.2995509126,-0.1953875709,0.180149585,0.2681840102,0.0330866644,-0.2411955615,0.3
0.2998481068,-0.1953317006,0.1814223792,0.2683271553,0.0341032206,-0.2412113816,0.3
0.3000144244,-0.1953211544,0.1816263009,0.2679273578,0.0344965461,-0.2412279249,0.3
0.3000326303,-0.1953296138,0.1819325991,0.2682967979,0.0355525326,-0.2412284575,0.3
0.3000276744,-0.1953075023,0.1828853462,0.2688844181,0.0374449235,-0.24123083,0.3
0.299682411,-0.1952931629,0.1833092178,0.2696321191,0.0381028355,-0.2412339811,0.3
0.3000955416,-0.1952841488,0.1848264093,0.2699598031,0.0386524362,-0.2412424344,0.3
0.3000329484,-0.1953312678,0.1864021541,0.2697601118,0.0397582871,-0.2412396869,0.3
0.2997994966,-0.195326538,0.187483588,0.2698597234,0.0407926998,-0.2412357385,0.3
0.2998441806,-0.1953831822,0.1881525302,0.2698427202,0.0425975791,-0.2412446781,0.3
0.2999943662,-0.1953644025,0.1868743643,0.270194439,0.0439301615,-0.2412568105,0.3
0.2995225017,-0.1953672521,0.1872959053,0.2709866674,0.0436958326,-0.241266122,0.3
0.2995686607,-0.1953570177,0.1881957973,0.2705881959,0.0441516388,-0.2412661551,0.3
0.2997340289,-0.1953814846,0.189672279,0.2710070534,0.0448533711,-0.241254106,0.3
0.2996581336,-0.1953540057,0.1898668844,0.2713604536,0.0451879322,-0.2412628378,0.3
0.2996843627,-0.1953250031,0.1892425834,0.2709160911,0.0480629213,-0.2412585774,0.3
0.3000056172,-0.1953112388,0.1899221679,0.2705896645,0.0484280093,-0.2412770438,0.3
0.2997270206,-0.1953410021,0.1902630251,0.270113897,0.0500070771,-0.2412753962,0.3
0.2998006542,-0.195340265,0.1897287732,0.2696143899,0.0512467052,-0.2412810245,0.3
0.2995119902,-0.19534822,0.1917794079,0.269739169,0.051206128,-0.2412925439,0.3
0.2993206478,-0.1953737117,0.1918081591,0.2697966518,0.0519388607,-0.2412848417,0.3
0.2993560713,-0.1953901944,0.1915183712,0.2695376151,0.0523333949,-0.2412965283,0.3
0.2993063314,-0.1954289362,0.191184182,0.2696273128,0.0521309472,-0.2412875624,0.3
0.298870048,-0.1954550352,0.1909182735,0.2696402302,0.0526668416,-0.2396726397,0.3
0.2991564533,-0.1954528095,0.1914804846,0.2698311877,0.0550966581,-0.2410795124,0.3
0.2991980671,-0.1954363783,0.1912100149,0.2699552935,0.0559216392,-0.2415725298,0.3
0.2989820895,-0.1954638894,0.1905325976,0.2694302275,0.0555222781,-0.2415725298,0.3
0.2989645151,-0.1954820306,0.1909772779,0.2695835151,0.0569526097,-0.2415821527,0.3
0.2991475002,-0.1954980133,0.1901035219,0.2701344246,0.057597597,-0.2415982951,0.3
0.2991746807,-0.1954817335,0.1900448131,0.271355073,0.0581128242,-0.2415982951,0.3
0.2990402572,-0.1955266283,0.1890833684,0.2717763617,0.0579295337,-0.2415982951,0.3
0.2991467545,-0.1955640989,0.1895196566,0.2713525129,0.0580322388,-0.2416097745,0.3
0.2992110434,-0.1955314678,0.1906051077,0.2723350216,0.058772912,-0.2416767578,0.3
0.2988351425,-0.1955674354,0.1902226681,0.2713860213,0.0600873048,-0.2416801831,0.3
0.2985465672,-0.1956072619,0.189874578,0.2713252401,0.0604277848,-0.2416801831,0.3
0.2988554343,-0.1955859778,0.1906873926,0.2710576821,0.0621507986,-0.2416801831,0.3
0.2990492411,-0.1955468948,0.19161021,0.2711530111,0.0623863957,-0.2416688235,0.3
0.2989884265,-0.1955484453,0.1928780337,0.2710378061,0.061876869,-0.2416688235,0.3
0.2989444443,-0.1955361279,0.1928368373,0.2712561055,0.0628297383,-0.2416720918,0.3
0.2994951726,-0.1955238914,0.1935862208,0.2727005752,0.062804953,-0.2416782685,0.3
0.2992383627,-0.1955395425,0.1934591134,0.2727466563,0.0634631312,-0.2416797188,0.3
0.2995714169,-0.1955331322,0.193472785,0.273544661,0.063684797,-0.2416797188,0.3
0.300002655,-0.195563911,0.1931702188,0.2735518124,0.0642626749,-0.2416715849,0.3
0.2998999584,-0.1955408572,0.1933130303,0.2730975978,0.0644390138,-0.2416681037,0.3
0.29957854,-0.1955439598,0.1923800772,0.2723865017,0.0654413896,-0.2416881099,0.3
0.299393969,-0.1955716414,0.1937063892,0.2725647296,0.0658084204,-0.2416881099,0.3
0.2990900318,-0.1955345469,0.1944856763,0.2725870018,0.0662084984,-0.2416859861,0.3
0.2991144003,-0.1955259248,0.1945155858,0.2725995551,0.0658777169,-0.2416891961,0.3
0.2993710095,-0.1955488896,0.1943797187,0.272984416,0.0663021291,-0.2417006671,0.3
0.2990201755,-0.1955447375,0.1945034091,0.2732331623,0.0664108398,-0.2417081805,0.3
0.2986381179,-0.1955275364,0.1965462608,0.2728191382,0.0673152822,-0.2417081805,0.3
0.29877257,-0.1954892681,0.1974123833,0.2725105049,0.0670007136,-0.2417076931,0.3
0.2989022458,-0.1954826094,0.1972256441,0.2718790663,0.0675986814,-0.2417076931,0.3
0.2988952168,-0.1954283533,0.1977211899,0.2720338443,0.067797459,-0.2417191492,0.3
0.2990502287,-0.1954490368,0.1989880631,0.2726260681,0.067914855,-0.2417024912,0.3
0.2987529377,-0.1954739457,0.1988514832,0.2728749387,0.067916671,-0.2417028122,0.3
0.2984735621,-0.1954853769,0.2004466743,0.272495413,0.0678823428,-0.2416912834,0.3
0.2984985078,-0.1954660401,0.2014970162,0.2731981752,0.068681567,-0.2416935388,0.3
0.2984183568,-0.1954479144,0.2012336547,0.2728726394,0.0697493776,-0.2416979995,0.3
0.298568172,-0.1954431896,0.2020193556,0.2733944022,0.0700281495,-0.2416979995,0.3
0.2986726504,-0.1954910335,0.2019158372,0.2736923372,0.0708955281,-0.2417065669,0.3
0.2989973137,-0.1955001653,0.2005227701,0.273987787,0.0716998865,-0.2417190424,0.3
0.2991243136,-0.19551257,0.1999558204,0.2742390486,0.0724291652,-0.2417190424,0.3
0.2993558069,-0.1955345934,0.1995721515,0.27424468,0.0734018986,-0.2417190424,0.3
0.2994675745,-0.1955445249,0.201218313,0.2741560663,0.0749866408,-0.2417190424,0.3
0.2997591987,-0.195546167,0.2018136375,0.2737808034,0.0757828074,-0.2417211793,0.3
0.2996958148,-0.1955841612,0.2007366166,0.2742448059,0.075672856,-0.2417211793,0.3
0.2998796286,-0.1956061516,0.2003316777,0.2741963426,0.0768138089,-0.2417276185,0.3
0.2997505954,-0.1956189097,0.2002610286,0.27433758,0.0769947575,-0.2417957092,0.3
0.2997338548,-0.195607098,0.200518627,0.2746198192,0.0797855574,-0.2417957092,0.3
0.2995077196,-0.195574681,0.1998714133,0.2742873415,0.0801180809,-0.2417957092,0.3
0.2993284984,-0.1955605743,0.1991066403,0.2740061754,0.0798497831,-0.2417953935,0.3
0.2989658728,-0.1955739022,0.2002387293,0.2740580025,0.0801896143,-0.2418283356,0.3
0.2986842675,-0.1955736122,0.2009489419,0.2736775023,0.0802669629,-0.2418328782,0.3
0.2987760617,-0.1955694674,0.2012149004,0.2737588953,0.0800461903,-0.2418269287,0.3
0.2989564671,-0.1955625471,0.201889361,0.2738973138,0.0804588148,-0.2418219437,0.3
0.2990869679,-0.1956184974,0.2025649241,0.2739883022,0.0809112963,-0.2418219437,0.3
0.2986309532,-0.1955972778,0.2035266539,0.2740802535,0.081109363,-0.2418182058,0.3
0.2984540375,-0.1956099664,0.2048419422,0.273867064,0.0814489948,-0.2418227797,0.3
0.2986009555,-0.1956232869,0.2062295992,0.2741423484,0.0817424712,-0.2418422411,0.3
0.2985916217,-0.1956227829,0.2068232273,0.2736346018,0.082562537,-0.2418411154,0.3
0.2987460264,-0.1956174714,0.2072749839,0.274187048,0.082978826,-0.2418410748,0.3
0.2991677608,-0.1956206698,0.2070159276,0.2741999849,0.0846766434,-0.2418410748,0.3
0.2991914403,-0.1956230962,0.2077571269,0.2737677,0.0856114959,-0.2418346861,0.3
0.2990770373,-0.1955952693,0.2082175871,0.273235762,0.0854951367,-0.2418411869,0.3
0.2989926727,-0.1956351761,0.2082178458,0.2735032803,0.0867032062,-0.2418411869,0.3
0.2991743243,-0.1956491691,0.2081055751,0.2736351994,0.0868567917,-0.2418416416,0.3
0.2989183452,-0.1956233801,0.2082502263,0.2726053875,0.0877087919,-0.2418416416,0.3
0.2990990929,-0.1956521158,0.2098949808,0.2729350115,0.0884776776,-0.2418416416,0.3
0.2989059736,-0.1956598302,0.2105044234,0.2723848548,0.0894428424,-0.2418420791,0.3
0.2992164807,-0.1956853851,0.2105193683,0.2723642529,0.089764484,-0.2418135719,0.3
0.2989475124,-0.1957290293,0.210389522,0.2722901096,0.0907744825,-0.2418204191,0.3
0.2987915379,-0.1957342025,0.2102747456,0.2725834155,0.090793745,-0.2418204191,0.3
0.2989515067,-0.1957494048,0.2104109339,0.2728146697,0.0910540695,-0.2418113887,0.3
0.298329649,-0.1957843675,0.2106725182,0.2729423361,0.0908267091,-0.2418113887,0.3
0.2978901775,-0.1957667442,0.2120538802,0.2734970965,0.0908012975,-0.2418113887,0.3
0.2979631255,-0.1957501782,0.2135489942,0.2733016148,0.0911281464,-0.2418113887,0.3
0.2979115163,-0.1957285353,0.2131300357,0.272885882,0.0915462087,-0.2418183623,0.3
0.2979483827,-0.195746852,0.213391865,0.2729864957,0.092414866,-0.2418183623,0.3
0.2979927506,-0.1957671038,0.2128158741,0.2733208227,0.0935479803,-0.2418183623,0.3
0.2983892338,-0.1957532257,0.2130447598,0.2740717697,0.0945521153,-0.2418136563,0.3
0.2987608252,-0.1957521954,0.2125822847,0.2738511822,0.0943113203,-0.2418060011,0.3
0.2989779896,-0.1957641104,0.2117416838,0.2739306367,0.0953331906,-0.2418040616,0.3
0.2992119331,-0.1957882493,0.2118837436,0.273498321,0.096035295,-0.2417950544,0.3
0.2992605967,-0.1957989338,0.2123665455,0.2738648799,0.0960257662,-0.2417955879,0.3
0.2998488568,-0.1957909364,0.2132203268,0.2731883895,0.0970518643,-0.2417955879,0.3
0.3000265985,-0.1958220903,0.214359694,0.2729069617,0.0971074653,-0.2418008405,0.3
0.2999060185,-0.1958429134,0.214448748,0.2725974833,0.0976854976,-0.2418030043,0.3
0.2997509068,-0.1958364229,0.2140010426,0.2727143267,0.0980275139,-0.2418030043,0.3
0.2995672696,-0.1958605778,0.2143910269,0.272872316,0.0991228069,-0.2418030043,0.3
0.2998209599,-0.1958723939,0.2150512964,0.2728722806,0.0989533443,-0.2418064612,0.3
0.2997132175,-0.1958833807,0.2156098692,0.2725183765,0.0990479839,-0.2418051441,0.3
0.2998393354,-0.1959241562,0.2168788199,0.2726863883,0.0993883609,-0.2418051441,0.3
0.2996553588,-0.1959221413,0.2173846976,0.2731144166,0.0998960706,-0.2418250871,0.3
0.2999111047,-0.1959134286,0.2178833297,0.2729679308,0.0998735196,-0.2418250871,0.3
0.2996588824,-0.19592615,0.2185163416,0.2726369994,0.0999999638,-0.2418652017,0.3
0.2998387569,-0.1959506784,0.2188647377,0.2726561978,0.1013277046,-0.2418874674,0.3
0.2996905028,-0.195960535,0.2190923183,0.2726271751,0.1021362761,-0.2418886815,0.3
0.2995773943,-0.195938146,0.2203808467,0.2718200168,0.101967171,-0.2418839906,0.3
0.2996577458,-0.1959122725,0.2200036845,0.2723721259,0.1013522429,-0.24185794,0.3
0.2998366269,-0.1959476476,0.2188137496,0.2725468119,0.101790651,-0.24185794,0.3
0.2999431819,-0.1959407077,0.2194960357,0.2721871831,0.1021166688,-0.24185794,0.3
0.3000943201,-0.1959524202,0.2196407452,0.2726931906,0.1024350359,-0.241858291,0.3
0.3001013987,-0.1959300515,0.2196547094,0.2725735864,0.102886413,-0.241858291,0.3
0.3000941592,-0.1959334508,0.2206616057,0.273557001,0.1050398395,-0.241858291,0.3
0.2998623018,-0.1959380383,0.2199967043,0.2740434328,0.1051300452,-0.241858291,0.3
0.2997034058,-0.1959447189,0.2196380752,0.2746149168,0.1051495945,-0.2411949992,0.3
0.2999044253,-0.1959509286,0.2204181363,0.2743427228,0.1052820032,-0.241563661,0.3
0.2997657026,-0.1959433213,0.2205872954,0.2739030587,0.1052794774,-0.241563661,0.3
0.3000265801,-0.1959237921,0.2212906148,0.2746465774,0.1049138737,-0.2415675499,0.3
0.3000316874,-0.1959299998,0.2214799237,0.2738698487,0.1065083868,-0.2416836596,0.3
0.2999336004,-0.1959351963,0.2213358839,0.2740027697,0.1064030132,-0.2416836596,0.3
0.299912567,-0.195948153,0.2211274467,0.2742786784,0.1066675679,-0.2416836596,0.3
0.2998977462,-0.1959265377,0.2212024963,0.274961895,0.1067384924,-0.2416836596,0.3
0.2995753258,-0.1959248729,0.221883582,0.2750017119,0.1077287235,-0.2416917073,0.3
0.3002546082,-0.1959382383,0.2234386519,0.2751796118,0.1086114422,-0.2416917073,0.3
0.2998478854,-0.1959205584,0.2228630456,0.2753745047,0.109105468,-0.2416917073,0.3
0.2997018962,-0.1959181173,0.2236065353,0.275665429,0.1091890232,-0.2421672,0.3
0.2999432526,-0.1959048023,0.2242592423,0.2761838272,0.109512196,-0.2421672,0.3
0.3002380837,-0.1958865951,0.2239395032,0.2760288137,0.1100094845,-0.2421672,0.3
0.2999342259,-0.1958700135,0.2241258424,0.2767243871,0.1110572196,-0.2421672,0.3
0.2999401195,-0.1958913376,0.2231835815,0.2765684093,0.1110163676,-0.2421672,0.3
0.2999125326,-0.1958690895,0.2230064203,0.2773098699,0.1119729807,-0.2421672,0.3
0.299733868,-0.195873481,0.2230141311,0.2777093967,0.1123678958,-0.2421672,0.3
0.2995115168,-0.1958924491,0.2235750499,0.2782855288,0.1129118564,-0.2424437756,0.3
0.2995451207,-0.1958795639,0.2232900882,0.278714811,0.1130164229,-0.2424437756,0.3
0.2995017705,-0.1958872253,0.2236887685,0.2790616815,0.1139851748,-0.2424437756,0.3
0.29962033,-0.1958824953,0.2241632863,0.2789468241,0.1144419295,-0.242446297,0.3
0.2999949392,-0.1958630368,0.2243944247,0.2796050701,0.1146642402,-0.242446297,0.3
0.3002767021,-0.1958730511,0.2248781807,0.2798688305,0.1147726253,-0.242446297,0.3
0.3000907595,-0.1958227479,0.2251051804,0.2809320044,0.1144610676,-0.242446297,0.3
0.3001593103,-0.1958577332,0.2261741212,0.2810080817,0.1151595577,-0.242446297,0.3
0.3005306331,-0.1958233427,0.2264276234,0.2814176444,0.1155308037,-0.242446297,0.3
0.3002740862,-0.1958185824,0.2266073174,0.2811669866,0.1149509893,-0.242446297,0.3
0.300248535,-0.1958197654,0.2272115364,0.2812558185,0.1150174767,-0.242446297,0.3
0.3001218177,-0.1958301685,0.2268712016,0.2805848516,0.1147025248,-0.242446297,0.3
0.2999206659,-0.1958562569,0.2259318463,0.2800200942,0.1146364287,-0.242446297,0.3
0.2998327148,-0.1958371004,0.2264211367,0.2793154648,0.1150589173,-0.242446297,0.3
0.2998357329,-0.195849481,0.2271222682,0.279172088,0.1147363674,-0.242446297,0.3
0.2996920277,-0.1958404872,0.2274693824,0.2789734577,0.1144765672,-0.2424570036,0.3
0.2998013022,-0.1958604309,0.2280476371,0.2787174754,0.1147715964,-0.2424570036,0.3
0.3003119915,-0.1958654081,0.2279187848,0.2791081054,0.1149815653,-0.2424570036,0.3
0.3000447789,-0.1958699073,0.2274565128,0.2792523241,0.1153957263,-0.2424570036,0.3
0.3001004351,-0.1958617902,0.2277335575,0.2788564529,0.1161734532,-0.2424570036,0.3
0.3001361669,-0.1958681237,0.2280393937,0.279127412,0.1169859303,-0.2424570036,0.3
0.3004043413,-0.1958681352,0.2282774932,0.2789928732,0.1178575052,-0.2424570036,0.3
0.3003465204,-0.1958699017,0.2289800405,0.279135971,0.118302484,-0.2424570036,0.3
0.3004378344,-0.1958656954,0.2299300385,0.278706825,0.1186394631,-0.2424570036,0.3
0.3003983753,-0.1958579167,0.2309147148,0.2785531041,0.1192753515,-0.2424485728,0.3
0.3003637984,-0.1958751771,0.2321190832,0.2781024287,0.1201551016,-0.2424421835,0.3
0.3001777143,-0.195842469,0.2317542891,0.2784669841,0.1205099171,-0.2424421835,0.3
0.3002312561,-0.195818841,0.2316738328,0.2778684675,0.1216411406,-0.242491771,0.3
0.3002238522,-0.1957951572,0.2313781745,0.2780057037,0.1224742116,-0.242491771,0.3
0.3002106039,-0.1957874361,0.2313132935,0.2776012546,0.1225274722,-0.242491771,0.3
0.3003028723,-0.195786229,0.2310628506,0.277266913,0.1222430981,-0.242491771,0.3
0.3002137848,-0.1957775824,0.2314197925,0.2768582369,0.1226426998,-0.2424796446,0.3
0.3002058757,-0.1957784507,0.2312317144,0.276919761,0.1226272675,-0.2424796446,0.3
0.3002815568,-0.1957825136,0.2306907192,0.2775985843,0.122915633,-0.2424796446,0.3
0.3001799993,-0.1958123007,0.231000172,0.2773071162,0.1230719988,-0.2424796446,0.3
0.2999141779,-0.1958342647,0.2311667848,0.2769480482,0.1229320091,-0.2424796446,0.3
0.3001732289,-0.1958381464,0.2318227031,0.2764088865,0.1233677709,-0.2424796446,0.3
0.2998627465,-0.1958418491,0.2321264397,0.2768670158,0.124024027,-0.2424796446,0.3
0.2999492006,-0.1958783471,0.2312479156,0.2768694055,0.1240315759,-0.2424796446,0.3
0.2998385055,-0.1958814886,0.2314835932,0.2772589027,0.124609886,-0.2424796446,0.3
0.29994189,-0.195848893,0.231451384,0.27756626,0.1244528383,-0.2424796446,0.3
0.2999035819,-0.195848048,0.2312425415,0.2776025928,0.1248242697,-0.2424796446,0.3
0.3000949893,-0.1958404632,0.2314161579,0.2773310744,0.1251510628,-0.2424797808,0.3
0.2999864173,-0.1958361549,0.2305310227,0.2777364569,0.1253505892,-0.2424797808,0.3
0.3000132519,-0.1958578349,0.2300827319,0.2778079593,0.1258875033,-0.2424797808,0.3
0.3003459247,-0.1958681277,0.230137726,0.2781192649,0.1259811981,-0.2424797808,0.3
0.3005553547,-0.1958555618,0.2308145974,0.2787051927,0.1261574888,-0.2424797808,0.3
0.3006374914,-0.1958469471,0.2296886106,0.2789500726,0.1265404403,-0.2424797808,0.3
0.3003493707,-0.1958564397,0.2306924093,0.2785756256,0.1267134023,-0.2424797808,0.3
0.3002784319,-0.19588655,0.2301983526,0.2784500975,0.1272427076,-0.2424797808,0.3
0.3003922563,-0.1958774261,0.22996163,0.2780297436,0.1279883208,-0.2424797808,0.3
0.3003044899,-0.19588965,0.2295848687,0.2777897208,0.1281408042,-0.2424797808,0.3
0.30013739,-0.1958836687,0.2291728119,0.2773986949,0.1282893622,-0.2424797808,0.3
0.299978969,-0.1958595711,0.2294947315,0.277308464,0.1279163057,-0.2424797808,0.3
0.3002777823,-0.1958432026,0.2300347538,0.2773451355,0.1279103056,-0.2424797808,0.3
0.3003856533,-0.1958637359,0.2284338019,0.277717056,0.1280161298,-0.2424797808,0.3
0.3003898549,-0.1958493927,0.2281993153,0.277951618,0.1281180915,-0.2424797808,0.3
0.3000969442,-0.1958458791,0.2283848947,0.2778683295,0.1277513964,-0.2424797808,0.3
0.3000738979,-0.1958396648,0.2294063596,0.277671303,0.1281194299,-0.2424797808,0.3
0.3001892544,-0.195825031,0.2293335121,0.2775585907,0.1279842899,-0.2424797808,0.3
0.3001998811,-0.195835419,0.2290630379,0.2775878944,0.1282103755,-0.2425665767,0.3
0.300227139,-0.1958407941,0.2303519569,0.2776875041,0.1292215011,-0.2425665767,0.3
0.3001674313,-0.1958485549,0.2304039627,0.2778626346,0.1289965306,-0.2425665767,0.3
0.2999476404,-0.195855222,0.2311773328,0.2775353474,0.1295449203,-0.2425665767,0.3
0.2999057805,-0.1958817247,0.2315080236,0.277770278,0.129616168,-0.2425665767,0.3
0.3000238403,-0.1958709122,0.2312151473,0.2781403816,0.1301377849,-0.2425665767,0.3
0.3001456065,-0.1958760408,0.2313277966,0.2783264366,0.1300193174,-0.2425665767,0.3
0.3001181238,-0.1958841574,0.2319925875,0.2782377525,0.1300030284,-0.2425665767,0.3
0.2998642993,-0.1958751014,0.2315092234,0.2783574891,0.1303973643,-0.2425665767,0.3
0.2999168347,-0.1958837895,0.2312656605,0.2785529702,0.1303126366,-0.2425665767,0.3
0.2998689846,-0.1958833609,0.2312992683,0.278261656,0.1304725826,-0.2425665767,0.3
0.2997179603,-0.1958680819,0.2307003346,0.2777905873,0.131405532,-0.2425665767,0.3
0.2996044951,-0.1958767793,0.2306109707,0.2779108495,0.1310500425,-0.2425665767,0.3
0.2996567699,-0.1958819348,0.2301646446,0.2780686214,0.1316283833,-0.2425863583,0.3
0.2996242501,-0.1958685065,0.2301115021,0.2780508242,0.1314997507,-0.2425863583,0.3
0.2995133087,-0.1958657771,0.2308262191,0.2784918438,0.1321375738,-0.2425903548,0.3
0.2996446958,-0.1958657667,0.2301708871,0.2783407434,0.1318494752,-0.2425514649,0.3
0.2997759345,-0.1958563861,0.2296752306,0.2782862953,0.1315950961,-0.2425514649,0.3
0.2997897848,-0.1958468575,0.2297154388,0.2785468762,0.1318313118,-0.2425514649,0.3
0.2997738051,-0.1958206116,0.2292636369,0.2787606491,0.1329183694,-0.2425514649,0.3
0.2998421751,-0.1958222158,0.2292620822,0.2796815191,0.133167292,-0.2425514649,0.3
0.2997611873,-0.1957955872,0.2292350761,0.2796667412,0.1334731898,-0.2425514649,0.3
0.2996320013,-0.195788963,0.2291934124,0.2796608973,0.1339886163,-0.2425514649,0.3
0.299328509,-0.1958060172,0.2283699836,0.2794772604,0.1340694017,-0.2425514649,0.3
0.299395344,-0.1958014006,0.2286908935,0.2791279608,0.1354217165,-0.2425514649,0.3
0.2993079885,-0.1957994646,0.2288740355,0.2793000508,0.1356001156,-0.2425514649,0.3
0.2990986082,-0.1958072832,0.2288026543,0.2791141049,0.1356575679,-0.2425514649,0.3
0.2991157509,-0.1958445569,0.2294108874,0.27948018,0.1356371253,-0.2425514649,0.3
0.2990412718,-0.1958295064,0.2296552503,0.2794535052,0.1357935631,-0.2425514649,0.3
0.2990086734,-0.1958155433,0.2298747999,0.2795980711,0.1357297841,-0.2425514649,0.3
0.2990128406,-0.1957974251,0.2287643325,0.279741047,0.1359556509,-0.2425514649,0.3
0.29912768,-0.1958027065,0.2288147316,0.2794324947,0.1363936755,-0.2425514649,0.3
0.2989592753,-0.1958262137,0.2280687442,0.279353264,0.137079184,-0.2425514649,0.3
0.298913744,-0.1958515373,0.2286896373,0.2795882373,0.1370979897,-0.2425514649,0.3
0.2989930197,-0.1958584,0.2282073038,0.279827291,0.1377161614,-0.2425514649,0.3
0.2988888394,-0.1958683798,0.2284334631,0.280445223,0.1379111726,-0.2425429265,0.3
0.2990062179,-0.1958730879,0.2285154113,0.2801216534,0.1384566866,-0.2425429265,0.3
0.2989102375,-0.1958889763,0.2280683314,0.2794188779,0.1390433445,-0.2425429265,0.3
0.2988619672,-0.1959065896,0.2279475018,0.2793692325,0.1403386565,-0.2425429265,0.3
0.2989766321,-0.1959197741,0.2291133349,0.2796416226,0.1408488029,-0.2425429265,0.3
0.2987319601,-0.1959292536,0.2301421159,0.2792618603,0.1409431014,-0.2425429265,0.3
0.2990067134,-0.1959586705,0.2301308095,0.2790736707,0.140619028,-0.2425429265,0.3
0.2989444392,-0.1959705336,0.2300617722,0.2791800221,0.140353086,-0.2425429265,0.3
0.2993705222,-0.1959873976,0.230487071,0.2797344494,0.1410134246,-0.2425429265,0.3
0.2994527948,-0.1959712427,0.2303483353,0.2795371017,0.1416664172,-0.2425429265,0.3
0.2995394451,-0.1960020032,0.2305224882,0.2799430772,0.1410092259,-0.2425429265,0.3
0.2995630143,-0.1960292029,0.2306131241,0.2795304325,0.1410281868,-0.2425429265,0.3
0.2994792493,-0.1960493553,0.2304930927,0.2799586375,0.1411230153,-0.2425429265,0.3
0.2997309569,-0.1960518944,0.2312935034,0.2803613936,0.141752514,-0.2425429265,0.3
0.2997557586,-0.1960483193,0.2309055566,0.280657007,0.1415636596,-0.2425439735,0.3
0.2996503212,-0.1960695887,0.2302536511,0.2806040365,0.1416657575,-0.2425439735,0.3
0.2996640888,-0.1961013159,0.2312976085,0.2806847112,0.142910398,-0.2425439735,0.3
0.2998509867,-0.1960989622,0.2307307485,0.280896304,0.1435021349,-0.2425439735,0.3
0.2997908369,-0.1961372651,0.2308468385,0.2807902719,0.1435718454,-0.2425530833,0.3
0.2994992079,-0.1961450665,0.231030247,0.2807779394,0.1437321071,-0.2425530833,0.3
0.2995835138,-0.1961389807,0.2315789292,0.2812395651,0.1438507216,-0.2425530833,0.3
0.2997129241,-0.1961369306,0.2314336313,0.2819465664,0.1444244796,-0.2425530833,0.3
0.2998056642,-0.1961496142,0.2305933553,0.2820590653,0.1447879459,-0.2425530833,0.3
0.2998410679,-0.1961178111,0.2307489307,0.2826110949,0.1448158731,-0.2425530833,0.3
0.2997382302,-0.1961345048,0.2314266268,0.2827458667,0.1448967863,-0.2425530833,0.3
0.2998391599,-0.196136218,0.2320461544,0.2828293174,0.1454337764,-0.2425530833,0.3
0.2997713929,-0.1961207857,0.2321005139,0.2829881647,0.1464113726,-0.2425530833,0.3
0.299897471,-0.1961207366,0.2323075558,0.2831127504,0.1462310857,-0.2425530833,0.3
0.299896001,-0.1961199192,0.2319774581,0.2836555366,0.1466458835,-0.2425530833,0.3
0.2998526548,-0.1961112573,0.2313598925,0.2838440101,0.147386888,-0.2425530833,0.3
0.2997669229,-0.1961002829,0.2313635915,0.284314487,0.1485180197,-0.2425530833,0.3
0.2997876011,-0.196113341,0.231392118,0.2849682805,0.1484346474,-0.2425530833,0.3
0.2998187211,-0.1961071684,0.2321041432,0.2854293701,0.1484406429,-0.2425530833,0.3
0.2998266479,-0.1961180556,0.2325453308,0.2853501724,0.1501532694,-0.2425530833,0.3
0.2998487706,-0.196141474,0.2321631999,0.2853904639,0.1501829308,-0.2425530833,0.3
0.2997637892,-0.1961445025,0.2323917314,0.2852045324,0.1502755312,-0.2425530833,0.3
0.3000276134,-0.1961089379,0.2315530295,0.2855699576,0.1505799619,-0.2425530833,0.3
0.3001033877,-0.1961234553,0.2317629853,0.2859104098,0.1507070664,-0.2425530833,0.3
0.3000659981,-0.196118162,0.2316268366,0.2860551629,0.1507246034,-0.2425530833,0.3
0.3001162499,-0.1961187515,0.2321671807,0.2862259438,0.1507643782,-0.2425530833,0.3
0.3002839905,-0.1960931742,0.2324265878,0.28587995,0.1510623734,-0.2425530833,0.3
0.3002782392,-0.1961031309,0.2330512737,0.2862607083,0.1509993259,-0.2425530833,0.3
0.3003233567,-0.1960842369,0.2326118449,0.2863340472,0.1508474707,-0.2425530833,0.3
0.300364953,-0.196082691,0.2338766928,0.2868377314,0.1506989516,-0.2425530833,0.3
0.3003849498,-0.1960814062,0.2346331917,0.2871320957,0.1511246265,-0.2425491978,0.3
0.3003984305,-0.1960736324,0.2339571447,0.2870904278,0.151237394,-0.2425491978,0.3
0.3004292555,-0.196066894,0.2341629928,0.2867208074,0.1523418213,-0.2425491978,0.3
0.3004407483,-0.1960563615,0.2342900005,0.2864782236,0.1525731728,-0.2425491978,0.3
0.3003208248,-0.19604897,0.2347661851,0.2864246434,0.1524167248,-0.2425491978,0.3
0.3001820526,-0.1960692642,0.2350509341,0.286155825,0.1524734447,-0.2425491978,0.3
0.3003405925,-0.1960828574,0.2353310682,0.2861258253,0.1535955328,-0.2425491978,0.3
0.3004805271,-0.1960769671,0.2357521431,0.2863104717,0.153577074,-0.2419724962,0.3
0.3005026873,-0.1960676966,0.2354091281,0.2864398686,0.153824934,-0.2427160416,0.3
0.3004771402,-0.1960821732,0.2354522509,0.2861154951,0.1539830688,-0.2427021344,0.3
0.3006817307,-0.1960973656,0.2352456143,0.2861725357,0.154785661,-0.2427021344,0.3
0.3008106856,-0.196089436,0.235316075,0.2867664896,0.1547743138,-0.2427021344,0.3
0.3007815229,-0.1960685171,0.2361279534,0.2869824739,0.1552328826,-0.2427021344,0.3
0.3009123307,-0.1960652617,0.2364881861,0.287487736,0.1551254782,-0.2427021344,0.3
0.30108009,-0.1960811038,0.2366293472,0.2877186021,0.1552885487,-0.2427021344,0.3
0.300994364,-0.1960751698,0.2367092669,0.2874623256,0.1555315414,-0.2427021344,0.3
0.3010623723,-0.1960607533,0.2365094064,0.2875512703,0.1554023644,-0.2427021344,0.3
0.3010475304,-0.1960501941,0.2370380959,0.2876376022,0.1565871077,-0.2427021344,0.3
0.3009345531,-0.1960495538,0.2374043334,0.2871455436,0.1563977237,-0.2427021344,0.3
0.3007555385,-0.1960607949,0.2373006072,0.2867669611,0.1567917925,-0.2427021344,0.3
0.3007767202,-0.196056628,0.2365010211,0.2870901636,0.1570287173,-0.2427021344,0.3
0.3006137808,-0.1960375326,0.2369767404,0.2869555586,0.157079339,-0.2427034747,0.3
0.3007319185,-0.1960380859,0.2369096157,0.287165044,0.1568955231,-0.2427034747,0.3
0.300833695,-0.1960439091,0.2362134545,0.2872750449,0.157595265,-0.2427034747,0.3
0.3007691864,-0.1960318556,0.2364562583,0.2865203439,0.1581978654,-0.2427034747,0.3
0.3007103525,-0.1960361521,0.2371934676,0.2867158537,0.1586367238,-0.2427034747,0.3
0.3008581741,-0.1960485066,0.2371742844,0.2868935637,0.1585401441,-0.2427034747,0.3
0.3008784026,-0.1960348431,0.2361880522,0.2868537499,0.1584414817,-0.2427034747,0.3
0.3010644031,-0.196034022,0.2365231066,0.2872391799,0.1587055391,-0.2427034747,0.3
0.301065279,-0.1960167658,0.2364469428,0.28714579,0.1592417945,-0.2427034747,0.3
0.3010487819,-0.1960076913,0.2361051073,0.2871363525,0.1595576555,-0.2427034747,0.3
0.3011560925,-0.1960123071,0.235403286,0.287292531,0.1602013056,-0.2427034747,0.3
0.301184096,-0.196015031,0.2349935252,0.2877714484,0.1601327005,-0.2427034747,0.3
0.3012623344,-0.1959872574,0.2345028484,0.2877622672,0.1604901281,-0.2427034747,0.3
0.3012746014,-0.1960077205,0.2355381665,0.2879400199,0.1603659614,-0.2427034747,0.3
0.3011725659,-0.196031257,0.2360840152,0.2880211147,0.1606518438,-0.2427034747,0.3
0.3012210378,-0.1960586198,0.2365476513,0.2882270194,0.1610034499,-0.2427034747,0.3
0.3011745037,-0.1960727666,0.2364210836,0.2885484396,0.161194907,-0.2427034747,0.3
0.3011507009,-0.1960637196,0.2373630159,0.2887933331,0.1608344298,-0.2427034747,0.3
0.3009967899,-0.196057666,0.2371436072,0.2892175129,0.1608834927,-0.2426180677,0.3
0.3011017669,-0.1960335308,0.2370941322,0.2890503132,0.1610894928,-0.2426180677,0.3
0.3013436459,-0.1960308009,0.2376214204,0.2891426009,0.1609496189,-0.2426180677,0.3
0.3015456079,-0.1960360688,0.237890749,0.2891771523,0.1612020786,-0.2426180677,0.3
0.3015408646,-0.196030582,0.2376528562,0.2890184912,0.1613978131,-0.2426180677,0.3
0.3014330547,-0.1960165229,0.2375636719,0.2888806155,0.1614729536,-0.2426180677,0.3
0.3014419681,-0.1960081975,0.2377234285,0.2889369842,0.1616139028,-0.2426116112,0.3
0.3016765247,-0.1960115156,0.2378826843,0.2888584696,0.161330266,-0.2426116112,0.3
0.3014913639,-0.1960421584,0.2383147514,0.2887730519,0.1614964115,-0.2426064681,0.3
0.3014783531,-0.1960619016,0.2388497518,0.2883615147,0.1613751513,-0.2426064681,0.3
0.3012968333,-0.1960623469,0.2384720221,0.288956606,0.1614436476,-0.2425758736,0.3
0.3011084227,-0.1960473255,0.238589138,0.2892338197,0.1610746794,-0.2425758736,0.3
0.3010102948,-0.1960414842,0.2391234928,0.2888803316,0.1616609911,-0.2425706669,0.3
0.3009774681,-0.1960289222,0.2398175588,0.289105007,0.1615584051,-0.2425728017,0.3
0.3008639628,-0.1960244934,0.2399752879,0.2893006068,0.1612090337,-0.2425728017,0.3
0.3006733025,-0.1960476196,0.2396773663,0.2895379315,0.1614924916,-0.2425728017,0.3
0.3005095094,-0.1960261644,0.2390517712,0.2897644062,0.1621073292,-0.2425728017,0.3
0.3004875181,-0.19600322,0.2381582014,0.2895637545,0.1625479761,-0.2425728017,0.3
0.3004167143,-0.1960134706,0.2387561837,0.2896935452,0.1626816058,-0.2425863243,0.3
0.3003637245,-0.1960042116,0.2394415311,0.2894847886,0.1629210862,-0.2425863243,0.3
0.3005842771,-0.1960057021,0.2399127387,0.2896716459,0.1637819706,-0.2425863243,0.3
0.3006335223,-0.1960083674,0.2391723226,0.2894218539,0.1646463386,-0.2425863243,0.3
0.300709369,-0.1960043149,0.2393871489,0.2890821405,0.164969644,-0.2425863243,0.3
0.3008234371,-0.1960295265,0.2395273914,0.2891293283,0.1655269121,-0.2425863243,0.3
0.3009181725,-0.1960235084,0.2391924538,0.2890238857,0.1661877112,-0.2425863243,0.3
0.3008983999,-0.196014232,0.2390899565,0.288766959,0.1662732412,-0.2425863243,0.3
0.3008783126,-0.1960274418,0.2389455487,0.2891466645,0.1663683219,-0.2425863243,0.3
0.3011613647,-0.1960378086,0.238632943,0.2892217383,0.1666194814,-0.2425824241,0.3
0.3012878771,-0.1960410979,0.2392434575,0.2892499559,0.1667860976,-0.2425824241,0.3
0.3013332969,-0.1960399134,0.2390608515,0.2896407004,0.1668892079,-0.2425671244,0.3
0.3013428126,-0.196046464,0.2392391949,0.289584219,0.1673849996,-0.2425507189,0.3
0.301266316,-0.1960286481,0.2395415578,0.2897580999,0.1671971729,-0.2425507189,0.3
0.3008931396,-0.1960131379,0.2397174124,0.2898974403,0.1672206125,-0.2425507189,0.3
0.3009389167,-0.1960184959,0.2398123161,0.2894369118,0.1675070878,-0.2425507189,0.3
0.3010900205,-0.1960174477,0.2395462354,0.2897478888,0.167443194,-0.2425864381,0.3
0.3012043065,-0.1960178726,0.2397748698,0.2900272321,0.1671425681,-0.2425864381,0.3
0.3010745012,-0.196004728,0.2401991901,0.2897059964,0.1671649504,-0.2425864381,0.3
0.3008722642,-0.196005511,0.240667474,0.2901247338,0.1673209452,-0.2426037273,0.3
0.3006250644,-0.1960149141,0.2411903686,0.290164261,0.1673423473,-0.2426037273,0.3
0.3004020073,-0.1960053573,0.2412143592,0.2903649729,0.1678695671,-0.2426037273,0.3
0.3004472592,-0.1960269654,0.2415859673,0.2904317812,0.168105749,-0.2426155872,0.3
0.3004172834,-0.1960222364,0.2409389087,0.2904700681,0.1686552814,-0.2426155872,0.3
0.3004251225,-0.1960417047,0.2405622014,0.2908220967,0.1687830321,-0.2426155872,0.3
0.3004590462,-0.196028562,0.2411087673,0.290944108,0.1692146843,-0.2426155872,0.3
0.3004366658,-0.1960345887,0.2414331568,0.2912472925,0.1693819713,-0.2426155872,0.3
0.3006215636,-0.1960170225,0.2416911174,0.2915003129,0.1692904827,-0.242610313,0.3
0.300693653,-0.196003768,0.2417796425,0.29130717,0.1693630723,-0.2426136303,0.3
0.3007094932,-0.1960210564,0.2413555572,0.290843198,0.169417509,-0.2426136303,0.3
0.3004738431,-0.1960302674,0.2410402474,0.290828163,0.1692529705,-0.2426136303,0.3
0.3004189829,-0.1960554716,0.2419628952,0.2912031115,0.1696738017,-0.2426136303,0.3
0.3004963652,-0.1960644179,0.2428960555,0.2912164145,0.1695604879,-0.2426136303,0.3
0.3003654738,-0.1960866209,0.2433994284,0.2910155545,0.1688668636,-0.2426136303,0.3
0.3004218265,-0.1960778406,0.2433735198,0.2909834491,0.1689238069,-0.2426136303,0.3
0.3004927554,-0.1961119992,0.2435537941,0.2910709411,0.1689801927,-0.2426136303,0.3
0.3004624386,-0.1960836413,0.2437876266,0.2917722145,0.1691525312,-0.2426136303,0.3
0.3005542952,-0.1960766482,0.2438754844,0.2914035947,0.1694651294,-0.2426136303,0.3
0.3005229033,-0.1960666801,0.2442675505,0.2915079911,0.1694657174,-0.2426136303,0.3
0.3002495563,-0.196075817,0.2443156603,0.29162743,0.169939694,-0.2426136303,0.3
0.2999328497,-0.196086652,0.2444407686,0.2914529479,0.1698928184,-0.2426136303,0.3
0.2998676163,-0.1960961199,0.2444456441,0.2908458432,0.1697969942,-0.2426136303,0.3
0.2999729066,-0.1961134736,0.2450059246,0.2906484336,0.1700502206,-0.2426136303,0.3
0.3001590203,-0.1961278757,0.2448915948,0.2906053306,0.1714817936,-0.2426136303,0.3
0.2999237405,-0.1961220053,0.2450315425,0.2905484329,0.1711246049,-0.2426136303,0.3
0.2999670452,-0.1961099593,0.2454698028,0.2904117335,0.1717228718,-0.2426136303,0.3
0.2999634353,-0.1961319487,0.2456659945,0.2903434872,0.1715069435,-0.2426136303,0.3
0.2999535915,-0.1961354294,0.2467545003,0.2906714994,0.1713521046,-0.2426136303,0.3
0.2999207305,-0.1961459566,0.2470622348,0.2903501708,0.1724528117,-0.2426136303,0.3
0.2998428474,-0.1961415631,0.2471763166,0.2898478575,0.1752390193,-0.2426136303,0.3
0.2997448214,-0.1961298869,0.2474941717,0.289641353,0.1757277172,-0.2426136303,0.3
0.2999268205,-0.1961147396,0.2476314551,0.2892648084,0.1753916876,-0.2426136303,0.3
0.2998648286,-0.1961049973,0.2478540003,0.2894662149,0.1760368669,-0.2426136303,0.3
0.2997599929,-0.1961114079,0.2468908775,0.2893147469,0.1762798069,-0.2426136303,0.3
0.2997028276,-0.196108498,0.2466288192,0.2898617352,0.1765098618,-0.2426136303,0.3
0.2996827171,-0.1961065786,0.246549218,0.2894965766,0.1763778307,-0.2433439622,0.3
0.2996231279,-0.1961019653,0.2462264768,0.2894904415,0.1768573668,-0.2433439622,0.3
0.2996587993,-0.196136102,0.2460727129,0.2893037408,0.1768741569,-0.2433439622,0.3
0.2998803175,-0.1961265881,0.2468539459,0.2893771555,0.1767776778,-0.2433439622,0.3
0.2999605754,-0.1961140679,0.2467339179,0.2892138305,0.1768828224,-0.2433439622,0.3
0.2997520567,-0.1961123934,0.2464495308,0.2891148116,0.1770128042,-0.2433439622,0.3
0.2997778373,-0.1960973175,0.2463392821,0.2890835787,0.1767220296,-0.2433439622,0.3
0.299792908,-0.1961154701,0.2466090021,0.2893292492,0.1770879681,-0.2433470739,0.3
0.2997183569,-0.1961001025,0.2465878382,0.2896017944,0.1774929232,-0.2433470739,0.3
0.2996556075,-0.1961101203,0.2466256083,0.2898379147,0.1775760609,-0.2433456924,0.3
0.2996261075,-0.1961139143,0.2468348471,0.2902222924,0.1776214134,-0.2433456924,0.3
0.29970417,-0.1961208906,0.2466981504,0.2897573338,0.1777097306,-0.2433456924,0.3
0.2998970124,-0.1961143618,0.2466636428,0.2900044505,0.1774924836,-0.2433456924,0.3
0.2997876697,-0.1960945385,0.2466983007,0.2896611192,0.1777615427,-0.2433456924,0.3
0.2996637958,-0.1961040001,0.2468101222,0.2895188469,0.1780130798,-0.2433456924,0.3
0.2994793232,-0.1961043891,0.2470975421,0.2892336485,0.1779178598,-0.2433456924,0.3
0.2994147619,-0.1960947832,0.2467594033,0.2887588516,0.1777489477,-0.2433488603,0.3
0.2994576162,-0.1960971916,0.2467680975,0.2891612957,0.1778305647,-0.2433488603,0.3
0.2994978655,-0.1960907976,0.2472466196,0.2894950073,0.1787113705,-0.2433590137,0.3
0.2995136066,-0.1961044663,0.2470439519,0.2888973196,0.1785589107,-0.243366259,0.3
0.2994936298,-0.1960900876,0.2469554887,0.2887898205,0.1789146859,-0.243366259,0.3
0.29963137,-0.1960657321,0.2470758066,0.2888510899,0.1790346851,-0.243366259,0.3
0.2996011347,-0.1960705829,0.2472358702,0.2889042627,0.1791956176,-0.243366259,0.3
0.2993587581,-0.1960789159,0.2473080485,0.2886715971,0.1794064888,-0.243366259,0.3
0.299195602,-0.1960638288,0.2474970029,0.289118443,0.1797915661,-0.243366259,0.3
0.2991145694,-0.1960549232,0.2479959304,0.2891832039,0.179966206,-0.243362633,0.3
0.2990383355,-0.1960512888,0.2483643318,0.2888401864,0.1802665013,-0.2433695781,0.3
0.2989269443,-0.1960603077,0.2483020866,0.2889238305,0.180555513,-0.2433695781,0.3
0.2989615802,-0.1960409718,0.2490031256,0.2890819531,0.1806378441,-0.2433695781,0.3
0.2989351504,-0.1960262902,0.2485150051,0.2895229727,0.182761571,-0.2433695781,0.3
0.2988637184,-0.1960119028,0.2486863065,0.2894810549,0.1826596591,-0.2433695781,0.3
0.2987962549,-0.1960039656,0.2493253786,0.2895512418,0.1831700911,-0.2433695781,0.3
0.2989263908,-0.1960049444,0.249306367,0.289663553,0.1849621249,-0.2433695781,0.3
0.2988591038,-0.1960154323,0.2494530071,0.2898999982,0.1854318089,-0.2433695781,0.3
0.298986512,-0.1960218073,0.2494713618,0.289592049,0.1854958706,-0.2433695781,0.3
0.2991236474,-0.1960331208,0.2495623796,0.2895900104,0.1857080812,-0.2433695781,0.3
0.2990914401,-0.1960202769,0.2496426878,0.2899192843,0.1863064734,-0.2433695781,0.3
0.2991551449,-0.1960286464,0.2503331409,0.289765632,0.1866502857,-0.2433695781,0.3
0.2991330304,-0.196051103,0.2504184582,0.2900558939,0.1868158111,-0.2433695781,0.3
0.2991370746,-0.1960290192,0.2502394736,0.2900859283,0.18869854,-0.2433695781,0.3
0.2990869165,-0.1960372599,0.2504433031,0.2902259636,0.1886470004,-0.2433695781,0.3
0.2990924862,-0.1960223308,0.2505626689,0.2905196041,0.1890981215,-0.2433695781,0.3
0.299028129,-0.1960202719,0.2513707743,0.2908815437,0.1890296432,-0.2433695781,0.3
0.2990129652,-0.1960344773,0.2518381545,0.2910868618,0.1897613307,-0.2433695781,0.3
0.2989867534,-0.1960307489,0.2519787486,0.291183736,0.19001406,-0.2433695781,0.3
0.2990582666,-0.1960379773,0.2521147004,0.2911811847,0.1898963474,-0.2433695781,0.3
0.2989430359,-0.1960370658,0.2518906203,0.2912578178,0.1903530488,-0.2433695781,0.3
0.2988673148,-0.196037633,0.2522160354,0.2913876248,0.1904374937,-0.2433695781,0.3
0.2989795981,-0.1960495964,0.2516179353,0.2914285875,0.1906980956,-0.2433695781,0.3
0.2990164276,-0.196044904,0.2511244568,0.2914066101,0.1912482071,-0.2433589228,0.3
0.299060341,-0.1960676234,0.2515471124,0.2911972742,0.191656206,-0.2433589228,0.3
0.2989787047,-0.1960429641,0.251917709,0.2911793949,0.1915411835,-0.2433589228,0.3
0.2989595636,-0.1960493421,0.2524827681,0.2912511345,0.1919096471,-0.2433589228,0.3
0.299033261,-0.1960592687,0.2521468014,0.2914611259,0.1921749168,-0.2433589228,0.3
0.2990366709,-0.1960455413,0.2513470823,0.2919736788,0.1922338166,-0.2433589228,0.3
0.2991021644,-0.1960364037,0.2511180344,0.2919679215,0.192178546,-0.2433589228,0.3
0.2991155813,-0.1960303661,0.2505438766,0.292448381,0.1922876261,-0.2433589228,0.3
0.298943996,-0.1960314981,0.2502329842,0.2923868789,0.1922600853,-0.2433589228,0.3
0.2990197104,-0.196061171,0.2503395524,0.2921580085,0.192374697,-0.2433589228,0.3
0.2988560305,-0.1960772387,0.2503379929,0.2919886662,0.1925204879,-0.2433589228,0.3
0.2988975359,-0.1960667567,0.2503550326,0.2925887034,0.1928958084,-0.2433589228,0.3
0.2987591169,-0.1960643699,0.2507090418,0.2923125712,0.1930978142,-0.2433589228,0.3
0.2987442979,-0.1960861482,0.2506517811,0.2925218829,0.193212758,-0.2433589228,0.3
0.2985062814,-0.1960813456,0.2509876855,0.2926137227,0.1933194269,-0.2433589228,0.3
0.298728581,-0.196107023,0.2506812298,0.2928545127,0.1931240545,-0.2433589228,0.3
0.2988528865,-0.1961220259,0.2511151207,0.2928503391,0.1934156907,-0.2433589228,0.3
0.2988512312,-0.1961141589,0.2511006814,0.2923774895,0.1937017535,-0.2433589228,0.3
0.2989003455,-0.1960928033,0.2511489271,0.2923461293,0.1931232059,-0.2433622917,0.3
0.2989931872,-0.1961017004,0.2509466277,0.2921337702,0.1933581631,-0.2433622917,0.3
0.2989950898,-0.1961152082,0.2511019857,0.2920759001,0.1933589223,-0.2433622917,0.3
0.2989154533,-0.1961160277,0.2512229978,0.2923619873,0.1933877856,-0.2433622917,0.3
0.2988579145,-0.1961257616,0.2513574628,0.292641337,0.193419961,-0.243366279,0.3
0.2990036614,-0.1961382812,0.2513251553,0.2927617457,0.1936241141,-0.243366279,0.3
0.2990963533,-0.1961332205,0.2512701227,0.2924397355,0.1935411578,-0.243366279,0.3
0.2991337718,-0.1961343173,0.2518109461,0.2918609477,0.1936088518,-0.243366279,0.3
0.2991193588,-0.1961412316,0.2521604089,0.2918005194,0.1935879377,-0.243366279,0.3
0.2992035949,-0.1961493933,0.2522038864,0.2917546354,0.1942810182,-0.243366279,0.3
0.2993409144,-0.1961433957,0.2524853691,0.2920208708,0.1946080007,-0.243366279,0.3
0.299116012,-0.1961342844,0.2526996867,0.2918681913,0.194544319,-0.243366279,0.3
0.2989747682,-0.1961462821,0.2527882786,0.2917712647,0.1945071423,-0.243366279,0.3
0.2991529374,-0.1961325398,0.2530609583,0.2913654878,0.1944500273,-0.243366279,0.3
0.2991563273,-0.1961290145,0.2534202128,0.2911979867,0.1946367954,-0.243366279,0.3
0.2992513932,-0.1961214111,0.2537037575,0.2908447828,0.1949379494,-0.243366279,0.3
0.2993044776,-0.1961461911,0.2537723204,0.2909649923,0.1954940456,-0.243366279,0.3
0.299261351,-0.1961347638,0.2541009274,0.2908261504,0.19543269,-0.243366279,0.3
0.2994654876,-0.1961417957,0.2545926416,0.2908710792,0.1956521915,-0.243366279,0.3
0.2995026373,-0.196144663,0.2546163843,0.2909081145,0.1956855948,-0.2433481073,0.3
0.2995417624,-0.196148364,0.2547345557,0.291017502,0.1958953679,-0.2433481073,0.3
0.2995701724,-0.1961802924,0.2546966344,0.291197228,0.1958907464,-0.2433481073,0.3
0.2995402133,-0.1961896572,0.2552838833,0.2912135141,0.1960700679,-0.2433481073,0.3
0.2994532857,-0.1961916888,0.2554179086,0.2908793642,0.1959032527,-0.2433481073,0.3
0.2993206114,-0.1961902316,0.2558361449,0.2911352026,0.1957183453,-0.2433481073,0.3
0.299278485,-0.1961893047,0.256140419,0.2911448084,0.1956651575,-0.2433481073,0.3
0.2996798969,-0.19619168,0.256496141,0.2915504188,0.1962647921,-0.2433481073,0.3
0.2995149352,-0.1961955855,0.2565209629,0.291706873,0.1963060959,-0.2433481073,0.3
0.2994687622,-0.196214142,0.2564896969,0.2921717042,0.1962430903,-0.2433481073,0.3
0.2995039398,-0.1962052592,0.2566875983,0.2926247317,0.1964977382,-0.2433481073,0.3
0.2994346542,-0.1961938304,0.2567289885,0.2925369634,0.19648067,-0.2433481073,0.3
0.2995188231,-0.1962038784,0.2569245528,0.2926798483,0.1978373261,-0.2431775719,0.3
0.2994919617,-0.1961819487,0.257035315,0.2928951327,0.1977450203,-0.2431775719,0.3
0.299767366,-0.1961562133,0.2567449635,0.2929632426,0.1976595485,-0.2431775719,0.3
0.2995916797,-0.1961557272,0.2567840073,0.2930786092,0.1974256016,-0.2431775719,0.3
0.2996859986,-0.1961517179,0.2564106744,0.2930308725,0.1976804279,-0.2431775719,0.3
0.2997949317,-0.1961473831,0.2567020806,0.2930326127,0.1976957465,-0.2431775719,0.3
0.2998573266,-0.1961484271,0.2567958229,0.292867089,0.1978060751,-0.2431775719,0.3
0.2999478648,-0.1961434081,0.2571001835,0.2925959172,0.19763758,-0.2431775719,0.3
0.2999901102,-0.1961555861,0.2571583711,0.2925508134,0.1980155281,-0.2431775719,0.3
0.3000807135,-0.1961627259,0.2574611831,0.2922875773,0.197854095,-0.2431775719,0.3
0.3001764097,-0.1961574361,0.2577392004,0.292458762,0.1978933589,-0.2431775719,0.3
0.3001485765,-0.196161168,0.2579840255,0.2927763526,0.1981617772,-0.2431775719,0.3
0.3002439146,-0.1961793673,0.2584879056,0.2925287109,0.1982562187,-0.2431775719,0.3
0.3001475958,-0.1961722553,0.2585837659,0.2928013987,0.1985837091,-0.2432628856,0.3
0.300147571,-0.1961736721,0.2588883423,0.2926245794,0.198837764,-0.2432628856,0.3
0.3001311429,-0.1961673913,0.2588386885,0.2927727008,0.198659621,-0.2432628856,0.3
0.300041925,-0.1961818568,0.2586012581,0.2927343981,0.1983901627,-0.2432628856,0.3
0.2997728541,-0.196191959,0.2589551168,0.2931400894,0.1985159855,-0.2432628856,0.3
0.299632477,-0.1962158291,0.2585291434,0.2930830927,0.1983804907,-0.2432628856,0.3
0.2996718064,-0.1962108317,0.2583279611,0.2932808126,0.1982675469,-0.2432628856,0.3
0.2995969054,-0.1962126104,0.2582712523,0.2928970994,0.1979775856,-0.2432628856,0.3
0.2996363616,-0.1962133483,0.2583479155,0.2926829357,0.1975404734,-0.2432628856,0.3
0.2996040575,-0.1962049891,0.25830362,0.2926971551,0.1978083816,-0.2432628856,0.3
0.2997458946,-0.1962057701,0.2586372036,0.2925446055,0.1980469083,-0.2432628856,0.3
0.2999356842,-0.1962070391,0.2587586636,0.2928460438,0.1987726923,-0.2432628856,0.3
0.299712977,-0.1961986001,0.2583975654,0.2932335875,0.1990491032,-0.2432628856,0.3
0.2996711447,-0.1962008518,0.2580553804,0.2934987715,0.1994204218,-0.2432494184,0.3
0.2998863669,-0.1961941557,0.2578894014,0.2932437213,0.199556478,-0.2432494184,0.3
0.2997587079,-0.1961797703,0.2581337802,0.2934918047,0.1996016271,-0.2432494184,0.3
0.2999176004,-0.1961782177,0.2583799232,0.2937367496,0.1996323759,-0.2432494184,0.3
0.2999314182,-0.1961714552,0.2587837852,0.2930941141,0.1999839418,-0.24324662,0.3
0.3000062859,-0.1961621295,0.2591864905,0.2930130244,0.1996258059,-0.24324662,0.3
0.2999539905,-0.1961650964,0.2594587833,0.2926775609,0.1996772735,-0.24324662,0.3
0.2998197428,-0.1961694604,0.2595416682,0.2926060664,0.1995032412,-0.24324662,0.3
0.2995315132,-0.1961620514,0.2593671613,0.2924257686,0.1994753629,-0.24324662,0.3
0.2996077379,-0.1961531453,0.2593538964,0.2925199851,0.1994650681,-0.24324662,0.3
0.2994156554,-0.1961345559,0.2590910649,0.292820595,0.1993476579,-0.24324662,0.3
0.2995011826,-0.1961329669,0.2591496307,0.2927159849,0.1994510922,-0.24324662,0.3
0.2993646652,-0.1961418361,0.2592538406,0.2928042371,0.1996354496,-0.24324662,0.3
0.2994411108,-0.1961464532,0.2590840597,0.292954048,0.1994120285,-0.24324662,0.3
0.2994958271,-0.1961429281,0.25905579,0.2929305389,0.1994275167,-0.24324662,0.3
0.2995087891,-0.1961498328,0.2594841635,0.2924543681,0.1998132859,-0.24324662,0.3
0.2995299755,-0.1961551212,0.2596131664,0.2922957297,0.1998523017,-0.24324662,0.3
0.2995162166,-0.1961642703,0.260278481,0.2920119139,0.1996699749,-0.24324662,0.3
0.2996401912,-0.1961715201,0.2610797672,0.292085064,0.199869131,-0.24324662,0.3
0.2996223998,-0.1961776548,0.2611803803,0.2920877072,0.1999627023,-0.24324662,0.3
0.2994839707,-0.196185028,0.260911639,0.2919158407,0.2000233238,-0.24324662,0.3
0.2996145157,-0.1961818114,0.2609487056,0.291911147,0.2000991006,-0.24324662,0.3
0.2993875265,-0.1961814939,0.2612755032,0.2918950368,0.2000023319,-0.24324662,0.3
0.2994724664,-0.1961955159,0.2617265881,0.2921466653,0.2001577695,-0.24324662,0.3
0.2994813041,-0.1962037695,0.2623073449,0.2919715184,0.2002572537,-0.2432592051,0.3
0.2997919818,-0.1962099621,0.2623945177,0.2922003397,0.2000808585,-0.2432592051,0.3
0.2999162997,-0.1962009182,0.2627323029,0.2922087307,0.1999555419,-0.2432592051,0.3
0.2998845454,-0.1961862182,0.2628002933,0.2922478816,0.1998248987,-0.2432592051,0.3
0.2998605492,-0.1961851716,0.262716646,0.292244553,0.1997367692,-0.2432592051,0.3
0.2998993751,-0.1962022738,0.2627862783,0.2919804175,0.1998332845,-0.2432592051,0.3
0.2999893094,-0.1961996663,0.2634106781,0.2918403682,0.2000972881,-0.2432592051,0.3
0.2999482233,-0.1961945897,0.2637351964,0.2919998136,0.2001639785,-0.2432592051,0.3
0.2999245311,-0.1961919142,0.2636203773,0.2919578432,0.2002996871,-0.2432592051,0.3
0.2998765099,-0.1961769444,0.2639231223,0.2919974239,0.2003848278,-0.2420739001,0.3
0.2997767881,-0.1961730117,0.2640682265,0.2919672494,0.2004906845,-0.2420396892,0.3
0.2996374363,-0.1961664816,0.2640243567,0.2918968602,0.2001277459,-0.2418985702,0.3
0.2998014592,-0.196159404,0.2644153489,0.2920411555,0.2001660339,-0.2421630605,0.3
0.299812587,-0.1961585409,0.2643056174,0.2920659916,0.2002616789,-0.2421500926,0.3
0.2997551965,-0.1961527868,0.2645008785,0.2923004084,0.2002220705,-0.2424741839,0.3
0.2998593795,-0.1961621136,0.2645024309,0.2926703569,0.2001593928,-0.2424537385,0.3
0.2998462133,-0.1961791572,0.264714125,0.2928263125,0.2000648302,-0.2425484751,0.3
0.2998984204,-0.1961874803,0.264400787,0.2929203244,0.2002882866,-0.2425125625,0.3
0.2998908983,-0.1961946685,0.2647887279,0.2928844081,0.2004140681,-0.242643505,0.3
0.2997852678,-0.1961755642,0.2647431398,0.2930690725,0.2009280791,-0.242771366,0.3
0.299676855,-0.196169536,0.2647396164,0.2931078506,0.2011466969,-0.2429435055,0.3
0.2998235868,-0.1961846721,0.2649098763,0.293111298,0.2013516815,-0.2429435055,0.3
0.2996879263,-0.1961851824,0.2648521731,0.2931337431,0.2016496672,-0.2429435055,0.3
0.2998861732,-0.1961871262,0.2651695469,0.2933448693,0.2015757047,-0.2429341968,0.3
0.299897538,-0.1961721293,0.2653538125,0.2931968775,0.2019693242,-0.2429192176,0.3
0.299919819,-0.1961642197,0.2654397959,0.2931446942,0.2022086853,-0.2429427985,0.3
0.2998578194,-0.1961662911,0.2644892656,0.2933758044,0.202035347,-0.2429427985,0.3
0.2999154077,-0.1961822181,0.2647063987,0.293319337,0.2022416283,-0.2429427985,0.3
0.2998209352,-0.1961717488,0.2649505145,0.2933264037,0.2025121242,-0.2429427985,0.3
0.2999956233,-0.1961819335,0.2652011757,0.2932696048,0.2027002616,-0.2429427985,0.3
0.3000792167,-0.1961717756,0.2653346038,0.2934885933,0.20287177,-0.2429427985,0.3
0.2999763551,-0.1961656419,0.2651063395,0.2935379713,0.2027547727,-0.2429427985,0.3
0.2998908542,-0.1961610787,0.2652171152,0.2935008795,0.2028595724,-0.2429427985,0.3
0.2999398717,-0.1961509164,0.2659317852,0.293601949,0.2025572684,-0.2429427985,0.3
0.2998457196,-0.1961513568,0.2664131066,0.2936778773,0.2024512307,-0.2429427985,0.3
0.2999198264,-0.1961522015,0.2666004821,0.2934241715,0.2026664527,-0.2429455868,0.3
0.2999561274,-0.196144189,0.2663885369,0.2935267161,0.2029437557,-0.2429455868,0.3
0.299971119,-0.1961543325,0.2666819873,0.2934351694,0.2028853934,-0.2429455868,0.3
0.2998999099,-0.1961619229,0.2671410206,0.2934481635,0.2031037573,-0.2429455868,0.3
0.3000328085,-0.1961559083,0.2669608576,0.2934915279,0.2031985297,-0.2429455868,0.3
0.3000932313,-0.1961631021,0.2665597,0.2935766097,0.2034071677,-0.2429100952,0.3
0.3001624579,-0.1961707455,0.2669423524,0.2935439253,0.2032866744,-0.2429100952,0.3
0.3001269528,-0.1961662802,0.2676697923,0.2936285369,0.203416536,-0.2429100952,0.3
0.3001384597,-0.1961746485,0.2678445469,0.2933984928,0.2038037465,-0.2429100952,0.3
0.2999898296,-0.1961864617,0.2680941981,0.2935716584,0.2041611524,-0.2429100952,0.3
0.299989774,-0.196188805,0.2685635093,0.2935783608,0.2043336648,-0.2429100952,0.3
0.2998831391,-0.1962020847,0.268298481,0.2934744352,0.204250341,-0.2429100952,0.3
0.2998908899,-0.1962154109,0.2688251753,0.2935775362,0.2043981583,-0.2429684893,0.3
0.2997252316,-0.196201362,0.2686702768,0.2934237666,0.2044403985,-0.2429684893,0.3
0.2997213316,-0.1961958736,0.2685335013,0.2934162928,0.2049674561,-0.2429684893,0.3
0.299804924,-0.1961917975,0.2681192702,0.2932506923,0.2048606383,-0.2429684893,0.3
0.3000138213,-0.1961831685,0.2680914284,0.2935884235,0.2050481566,-0.2429817637,0.3
0.2999741791,-0.1961890383,0.2683380208,0.2937998364,0.2050956608,-0.2429817637,0.3
0.2998452457,-0.1961817871,0.2681028204,0.2939340055,0.2050509017,-0.2429817637,0.3
0.2999096314,-0.1961944826,0.2678632236,0.2942056954,0.2052067278,-0.2429817637,0.3
0.2999956878,-0.1961752185,0.2678913283,0.2943255087,0.206171397,-0.2429817637,0.3
0.2999009264,-0.1961806985,0.2678174314,0.2942773686,0.2062619428,-0.2429817637,0.3
0.299977779,-0.1961843447,0.2682832947,0.2941939598,0.2063057803,-0.2429817637,0.3
0.3000189923,-0.1961907243,0.2689009427,0.29447462,0.2062180718,-0.2429817637,0.3
0.3001007329,-0.1961887807,0.2690033243,0.2946566974,0.2061827671,-0.2429817637,0.3
0.3002775268,-0.1961862635,0.2689506365,0.2947367261,0.2059484306,-0.2429770521,0.3
0.3002492608,-0.1961837626,0.2693211919,0.2945870615,0.2065068343,-0.2429770521,0.3
0.3000873628,-0.1961848813,0.2693459505,0.2947891727,0.2064645859,-0.2429770521,0.3
0.3002299102,-0.1961937074,0.2689990185,0.2947250527,0.2065924741,-0.2429770521,0.3
0.3001435803,-0.1961875042,0.2688427977,0.295174181,0.2070427211,-0.2429770521,0.3
0.3002275532,-0.1962005196,0.2689437224,0.2952795291,0.2072229379,-0.2429770521,0.3
0.3001639767,-0.1961911919,0.2692655875,0.2949840439,0.207238567,-0.2429770521,0.3
0.3001616081,-0.1961848551,0.2693619407,0.2949589682,0.2071476928,-0.2429770521,0.3
0.3002272183,-0.196174021,0.2694350372,0.2949835429,0.2073731665,-0.2429770521,0.3
0.3003149059,-0.1961752362,0.2694904224,0.2948627169,0.2075010753,-0.2429770521,0.3
0.3003465179,-0.1961822758,0.2696819286,0.2948983489,0.2077017777,-0.2429770521,0.3
0.3003111374,-0.1961630822,0.2695050286,0.294783749,0.2075014457,-0.2429770521,0.3
0.3003488453,-0.1961576093,0.269670151,0.2943536204,0.2075768076,-0.2429770521,0.3
0.3002628102,-0.1961538939,0.2694637649,0.2947239197,0.2074361269,-0.2429770521,0.3
0.3002579123,-0.1961555425,0.2695492436,0.2947153958,0.207493782,-0.2429770521,0.3
0.3001021252,-0.1961568105,0.269427458,0.294762687,0.2075438696,-0.2429770521,0.3
0.3001125359,-0.1961621282,0.269601136,0.2947110792,0.2078772615,-0.2429770521,0.3
0.3001962954,-0.1961679182,0.2690929117,0.2948123988,0.2079201885,-0.2429770521,0.3
0.3002871193,-0.1961549633,0.269169279,0.2947819916,0.2084216147,-0.2429770521,0.3
0.3003923238,-0.1961584875,0.2689480583,0.2948392037,0.2081172801,-0.2429770521,0.3
0.3004176467,-0.196147994,0.2687633701,0.2947802604,0.2080894215,-0.2429770521,0.3
0.3003256119,-0.1961489595,0.2694091348,0.2949720246,0.2080345214,-0.2429770521,0.3
0.3002467564,-0.1961507083,0.269450981,0.2947827966,0.2080634912,-0.2429955628,0.3
0.3001908621,-0.1961393389,0.2691972154,0.2944608506,0.2080586124,-0.2430043559,0.3
0.300343728,-0.1961446789,0.2693936701,0.2947668068,0.2083225256,-0.2430043559,0.3
0.3004044318,-0.1961444194,0.2698387344,0.2949707411,0.2084730723,-0.2430043559,0.3
0.3003345208,-0.1961366783,0.2699918068,0.2948444498,0.2084445601,-0.2430043559,0.3
0.300194028,-0.1961302564,0.2697592412,0.2949016569,0.2084098001,-0.2430043559,0.3
0.3001390438,-0.1961278586,0.2695801496,0.2950547135,0.2084528092,-0.2430043559,0.3
0.2999271061,-0.1961329794,0.2691832089,0.2948761401,0.2086437802,-0.2430043559,0.3
0.2998585885,-0.1961171846,0.2691814763,0.2950951273,0.2085586175,-0.2430043559,0.3
0.2998642262,-0.1961093272,0.2694965775,0.2949668895,0.2086043516,-0.2430043559,0.3
0.2998589138,-0.196125773,0.269363867,0.2949680604,0.208691711,-0.2430043559,0.3
0.2999177547,-0.1961286542,0.2697162474,0.2948590618,0.2087148752,-0.2430043559,0.3
0.300090183,-0.1961172143,0.2695890674,0.2948122074,0.2091176205,-0.2430043559,0.3
0.3001712048,-0.196108948,0.2706591377,0.2944236436,0.2089465855,-0.2430043559,0.3
0.3000840865,-0.1961022511,0.2707580758,0.2942412687,0.2088445779,-0.2430043559,0.3
0.3000820484,-0.1961042685,0.2709673753,0.2942630369,0.2088841315,-0.2430043559,0.3
0.3000906755,-0.1961066906,0.2711179439,0.2943916973,0.2090136719,-0.2430043559,0.3
0.3000392999,-0.1961129283,0.2708598367,0.2942926152,0.2090096674,-0.2430043559,0.3
0.2999562845,-0.1961233893,0.2716292653,0.2941550404,0.2090269053,-0.2430043559,0.3
0.2999087687,-0.1961202099,0.2709717123,0.2940246443,0.2091584831,-0.2430043559,0.3
0.3000071243,-0.1961193066,0.271050252,0.294255946,0.2092380369,-0.2430043559,0.3
0.2999863488,-0.1961265091,0.2713366078,0.2941939091,0.2089216315,-0.2430043559,0.3
0.3000622402,-0.1961264528,0.2715583465,0.2941714952,0.2088540364,-0.2430043559,0.3
0.3001741153,-0.1961207386,0.2713310203,0.2941829846,0.2088556667,-0.2430043559,0.3
0.3002629475,-0.1961269303,0.2719474222,0.2940506458,0.2090365101,-0.2430043559,0.3
0.3001469967,-0.1961360015,0.2719731607,0.2939035484,0.2089675515,-0.2430043559,0.3
0.300102183,-0.1961505299,0.2722162902,0.2939433015,0.2091596944,-0.2429996588,0.3
0.3000687827,-0.1961456982,0.272693425,0.2941068808,0.2093081687,-0.2429996588,0.3
0.2999166868,-0.1961420094,0.2723635374,0.2938714628,0.2095075683,-0.2429996588,0.3
0.2998319227,-0.1961177337,0.2723568684,0.2939812703,0.2094298472,-0.2429996588,0.3
0.299935229,-0.196108133,0.2719441465,0.2937860743,0.2094940095,-0.2429996588,0.3
0.3001336754,-0.1961234031,0.2716070286,0.2938721982,0.2096747851,-0.2429996588,0.3
0.3001752792,-0.1961438298,0.27228947,0.29371363,0.2096484744,-0.2429996588,0.3
0.3002037798,-0.196152433,0.2720633171,0.2938255138,0.2095952244,-0.2430210894,0.3
0.3001281105,-0.1961597654,0.2722698222,0.2934951021,0.209604636,-0.2430204952,0.3
0.3000543221,-0.1961720935,0.2718634148,0.2936371936,0.2095800946,-0.2430204952,0.3
0.3000665135,-0.1961794555,0.2719868203,0.2934075182,0.2095800059,-0.2430192725,0.3
0.3002160867,-0.196179749,0.2721104944,0.2931126868,0.2095264928,-0.2430192725,0.3
0.3001106841,-0.1961602414,0.2720618545,0.2929487975,0.2097604066,-0.2430192725,0.3
0.3001649754,-0.1961728648,0.2718163887,0.2928672427,0.2098279824,-0.2430192725,0.3
0.3001087041,-0.1961801631,0.2720192198,0.2928124366,0.2098269445,-0.2430192725,0.3
0.3001089638,-0.1961743845,0.2724272588,0.2926791839,0.2098082567,-0.2430192725,0.3
0.2999867528,-0.1961775417,0.2720810162,0.2929831956,0.2104767642,-0.2430192725,0.3
0.3001690714,-0.1961763457,0.271805732,0.2928313873,0.2103367899,-0.2430192725,0.3
0.3001172339,-0.1961912759,0.2719067776,0.2929050678,0.2102715986,-0.2430192725,0.3
0.3002644954,-0.1961905222,0.2717597301,0.2930675043,0.2103218864,-0.2430192725,0.3
0.3002243975,-0.196196693,0.2718130286,0.2933938326,0.2105383194,-0.2430192725,0.3
0.3002704129,-0.1962070423,0.2722071373,0.293516746,0.2108593967,-0.2430192725,0.3
0.3001439579,-0.1962090892,0.272314776,0.2933863094,0.2114719735,-0.2430192725,0.3
0.3001492322,-0.196218022,0.2723096027,0.2932662387,0.2112327829,-0.2419744001,0.3
0.3001952996,-0.1962260929,0.2722261556,0.2933191744,0.2111419386,-0.2417618754,0.3
0.3002560146,-0.1962421433,0.2721789513,0.2936123242,0.2112547212,-0.2423362395,0.3
0.3001647442,-0.1962418745,0.2724654981,0.2939722101,0.2111967041,-0.2423282783,0.3
0.300266056,-0.1962400169,0.2723635705,0.2938171097,0.2113086505,-0.2423282783,0.3
0.3003294301,-0.1962512299,0.2725381887,0.2937084529,0.2112642433,-0.241843371,0.3
0.3003852469,-0.1962573003,0.2724545701,0.2937902715,0.2111828693,-0.2420914477,0.3
0.3002823202,-0.1962584582,0.2726736239,0.2937203383,0.2113447471,-0.2422513011,0.3
