Random,EGreedy 0.0,EGreedy 0.1,Egreedy 0.2,Softmax 1,Softmax 0.1,Arm 1 mean
0.333967829,0.308924213,0.3494913581,0.3234893946,0.345494159,0.3442387341,1.3
0.549904349,0.3793318336,0.4016434134,0.3921371068,0.4714270556,0.3734193337,1.3
0.7583705701,0.366519057,0.4052034992,0.4159184949,0.5096578111,0.3602124275,1.3
0.913449056,0.374061596,0.407086859,0.4599427052,0.5945824012,0.3639623718,1.3
1.0419077258,0.3553722386,0.4020765911,0.4861185992,0.6242399331,0.3719874816,1.3
1.1369565522,0.3536155705,0.4065894182,0.4884178501,0.6379788248,0.3598020496,1.3
1.1920571362,0.3424650934,0.4213018203,0.5008166502,0.6350821868,0.3556027269,1.3
1.215028183,0.3434788206,0.4172927604,0.5095426386,0.6753218555,0.3541160291,1.3
1.2471331244,0.3405743969,0.4344371827,0.5142039047,0.6944112118,0.3519171226,1.3
1.2704386922,0.3393394224,0.4291914762,0.528101226,0.7345311123,0.3514485979,1.3
1.2883989979,0.3328143748,0.434055234,0.5409834101,0.7639259271,0.3416569697,1.3
1.3034553189,0.3276154372,0.4375670046,0.5462634598,0.7783412747,0.3395888536,1.3
1.3012302402,0.3218694636,0.450006453,0.5530504438,0.7984112753,0.3396746347,1.3
1.3024855623,0.3194772876,0.458124748,0.5723844093,0.7934328887,0.3410505577,1.3
1.3037416755,0.3175872885,0.4587821281,0.5818180536,0.8026709944,0.3375175771,1.3
1.3055239477,0.3148550542,0.4652979342,0.5808545668,0.8199615314,0.3329059075,1.3
1.3067343001,0.316211069,0.4793974759,0.6052101997,0.8432320007,0.3336385541,1.3
1.3151529375,0.3169359543,0.4833616825,0.6148404355,0.8428414805,0.3317909727,1.3
1.307069823,0.3145196951,0.4843402624,0.6183417101,0.8504228188,0.3329266017,1.3
1.3092040605,0.3130577549,0.5004302526,0.6217160761,0.8747025113,0.3348376397,1.3
1.3141300322,0.3109716264,0.5081366741,0.6289854578,0.8805695568,0.3323225692,1.3
1.3164697683,0.3103258537,0.5074560298,0.6430810507,0.887351091,0.3286121657,1.3
1.3216163107,0.3100877325,0.5210130454,0.6527758194,0.8962535027,0.3267000651,1.3
1.3261596355,0.3064903602,0.532170488,0.6627549257,0.9030678127,0.3278937283,1.3
1.3280420822,0.3061651974,0.5399637522,0.679539298,0.9121112744,0.3296234594,1.3
1.3284455689,0.3086522428,0.5423757967,0.6903204924,0.9164040807,0.3262666348,1.3
1.3238071107,0.3068583721,0.5474519253,0.704540905,0.9256249809,0.3263220305,1.3
1.3196376312,0.3068000046,0.5429326891,0.7187548109,0.9350583433,0.3306866431,1.3
1.321847952,0.307035423,0.5465214378,0.7170839794,0.9416759534,0.3278198618,1.3
1.3270908932,0.3052568815,0.5580396185,0.7306788108,0.9483309636,0.3276109158,1.3
1.3255099457,0.3040324329,0.5549615208,0.748457901,0.9554102698,0.3287755909,1.3
1.3212507948,0.3033496159,0.5659538843,0.7446563994,0.9627235733,0.32722429,1.3
1.323357016,0.3046602619,0.575648424,0.7494397362,0.9714602554,0.3285861017,1.3
1.3254144195,0.3048262764,0.5847244647,0.7538307596,0.9769051102,0.3274617546,1.3
1.3230607579,0.3029143835,0.5975086091,0.7545308068,0.9830914816,0.3268514114,1.3
1.3224386497,0.3026235041,0.6040985984,0.7627055665,0.9926519868,0.3283437088,1.3
1.3238397625,0.3008611261,0.6014071953,0.7700413306,0.9940307548,0.3299624658,1.3
1.3240972885,0.300950502,0.6016215457,0.7769900165,0.9973192483,0.3288423815,1.3
1.3280257545,0.3006827279,0.6016498734,0.7861177074,1.0044083863,0.3256159636,1.3
1.3295389758,0.2999181141,0.6110656491,0.7927259098,1.0115679423,0.3285159059,1.3
1.3298022459,0.3005196317,0.6147800043,0.7879943578,1.0155588388,0.3265965479,1.3
1.3296133096,0.299999433,0.6228191591,0.7968500607,1.0238312279,0.3291123424,1.3
1.3268222693,0.2998525195,0.629189135,0.8048044775,1.0264554593,0.3281359454,1.3
1.3224883057,0.2998237683,0.6310744837,0.8051184581,1.032756603,0.3272410696,1.3
1.3209320553,0.2995259848,0.6387251265,0.8068048013,1.0387519529,0.3263726671,1.3
1.3208227184,0.2991580877,0.6437821916,0.8174811407,1.0414663487,0.3258293287,1.3
1.3226912725,0.3000076962,0.6521504125,0.823681838,1.0496463482,0.3264543586,1.3
1.3199310248,0.3000587392,0.6593760501,0.8301708067,1.0600337721,0.327619327,1.3
1.3206122106,0.298662977,0.6596621137,0.8303790217,1.0624667999,0.3293281642,1.3
1.3206859626,0.2979468114,0.6706220217,0.8341383519,1.0654514383,0.3302548219,1.3
1.3201681807,0.2975852621,0.6805460792,0.8433105833,1.0658409107,0.3313209753,1.3
1.3219078726,0.2992151439,0.6884758114,0.8400718063,1.0687008995,0.3312460227,1.3
1.3197694462,0.2975999775,0.6959261982,0.8472443849,1.0695659307,0.3305534109,1.3
1.3215289926,0.2959343726,0.6971959117,0.854422887,1.0707369993,0.331571863,1.3
1.3219275883,0.2961923889,0.7064410156,0.860104511,1.0769503674,0.3313960442,1.3
1.3233868499,0.2958812179,0.7039394823,0.8678765514,1.0807823807,0.3286017457,1.3
1.3212535009,0.2956979183,0.7081050462,0.8691390158,1.079691137,0.3295007301,1.3
1.321415346,0.2956359192,0.710188691,0.8703877165,1.0814107624,0.3286066475,1.3
1.3207938943,0.2956617509,0.7148809457,0.8768377535,1.0838920096,0.3305348427,1.3
1.3212601794,0.2956821656,0.7130957453,0.8793291443,1.0844478508,0.3322633208,1.3
1.3198645597,0.2949299283,0.7180979757,0.8849343005,1.0865490674,0.3339315829,1.3
1.3177009203,0.2951142425,0.7266776878,0.8899001228,1.090127168,0.3343739864,1.3
1.3191859058,0.295945535,0.7279019473,0.897337153,1.0932320154,0.332999843,1.3
1.3195615209,0.2965541815,0.7320842924,0.9057229693,1.0980697152,0.3331755822,1.3
1.3162049537,0.2953842055,0.7326809897,0.9170555219,1.0989353452,0.3317995389,1.3
1.3159695681,0.2952037344,0.7345980377,0.9180180341,1.101981807,0.3325040338,1.3
1.3167199091,0.2951864398,0.7401683141,0.9189429516,1.1093095348,0.3333990983,1.3
1.3170490521,0.295496737,0.7487128469,0.9265963283,1.1120952238,0.3349314055,1.3
1.3172459534,0.2948166568,0.7528764097,0.9269377585,1.113338497,0.3345557139,1.3
1.3146826373,0.2944642379,0.7532420888,0.9261815833,1.1155466634,0.3345897734,1.3
1.3139003128,0.2945690956,0.7520143044,0.9287265274,1.1171221715,0.3352530458,1.3
1.3142056271,0.2945904703,0.7534584666,0.9336892078,1.118146512,0.3353860681,1.3
1.3131769562,0.2944881117,0.7581963863,0.9458667439,1.1192577773,0.3400127888,1.3
1.3149830421,0.2942139099,0.7613123731,0.9449166963,1.1189991717,0.3443762245,1.3
1.3137042782,0.2938461535,0.7622069568,0.9473611252,1.1227964574,0.3422870084,1.3
1.3147191875,0.2936155804,0.7669813792,0.9504806438,1.1225269249,0.3404582654,1.3
1.3148191491,0.2937063664,0.7765694934,0.9530789792,1.1247358257,0.3388995548,1.3
1.3153357266,0.293862863,0.778831308,0.9563771047,1.1273897805,0.3398882016,1.3
1.3144503017,0.2932504684,0.7820836196,0.9613269225,1.1285782718,0.3394250082,1.3
1.3144082191,0.293218116,0.7842656795,0.9639265486,1.1313954634,0.339719657,1.3
1.3127446811,0.2936924686,0.7894614453,0.964297246,1.1347797542,0.3396582049,1.3
1.3125582247,0.293233316,0.797752655,0.9671166364,1.1364082362,0.3406539436,1.3
1.3120396882,0.2937214511,0.7940163968,0.9733568793,1.1388777382,0.3421383186,1.3
1.3140388235,0.2940528157,0.7937150781,0.9760263027,1.1395274667,0.3412785241,1.3
1.3131478717,0.2944654875,0.7989843587,0.9786280055,1.1419023944,0.3420274381,1.3
1.3128344655,0.2940222248,0.8007808592,0.9817842622,1.1435554713,0.3424196002,1.3
1.3124425556,0.2939172728,0.8053097876,0.9822130089,1.1451472866,0.3414143939,1.3
1.3120503752,0.2940025324,0.811102657,0.9831273617,1.1479669102,0.343430428,1.3
1.3128627295,0.2936714977,0.8165826658,0.9852416428,1.1492693623,0.3461745134,1.3
1.3129279195,0.2938183194,0.8179774119,0.9890962995,1.1501606473,0.3452041512,1.3
1.3135761005,0.2940934869,0.8222416924,0.9938634363,1.1514293746,0.3451207366,1.3
1.313503029,0.2941460386,0.8267085,0.9983743621,1.1520591413,0.3469465722,1.3
1.3116318653,0.2942160802,0.8307053321,1.0021016764,1.1538330126,0.3459498703,1.3
1.3107075583,0.294167869,0.8317461569,1.0050772639,1.1542249966,0.3462012125,1.3
1.3120113334,0.2940296501,0.8335387797,1.0073213163,1.1548274691,0.3457457086,1.3
1.3126987093,0.2940080048,0.8358012319,1.0104466711,1.1561328363,0.3449930812,1.3
1.3114233669,0.2938152257,0.8429634052,1.0127953038,1.1585575792,0.3455380359,1.3
1.3113147697,0.2936735192,0.8408528673,1.0146112054,1.1624388567,0.3457515722,1.3
1.3099667949,0.2936570943,0.8438150809,1.019305137,1.1623738954,0.3474817175,1.3
1.3095451746,0.2937051232,0.846397921,1.0209208401,1.1633283586,0.3477305802,1.3
1.310260568,0.2938894385,0.8475222556,1.0214996438,1.1644172965,0.3486685808,1.3
1.3106983165,0.2936033607,0.8503028124,1.0232186413,1.1669862172,0.3480842483,1.3
1.3102131112,0.2933522956,0.852675106,1.0259230634,1.1687423498,0.3475026746,1.3
1.3096771068,0.2934360556,0.8536703439,1.0257231216,1.1708976993,0.3471246251,1.3
1.3107161502,0.2933812695,0.8563287529,1.0264358982,1.1715261626,0.3471936827,1.3
1.3114828769,0.2934134901,0.8631624867,1.0319987122,1.1744406166,0.3464703318,1.3
1.3113123524,0.2938121535,0.8620714025,1.0326043281,1.1765024765,0.3469598911,1.3
1.3104324901,0.2935111584,0.8689564299,1.0346775559,1.178427785,0.3464493498,1.3
1.3104008664,0.2934172617,0.8716180059,1.0367694849,1.1791949918,0.3474034443,1.3
1.3110957208,0.2934441126,0.875434503,1.0376232058,1.182089555,0.3471105915,1.3
1.3107431736,0.2934096823,0.8823668938,1.0419626169,1.1844783174,0.34727863,1.3
1.310049659,0.2936463098,0.888284133,1.0428045648,1.1873068007,0.3468345454,1.3
1.3106125159,0.293715075,0.8881901615,1.0449050857,1.1899548151,0.34729841,1.3
1.3094179291,0.2936097661,0.889898896,1.0465455967,1.1905726726,0.3469214918,1.3
1.3084285431,0.2936098415,0.8936986711,1.0460509407,1.1921779496,0.3496648009,1.3
1.3090880219,0.2934816347,0.8966100176,1.0486682699,1.192994455,0.3492391524,1.3
1.3088295778,0.2938915553,0.8969286684,1.0504761563,1.1940166312,0.3487771807,1.3
1.3078790528,0.2938999688,0.8980089019,1.0506022092,1.1949010053,0.348717446,1.3
1.3089023532,0.2934772546,0.8986641866,1.050300827,1.1953322925,0.3485197306,1.3
1.3084570379,0.293679671,0.9004696651,1.0497781895,1.1972535544,0.3484001815,1.3
1.3065113737,0.293357569,0.9035441059,1.051063715,1.1978271179,0.3521658499,1.3
1.3059658728,0.2929963169,0.9073641807,1.0533100769,1.1995244935,0.350130766,1.3
1.3052254285,0.2930885594,0.9093485965,1.0563113961,1.2002786694,0.3495548645,1.3
1.3044800894,0.2929570805,0.9063207681,1.0578996698,1.2028312563,0.3500928853,1.3
1.3042533138,0.2931555577,0.9087174763,1.0603348728,1.2050154888,0.3517783256,1.3
1.3037561387,0.2929459822,0.9095248785,1.061562042,1.2067802541,0.3502795187,1.3
1.3035495091,0.2928978624,0.9096948049,1.0621207049,1.2071809547,0.352417958,1.3
1.3038582392,0.2928697319,0.9151728859,1.0631974099,1.2079144109,0.3524435481,1.3
1.3029525939,0.2926690299,0.9171906699,1.0639417017,1.207902211,0.3539870331,1.3
1.3033728315,0.2925609167,0.9163636255,1.0650041226,1.2094465536,0.3547361825,1.3
1.3040464726,0.2924342905,0.9208639305,1.0653933307,1.2101418453,0.3528263866,1.3
1.3040733051,0.2923442923,0.9212063827,1.0668087567,1.210886577,0.3516285665,1.3
1.3045987536,0.2922918267,0.9205201199,1.0669420926,1.2120991573,0.3527290179,1.3
1.3052981146,0.2925588285,0.9214882028,1.0677996777,1.2131343953,0.35362245,1.3
1.305777969,0.2920350454,0.9247165654,1.0689613564,1.2145338965,0.3537399501,1.3
1.3064523332,0.2923619814,0.924347144,1.0691224459,1.215339768,0.3517393814,1.3
1.3066235178,0.2923090327,0.9286808046,1.069753241,1.2158459294,0.3508812703,1.3
1.3060335528,0.2923548201,0.9323993136,1.072711321,1.2167934278,0.3509241251,1.3
1.3049495524,0.2922625952,0.9345156358,1.0732636593,1.2174586355,0.3511896302,1.3
1.3043799174,0.2920336689,0.9343572477,1.075650589,1.2176759762,0.3519843241,1.3
1.3051090829,0.2916149789,0.9370510972,1.0762692287,1.2174932818,0.3522196455,1.3
1.3054725425,0.2916367909,0.9370792908,1.0765983619,1.2176600009,0.3518408836,1.3
1.3057765564,0.2914364026,0.9388518503,1.0766520225,1.2177275881,0.3519509887,1.3
1.3060435895,0.2915219241,0.9408861017,1.078204318,1.2181639091,0.3520398546,1.3
1.3059872063,0.2917021961,0.9437985793,1.0779944594,1.2191199098,0.3526926785,1.3
1.3060866975,0.2917418365,0.9475762236,1.0824274492,1.2210397775,0.3527007107,1.3
1.3068041397,0.2914822164,0.9506809231,1.0828486362,1.2220889352,0.3543204682,1.3
1.3058995381,0.292772231,0.9525293894,1.083843545,1.2231608317,0.3534612846,1.3
1.305280145,0.2918610335,0.9554809011,1.0857747359,1.2234998549,0.3530887737,1.3
1.3058667742,0.2923699071,0.9560795421,1.0874043884,1.2242348272,0.3533849061,1.3
1.3054050771,0.2921777215,0.9571854232,1.0904642531,1.2245086191,0.3531491302,1.3
1.3044460602,0.2923941497,0.9584959361,1.0897392106,1.2243784075,0.3551050595,1.3
1.3045824398,0.2921327091,0.9601878149,1.0898389092,1.2248617934,0.3551342277,1.3
1.3041391034,0.292195695,0.9665482535,1.0887123847,1.2265650633,0.3551788472,1.3
1.3040547463,0.2919150507,0.9642975856,1.0904267786,1.2258986317,0.3548157244,1.3
1.3034507032,0.2919561261,0.9655959175,1.0912380812,1.2268927399,0.3558384993,1.3
1.3040859475,0.2920382038,0.9667295957,1.0911274911,1.2273053057,0.3554805629,1.3
1.3046577896,0.2920450583,0.9670987513,1.0920140844,1.2279279195,0.3561196572,1.3
1.3042553533,0.2919099682,0.9673510984,1.094476348,1.2283859835,0.3559650869,1.3
1.304474188,0.2916419809,0.9688837136,1.0958366863,1.2281181386,0.3591072005,1.3
1.3044540082,0.2930257481,0.9692143622,1.0974453138,1.2298208406,0.3582854267,1.3
1.3048846647,0.2925576062,0.9700670535,1.0975578659,1.2295075404,0.3579059312,1.3
1.3052980888,0.2934337448,0.9727630322,1.0978913384,1.2287550722,0.3575862775,1.3
1.3054358043,0.2927651208,0.9712235198,1.0990402362,1.2300330021,0.3569900912,1.3
1.3055110032,0.2928244293,0.9716184292,1.099603884,1.2321108135,0.3576670319,1.3
1.3057976254,0.2931530371,0.9740804692,1.0988917904,1.2329432895,0.3587662878,1.3
1.3065754999,0.292747311,0.9767060651,1.1001136797,1.234154061,0.3594660337,1.3
1.3068917745,0.2925614702,0.9791235332,1.1015276178,1.2350109082,0.3597442703,1.3
1.3078968976,0.2926001661,0.9834643615,1.1032365507,1.2346126614,0.3602646651,1.3
1.3069468776,0.2924873058,0.9835038469,1.1048407183,1.2359445114,0.3606186256,1.3
1.3069395985,0.2925386394,0.9853267518,1.1064914746,1.2373805654,0.3613347824,1.3
1.3070585945,0.2924521446,0.9866723086,1.1068376846,1.2390515377,0.3607387901,1.3
1.30592705,0.2925510222,0.9879444265,1.1075683456,1.2392654902,0.360483662,1.3
1.3054041161,0.2926298704,0.9894282325,1.1081812613,1.2409991208,0.3608775353,1.3
1.3048164551,0.2925873518,0.9912439409,1.1081159675,1.2414027591,0.3601206277,1.3
1.3054355652,0.2925417835,0.9902208779,1.109376555,1.2417953175,0.3614293398,1.3
1.3057280528,0.2926024533,0.9928347251,1.1115644791,1.242977894,0.3621281037,1.3
1.3052511695,0.2927310284,0.9940433606,1.1115440334,1.2429667607,0.3620861338,1.3
1.3060345724,0.2929641456,0.9961024918,1.1121719129,1.2428974979,0.3617157409,1.3
1.3055579413,0.2929940031,0.9971104512,1.113257141,1.2435724244,0.364869121,1.3
1.3049760955,0.2930384804,0.9981737399,1.1130132071,1.243911588,0.364234213,1.3
1.3047174578,0.2931615803,0.998408472,1.1129628672,1.2443214415,0.3646627051,1.3
1.3041181566,0.2930639573,0.9992506947,1.1117092437,1.2452589273,0.3672119692,1.3
1.3040147674,0.2930691924,0.9990805874,1.1134184966,1.2455464744,0.3664931566,1.3
1.3050204637,0.2930798027,0.9993788837,1.113352805,1.2480086214,0.3670353628,1.3
1.3045701937,0.2929397752,1.0008091844,1.1142230925,1.2480963502,0.3674775323,1.3
1.3049397106,0.2929626519,1.0024553117,1.1153017266,1.2481782809,0.3676181691,1.3
1.3051850689,0.2931238631,1.0019564884,1.1160467993,1.24874179,0.3677063532,1.3
1.3049488817,0.2928552192,1.0029913078,1.1166593726,1.249335556,0.3675790593,1.3
1.3049068116,0.2929925049,1.0037825589,1.1168389593,1.2488721212,0.3665963855,1.3
1.3049650879,0.2927492954,1.003694749,1.1181709184,1.2500450888,0.3664811275,1.3
1.3047423379,0.2924544531,1.0038275522,1.1192143253,1.2505927941,0.3658224078,1.3
1.3051137,0.2922806987,1.0075108674,1.1190929989,1.2520593361,0.3652894839,1.3
1.3048846229,0.2922477746,1.0076036576,1.1204929077,1.2529090987,0.3652212933,1.3
1.3060605992,0.2921380576,1.0077315987,1.1204422017,1.2525125368,0.3652196248,1.3
1.3059612738,0.2923335695,1.007206,1.1205589804,1.2527052499,0.3655665642,1.3
1.3065215396,0.2922689157,1.0070836938,1.1212243131,1.2535144903,0.3671524407,1.3
1.3067302985,0.291961789,1.0084546499,1.1223169868,1.2536434521,0.3690600144,1.3
1.3067127321,0.2919079154,1.0093196614,1.122507614,1.2566497309,0.3682788502,1.3
1.3066712808,0.2916977592,1.0102653824,1.1233716329,1.2581518365,0.3684964861,1.3
1.306644232,0.2916344294,1.0128906676,1.1233113007,1.2584371106,0.3686807108,1.3
1.3067690075,0.291659402,1.0163733101,1.1231705567,1.2589834885,0.368697094,1.3
1.3065803123,0.2916714828,1.0168332728,1.1242481898,1.2607217128,0.367924246,1.3
1.3061244856,0.2915331674,1.0173756248,1.1250135267,1.2607896069,0.3678822647,1.3
1.3056578263,0.2915819668,1.0182771578,1.1256763418,1.2611828687,0.3691674705,1.3
1.305296799,0.2916469787,1.0193759154,1.125569104,1.2615421904,0.3693924766,1.3
1.3055224038,0.2916294093,1.0198920915,1.126345228,1.2616321418,0.3696743423,1.3
1.3059849552,0.291780133,1.0194104194,1.1261236678,1.2620756848,0.3695258012,1.3
1.3059534722,0.2917148156,1.0198798278,1.125788671,1.2622838937,0.3692443174,1.3
1.3061706297,0.2918354304,1.0209624283,1.1270368171,1.262652077,0.3691610244,1.3
1.3063486351,0.291742984,1.0211963493,1.1282252376,1.2622311315,0.3686204055,1.3
1.3061088088,0.2918226724,1.0246542673,1.1293778221,1.2634233138,0.3692916996,1.3
1.3064131231,0.2916439685,1.0266415829,1.1296770901,1.2640590795,0.3690367866,1.3
1.3061279103,0.2915950599,1.0276519682,1.1297821643,1.2644031752,0.3691557022,1.3
1.3064296154,0.2915155463,1.0283417658,1.1290596485,1.2645169294,0.3703947002,1.3
1.3060481146,0.2913817379,1.0312616424,1.1300431123,1.2645440883,0.3702076083,1.3
1.3063330016,0.2914012547,1.0327004172,1.1307013763,1.2643961547,0.3701756895,1.3
1.3060321582,0.2914009915,1.0321035774,1.1319886662,1.2640508652,0.3706794956,1.3
1.306383201,0.2915175152,1.0322399148,1.132683605,1.2642854611,0.3709684327,1.3
1.306226079,0.291390727,1.0322386866,1.1331431624,1.2653292241,0.3697492386,1.3
1.3068954855,0.2912858175,1.034641341,1.1334250183,1.26618249,0.3693644282,1.3
1.3067446727,0.2914059915,1.0364550263,1.1339113185,1.2661724222,0.3693984961,1.3
1.3065398665,0.2912247562,1.036607242,1.1349205321,1.2664698411,0.371470885,1.3
1.3068318898,0.2909920915,1.0385677462,1.1349564885,1.2663463015,0.3715930101,1.3
1.3065688725,0.2911794499,1.0411879755,1.1358814487,1.26609592,0.3717932334,1.3
1.3069834148,0.291142329,1.0415981453,1.1368940835,1.2662341593,0.3705263437,1.3
1.3072712949,0.2909602335,1.0425517932,1.1375143674,1.2670965179,0.3700667406,1.3
1.3073698328,0.2909319589,1.0425993346,1.1388124727,1.2672699206,0.3704492117,1.3
1.3078092625,0.2909372518,1.0435763445,1.1393975145,1.2669140165,0.3703202922,1.3
1.3079419588,0.291123802,1.0433053587,1.1400967144,1.2665609705,0.3707178845,1.3
1.3075848643,0.2911816272,1.0459300033,1.140606088,1.2661216976,0.3705210476,1.3
1.3072136346,0.2913816034,1.0450001216,1.1413859141,1.266335268,0.3718819019,1.3
1.3069289422,0.2913093582,1.0466137216,1.1409111217,1.2664955201,0.3732996648,1.3
1.3063642321,0.2914318413,1.0475846245,1.1424646463,1.2667016925,0.3743910964,1.3
1.306278726,0.2913243728,1.0483371463,1.1424282228,1.2670324261,0.3743885139,1.3
1.3068458834,0.291556788,1.0476631742,1.1438435332,1.2673952663,0.3740382471,1.3
1.3066331261,0.2915270833,1.0492277077,1.1441226759,1.2671878106,0.3749576703,1.3
1.3068001655,0.2915530444,1.0496798502,1.1445010499,1.2672264387,0.3747745135,1.3
1.3067257433,0.2915274121,1.0497749494,1.1454501265,1.2676269977,0.3756752971,1.3
1.3068267946,0.2916475153,1.0513764659,1.1461062586,1.2673120567,0.3760018795,1.3
1.3066122279,0.2915877593,1.0519688431,1.1458171486,1.2677750536,0.3762452817,1.3
1.3067303886,0.2915249671,1.0543127843,1.1464445079,1.2673798843,0.3756618101,1.3
1.3066234462,0.2913948897,1.0549502142,1.146532713,1.2676871455,0.3753038611,1.3
1.3061857851,0.2913259514,1.0552425696,1.1472640859,1.2676342844,0.3751906736,1.3
1.3063927476,0.2914401105,1.0567056584,1.1472561388,1.2674563396,0.37560288,1.3
1.3061744207,0.2914097124,1.0566883851,1.1478870221,1.2673556486,0.3754241931,1.3
1.3062777371,0.2913686248,1.0562266263,1.1475430243,1.267694758,0.375541471,1.3
1.3061412346,0.2914131504,1.0575395429,1.1482023344,1.2679960864,0.3750348243,1.3
1.3060714655,0.2912947292,1.0588322485,1.148487842,1.2684266116,0.3749194719,1.3
1.3060277725,0.2913214347,1.0600420626,1.14927191,1.2688905888,0.3748975312,1.3
1.3066746924,0.2913446739,1.0593993176,1.14948906,1.2693674574,0.3747595672,1.3
1.3067081523,0.291384046,1.0606038916,1.1502079036,1.2693799251,0.3740526312,1.3
1.3066033824,0.2913037791,1.0616461908,1.1509092826,1.2699399989,0.3739846072,1.3
1.3069645225,0.2914010549,1.0624021574,1.1506815933,1.2701563766,0.3734222922,1.3
1.3064463967,0.2914006147,1.0634347464,1.1514487114,1.2705911869,0.3734825647,1.3
1.3065077075,0.2913847149,1.0657472727,1.1516013029,1.2709144619,0.3749550129,1.3
1.3062907441,0.2911946778,1.0670250495,1.1516155493,1.2714366803,0.3747305547,1.3
1.3065515369,0.2911556615,1.0674244679,1.1515073522,1.2712145945,0.3748446356,1.3
1.3068456004,0.2912244142,1.0692626098,1.1511791534,1.2712582013,0.3747450736,1.3
1.3062980128,0.291195474,1.0694594073,1.150976992,1.2715375068,0.3749935234,1.3
1.3063879574,0.2911365373,1.0697353584,1.1511935143,1.2716832674,0.3749716767,1.3
1.306008865,0.2913096108,1.068818226,1.1509206578,1.2720029958,0.3746210942,1.3
1.3058859486,0.2912707606,1.0700896973,1.1515631173,1.2720941881,0.374957236,1.3
1.3063742428,0.2912813028,1.0700939007,1.1517141258,1.2723814413,0.3757013887,1.3
1.3065423509,0.2911905653,1.0697294272,1.1516023476,1.2720080397,0.3755508538,1.3
1.3061638913,0.2913224961,1.0700777749,1.1517171403,1.2725918891,0.3761115935,1.3
1.3063275353,0.2913605665,1.0709179583,1.1533200647,1.2728578368,0.3757281731,1.3
1.3063789201,0.2911729813,1.0703834839,1.1533830535,1.2732527504,0.3757307435,1.3
1.3066013284,0.2910569206,1.0711330558,1.1540302186,1.2735244654,0.3758631634,1.3
1.3065504574,0.2911006211,1.0724356968,1.1542082783,1.273310962,0.3757607257,1.3
1.3064784153,0.2911173958,1.0734632973,1.1537896689,1.2736526027,0.3754808561,1.3
1.3067115361,0.2911909768,1.0740236486,1.1537388088,1.2741521362,0.3752518854,1.3
1.3065780943,0.2913090134,1.0751242414,1.1542265883,1.2743081383,0.3754095971,1.3
1.3065456464,0.2912495886,1.0759854776,1.1551150708,1.2743154087,0.3752935689,1.3
1.306773782,0.2912967135,1.0768366242,1.1555362454,1.2750398339,0.3753486449,1.3
1.3064413419,0.2912340908,1.0768701726,1.1566182491,1.2754251838,0.3752163956,1.3
1.306105119,0.2911152292,1.080611013,1.1572057875,1.2752669922,0.3768171665,1.3
1.3063550782,0.2912301603,1.0799347411,1.1575506483,1.2757741412,0.3760153978,1.3
1.306661264,0.2912674985,1.0813132713,1.1578454875,1.2754253457,0.3763371779,1.3
1.3066947071,0.2912598833,1.0811115683,1.1579891972,1.2759471048,0.3760246367,1.3
1.3067870447,0.2911937669,1.0817605806,1.1582049145,1.2757151103,0.3774093176,1.3
1.3070228593,0.29108629,1.0830415105,1.1585405409,1.2760914839,0.3766763296,1.3
1.307151278,0.291076,1.0837795841,1.1589044089,1.2763610235,0.3763532335,1.3
1.3070040653,0.2910020653,1.0847365989,1.1589113352,1.2766243753,0.3767607305,1.3
1.3067763321,0.2910331951,1.086160367,1.1583824631,1.2774714242,0.3764576674,1.3
1.3068808152,0.2909774829,1.0865556344,1.1580654402,1.2773726641,0.3769074372,1.3
1.3068730153,0.291013681,1.0868573286,1.1585369787,1.277110042,0.3769824597,1.3
1.3065810638,0.2911272944,1.0867135294,1.1585150659,1.2773827268,0.3771694607,1.3
1.3059150436,0.2911620915,1.087872948,1.1593709256,1.2771584399,0.376818315,1.3
1.3061843579,0.2912479245,1.0881862139,1.1602737604,1.2773077288,0.376881418,1.3
1.3059733873,0.2913207923,1.0878451241,1.1607187414,1.2769425482,0.3766254748,1.3
1.3058712322,0.2912417547,1.0877476467,1.1614839378,1.277082366,0.3768391351,1.3
1.3064049914,0.2912543822,1.0882094052,1.1623367297,1.2770229554,0.3770794173,1.3
1.3066030684,0.2913086489,1.0885305486,1.162654042,1.276859065,0.3792755857,1.3
1.3067907685,0.2913963861,1.0894571868,1.1638145301,1.2774322901,0.3784438048,1.3
1.3062164254,0.2913503198,1.0901993488,1.164188836,1.2775762009,0.3785107185,1.3
1.3065119299,0.2914143797,1.090844893,1.1640766019,1.2773440045,0.3784386443,1.3
1.3068849729,0.2913486348,1.0917037379,1.1644083518,1.2775824333,0.3781653144,1.3
1.3070641748,0.2913851129,1.0913224565,1.164236732,1.2775815374,0.3791223205,1.3
1.3072863682,0.2913767153,1.0919858227,1.1651936052,1.2777714816,0.3791520483,1.3
1.3071825349,0.2913195334,1.0922953255,1.1658311777,1.2778281094,0.3790041333,1.3
1.3071306041,0.2913449609,1.0920750162,1.1663739786,1.278064077,0.3785399455,1.3
1.3071700056,0.2912918129,1.0924100554,1.1673060791,1.2780899604,0.3786712209,1.3
1.3074021712,0.2911674882,1.0925800854,1.1683018422,1.2780044359,0.3788574274,1.3
1.3078004978,0.2911876243,1.092831054,1.1685900517,1.2776235931,0.3788944746,1.3
1.3076881232,0.291233524,1.0930587252,1.1693975823,1.2779043901,0.3789036724,1.3
1.3072107646,0.2912931083,1.095035605,1.1699716205,1.2781533125,0.3789671989,1.3
1.306897155,0.2913397083,1.0949894691,1.1703259391,1.2785186109,0.378891417,1.3
1.3068676692,0.2913241739,1.0954713378,1.1714345002,1.2794666891,0.3792443251,1.3
1.3070852579,0.2912249382,1.0965831687,1.1721272857,1.2798160044,0.3786869983,1.3
1.3067433003,0.2912238173,1.098354803,1.1733615438,1.2800961366,0.3799325494,1.3
1.3067998953,0.2912432547,1.0988444442,1.1725649904,1.2800323277,0.3800099618,1.3
1.3066105747,0.2913590322,1.0991209564,1.1729191234,1.2800925579,0.3802932066,1.3
1.3063833287,0.2912527797,1.0996076437,1.17344238,1.2801208217,0.3799169903,1.3
1.3064701292,0.291186063,1.1001923828,1.173320931,1.2801428919,0.3799511603,1.3
1.3066703674,0.2912091162,1.1007234168,1.1732020505,1.2800571142,0.3795067823,1.3
1.3067686499,0.2911851096,1.1013723769,1.1733599292,1.2801231833,0.3793689423,1.3
1.3067479748,0.2912469481,1.1019441981,1.1736458409,1.2801687187,0.3794064971,1.3
1.3067952309,0.291314117,1.102548232,1.1745159539,1.2798650754,0.3792736951,1.3
1.30636041,0.2914319309,1.1029970081,1.1746058314,1.2798628305,0.3796376447,1.3
1.3059784728,0.2913117837,1.1039176415,1.1748488304,1.2802209489,0.3795535374,1.3
1.3060845608,0.2913135448,1.1049675891,1.175382586,1.2804943357,0.3802241058,1.3
1.3060098109,0.2912604509,1.1050316334,1.1761826705,1.280797453,0.3798937216,1.3
1.3067811452,0.2913289875,1.1064466025,1.1766596099,1.2807921618,0.3812799883,1.3
1.3066380199,0.2913831795,1.1063829072,1.1768632932,1.2807925287,0.3806536063,1.3
1.3068215803,0.291420341,1.1065907315,1.176747373,1.2807521846,0.3819925906,1.3
1.3071027994,0.2914281923,1.1065115111,1.1765027209,1.2809946669,0.3828799654,1.3
1.3069960961,0.291557116,1.1059084709,1.1768722212,1.2813152656,0.3827644233,1.3
1.3064559917,0.2916641947,1.1070398288,1.1773568849,1.2812865402,0.3824415528,1.3
1.3065706323,0.2915546197,1.1068963882,1.1777102033,1.2813127198,0.3819936424,1.3
1.306201319,0.2915319203,1.1069704837,1.1783576256,1.2818878547,0.3822432925,1.3
1.306684105,0.2914610725,1.1073578291,1.1788007054,1.281981372,0.3825491625,1.3
1.3064888971,0.291416044,1.1076383891,1.1792864212,1.2818841219,0.3825190022,1.3
1.3062124381,0.2913530933,1.1076397799,1.1796077907,1.2819900569,0.382750658,1.3
1.3060480743,0.2913838269,1.1088061919,1.1798427601,1.2819593993,0.3824163838,1.3
1.3057380412,0.2914913355,1.1085546938,1.1799543368,1.2823082133,0.3825737078,1.3
1.3056396346,0.2914932337,1.1078573837,1.1799952774,1.2822309415,0.3823017652,1.3
1.3059493824,0.2915160236,1.1073543418,1.1797674895,1.2826353679,0.3830085418,1.3
1.3060134321,0.2915463103,1.1076981627,1.179540493,1.2826345594,0.3833774039,1.3
1.3058615937,0.2915349492,1.1083116405,1.1799997676,1.2828487455,0.3844825908,1.3
1.3059145135,0.2916601971,1.1089368929,1.180442395,1.2826664275,0.3838575838,1.3
1.305793887,0.2916291118,1.1092366576,1.1804802733,1.2830184954,0.3833525674,1.3
1.3059162115,0.2916197977,1.1094155577,1.1807554124,1.2830704254,0.3832407237,1.3
1.3059666207,0.2916377426,1.1096196149,1.1810902349,1.2830209882,0.3827517747,1.3
1.3060243854,0.2917068849,1.110174295,1.1813664203,1.2830997325,0.3822303919,1.3
1.3063300273,0.2915536463,1.1100254369,1.1812809262,1.2830250173,0.3822679032,1.3
1.3062264313,0.2916480425,1.110517844,1.1814726469,1.2827762797,0.3822665268,1.3
1.3060241786,0.2916007478,1.1113038228,1.1820238686,1.2831273777,0.3822811904,1.3
1.306437084,0.2915339112,1.1118631146,1.1827114718,1.2826394116,0.3822633424,1.3
1.3066913389,0.2914396151,1.1127802347,1.1834470225,1.2827129791,0.3821702336,1.3
1.3066614229,0.2915032234,1.1133501187,1.1839355858,1.2828720229,0.3822275946,1.3
1.3067344446,0.2913579299,1.1139857712,1.1846186077,1.282821154,0.3821875528,1.3
1.3064919688,0.2914124097,1.1144637834,1.184744374,1.2827261123,0.3827714516,1.3
1.3063231782,0.2914342183,1.1157323022,1.1852051437,1.2825777345,0.3831398833,1.3
1.3063293144,0.2913836859,1.1161855742,1.1853809695,1.2829042362,0.3826566269,1.3
1.3061771016,0.2913597524,1.1160995759,1.1853021476,1.2828923682,0.3830642397,1.3
1.3062934796,0.2913928392,1.1165756979,1.185300724,1.2834034168,0.3829044898,1.3
1.3066202092,0.291293907,1.1170229548,1.1854546715,1.2834581266,0.3827627761,1.3
1.3065246038,0.2911585936,1.1168170153,1.1859722324,1.2838096099,0.3827508369,1.3
1.3066495381,0.2912212368,1.1174401202,1.1860740251,1.2840590416,0.3829070367,1.3
1.3064922662,0.291219491,1.1175164261,1.1862861775,1.2839523601,0.3826270483,1.3
1.306479163,0.2911120381,1.117340123,1.1870768128,1.2842152187,0.3824339746,1.3
1.305981908,0.290993161,1.1175830533,1.187244836,1.2842598328,0.3825624472,1.3
1.3060123206,0.2908383674,1.1172396405,1.1874161027,1.2841820486,0.3826017754,1.3
1.3056395412,0.2907665888,1.1178244528,1.1874206254,1.2844410959,0.3828341252,1.3
1.3057395936,0.2908295067,1.1181995256,1.1872493545,1.2845719855,0.3827840207,1.3
1.3058223586,0.2908367994,1.1183587913,1.1872607209,1.2848369572,0.3826903708,1.3
1.3058507242,0.290906184,1.1188683879,1.1875660662,1.2849321617,0.3832554497,1.3
1.3062007665,0.2908027756,1.118524512,1.1875140088,1.2850483063,0.3831899502,1.3
1.3062120949,0.2908075131,1.1193741149,1.187756322,1.284748977,0.3833422265,1.3
1.3064024712,0.2908060476,1.1200964638,1.187803156,1.2846785518,0.3834304818,1.3
1.3061149603,0.2907927725,1.1208822451,1.187688329,1.2845294461,0.3833660886,1.3
1.3062494646,0.2908173271,1.1211590638,1.1880542611,1.2847773934,0.3832116017,1.3
1.306260514,0.2908064572,1.1214638371,1.1879418461,1.284956999,0.3832004839,1.3
1.3063954243,0.2907624954,1.1215942255,1.1880102274,1.2851121991,0.3832713809,1.3
1.306755065,0.2907802499,1.1219269961,1.1881062953,1.285127685,0.3831635735,1.3
1.3068943817,0.2907106,1.1215256973,1.1883302791,1.2857538432,0.3829844097,1.3
1.3072223705,0.2906274457,1.121412246,1.1889651816,1.2857896515,0.3859825658,1.3
1.3069792602,0.2907036022,1.1224491975,1.1890200088,1.2861884763,0.3848013196,1.3
1.3070119697,0.2905987891,1.1230903096,1.1891400215,1.2860187874,0.3844771078,1.3
1.3064356129,0.2905844072,1.1236541199,1.1898748397,1.2860891335,0.3844155581,1.3
1.3063489247,0.2906507835,1.1249448954,1.190373803,1.2862766304,0.3848066619,1.3
1.3065534924,0.2906056037,1.1259125607,1.1902512547,1.2864900619,0.3846780594,1.3
1.306517231,0.2906301376,1.1263211616,1.1901513294,1.2864976465,0.3844474665,1.3
1.3063836222,0.2906614603,1.1264034207,1.1903191969,1.2865040318,0.3846144052,1.3
1.3062866152,0.2906628106,1.1271886302,1.1901632011,1.2864806802,0.3848026348,1.3
1.306649161,0.2907563926,1.1273238428,1.1899856982,1.2866273882,0.3872399272,1.3
1.3068620504,0.2907086278,1.1278039464,1.1903299638,1.2865516835,0.3864257216,1.3
1.3071180764,0.2907772496,1.1278832438,1.190546563,1.2864731816,0.3864162291,1.3
1.3069027762,0.290864698,1.1280049187,1.1913841883,1.2865890836,0.3863434398,1.3
1.3064515267,0.2910162667,1.1280810303,1.191367436,1.2864596233,0.3859888853,1.3
1.3062805763,0.2909739694,1.1290175646,1.1912981359,1.286215533,0.3855337503,1.3
1.3060800009,0.290877939,1.1290163073,1.1917951157,1.2859360762,0.3855810253,1.3
1.3057724815,0.2908914859,1.1287839399,1.1921925491,1.2860727413,0.3856487599,1.3
1.3059981158,0.2907874858,1.1284310924,1.1923702758,1.2861385457,0.385596381,1.3
1.3057019502,0.2908938803,1.129036405,1.1926270031,1.2859723055,0.3861912348,1.3
1.3055788174,0.2909883249,1.1295504837,1.1924881582,1.2858606403,0.3860605527,1.3
1.3061145876,0.2910172603,1.1295959211,1.1927555803,1.2861826103,0.3859373073,1.3
1.3062023614,0.2910583766,1.1304015799,1.1927915446,1.2862966022,0.385819571,1.3
1.3063297028,0.2910703691,1.1303597252,1.192764987,1.2866469237,0.3855919752,1.3
1.306359111,0.2911030192,1.1305989765,1.1931058521,1.2866361359,0.3856436251,1.3
1.306500782,0.2910906687,1.1312029892,1.1931947943,1.286410223,0.385012267,1.3
1.3063714929,0.2910374932,1.1316926834,1.1936420055,1.2863819853,0.384988717,1.3
1.3066342817,0.2910441861,1.1317600792,1.1938760845,1.2863487504,0.3850178159,1.3
1.306678775,0.2910298365,1.132208708,1.1942386832,1.2864756253,0.3848988963,1.3
1.3065449481,0.2911104631,1.1323092436,1.1948623942,1.2863809935,0.3852230165,1.3
1.3066409423,0.291113899,1.1325044435,1.194679154,1.2865178678,0.3855937221,1.3
1.3065171181,0.2911692265,1.1323535929,1.1950998993,1.2867620981,0.3867291586,1.3
1.3067089602,0.291114698,1.1321946031,1.1949626315,1.2867565172,0.3863867136,1.3
1.3068149582,0.2910608416,1.1326762719,1.1947543371,1.2866853499,0.3862628795,1.3
1.3069118788,0.2910818934,1.1331120738,1.1947409912,1.2866343257,0.3859587455,1.3
1.3069594016,0.2911127677,1.1337296592,1.1950328374,1.2867361687,0.3864331108,1.3
1.306848563,0.2911241413,1.1340969891,1.1954250385,1.2868915539,0.3862259145,1.3
1.3071486863,0.2910560031,1.1338198369,1.1957774311,1.2869067934,0.3864573245,1.3
1.306950776,0.2910819924,1.1340978114,1.1961196252,1.2867441774,0.3865148276,1.3
1.3071164295,0.2910825994,1.1344051327,1.1963405097,1.2866668354,0.386608697,1.3
1.3072906414,0.291103337,1.1343504974,1.1963351369,1.2868311114,0.3865786307,1.3
1.3073087993,0.2911832945,1.1346416063,1.1965767685,1.2868504863,0.3884042188,1.3
1.3077298536,0.2911555759,1.1354475605,1.1968177762,1.2864582667,0.3879473401,1.3
1.307613187,0.2911725601,1.1359649155,1.1973584052,1.2864059637,0.3876326359,1.3
1.3075155829,0.2911981837,1.1359429409,1.1976160068,1.2865299151,0.3874711277,1.3
1.3076209758,0.291134523,1.1368568269,1.1981639206,1.2866765886,0.3878748318,1.3
1.3076032889,0.291281179,1.1368047612,1.1983492624,1.2864621185,0.3879167378,1.3
1.3076696311,0.2914060119,1.1377063517,1.1990474163,1.286421403,0.387733554,1.3
1.3073163123,0.2914485824,1.137971872,1.198905011,1.2863691029,0.38720927,1.3
1.3074656106,0.2914363452,1.1382987104,1.1986153113,1.2861118778,0.3872556855,1.3
1.3074626019,0.2914427141,1.1377405288,1.1989188204,1.2861085085,0.3874587759,1.3
1.307566004,0.2913966443,1.1379452042,1.1991523546,1.2862207977,0.3874536714,1.3
1.3074323132,0.2912972993,1.1380510823,1.1991074011,1.2861985312,0.3877576236,1.3
1.3074591833,0.2912294807,1.1382771809,1.1995485844,1.2861140221,0.3876552434,1.3
1.3075389821,0.2912531834,1.138519345,1.1995237535,1.286292544,0.3874107917,1.3
1.3074397546,0.2912365315,1.1388697017,1.1997276675,1.286418805,0.3872643926,1.3
1.307257135,0.2911291922,1.1391548644,1.1999097188,1.2866888973,0.3875173688,1.3
1.3069391991,0.2910941524,1.1391712708,1.2002123251,1.2866411129,0.3874955783,1.3
1.3072236639,0.291090854,1.1399621216,1.2002579746,1.2867989137,0.3877985806,1.3
1.3073376082,0.2910343651,1.1401871189,1.2004825739,1.2870789669,0.3869198261,1.3
1.3070329963,0.2909790795,1.1406224553,1.200964684,1.2871376515,0.3868535809,1.3
1.3072349736,0.2909384897,1.1406816611,1.2007376117,1.2870431533,0.3869250239,1.3
1.307315137,0.2909659057,1.141501828,1.2009153337,1.2871943903,0.386883369,1.3
1.3072959609,0.2910723027,1.1416719682,1.2012796816,1.2870856564,0.3867573839,1.3
1.30740161,0.2911878408,1.1415373637,1.2016957974,1.2871520026,0.3867584581,1.3
1.3076052888,0.2912306108,1.1417970739,1.2021831891,1.2868847085,0.386823599,1.3
1.3075163913,0.2912178567,1.1419707883,1.2021592822,1.2870097166,0.3870264615,1.3
1.3075837574,0.2912310805,1.1421909464,1.2020011688,1.2872690352,0.3871598979,1.3
1.307613336,0.2912259038,1.1422935997,1.2020581589,1.287570929,0.3872170631,1.3
1.307512042,0.2912422673,1.1429597252,1.2017235196,1.287584858,0.3874776573,1.3
1.3076710102,0.2912879146,1.1430260305,1.2017743124,1.2875667848,0.3875129029,1.3
1.3076261358,0.2913037238,1.1433962456,1.2020040836,1.2886993571,0.3875214044,1.3
1.3073242838,0.2913365939,1.1433954162,1.201991095,1.2888126227,0.3875534738,1.3
1.3074300068,0.2913770724,1.1443678806,1.2021191647,1.2888775029,0.387392641,1.3
1.3073917092,0.2913422932,1.1447760755,1.2024413025,1.2888791451,0.3873190196,1.3
1.3070992426,0.2913677946,1.1446226043,1.2023996606,1.2887508387,0.387374052,1.3
1.307002305,0.2913996812,1.144535254,1.2028822428,1.2886260771,0.38799119,1.3
1.3071061463,0.2913996543,1.1449368037,1.2030725929,1.2887254737,0.3879505174,1.3
1.3071424001,0.2913794793,1.1452147845,1.2031137468,1.2886233652,0.3880995617,1.3
1.3068936141,0.291397861,1.1447869995,1.2034581061,1.2886181698,0.3882363369,1.3
1.3069405461,0.2913848171,1.1446197612,1.2036356877,1.2884157154,0.3880325096,1.3
1.3070934055,0.2913774671,1.1443786834,1.2034960192,1.2887052157,0.388055496,1.3
1.3067280657,0.2914395791,1.1443483024,1.2034007993,1.2884485446,0.388108324,1.3
1.3064928672,0.291420935,1.1446783207,1.20328759,1.2882944707,0.3879345354,1.3
1.3064336907,0.2915448952,1.1450694129,1.2035826916,1.2882583862,0.3877853867,1.3
1.3064650107,0.2915842716,1.145296758,1.2038185139,1.2880306977,0.3875932951,1.3
1.3063378175,0.2916462853,1.1451589656,1.2038077756,1.2877613735,0.3876164943,1.3
1.3065253889,0.2915033951,1.1446927662,1.2038958785,1.2878735032,0.3876279799,1.3
1.3066477738,0.2915272094,1.1453423118,1.2040009725,1.2879014429,0.3878145467,1.3
1.3064275687,0.2914895009,1.1453569322,1.2038776273,1.2877547054,0.38824105,1.3
1.3064173657,0.2915055596,1.14599791,1.2037202589,1.2879438903,0.3887562444,1.3
1.3061666663,0.2915235567,1.146328374,1.2039703838,1.2876743415,0.3884388736,1.3
1.306125956,0.2915075204,1.1464499545,1.2040235511,1.2877624329,0.3884321246,1.3
1.3061065049,0.2915481701,1.1461506472,1.2038388001,1.287998356,0.3883477923,1.3
1.3061637857,0.2915736226,1.1464367919,1.2038195583,1.2881752632,0.3883260245,1.3
1.3062163621,0.2914897258,1.1463816667,1.2038227556,1.2881556827,0.3882581173,1.3
1.306033721,0.2914384537,1.1463463665,1.2038158536,1.2884043083,0.3880887593,1.3
1.3062255509,0.2915567218,1.1459095737,1.2037777751,1.2905691436,0.3881651814,1.3
1.3060606603,0.2914420468,1.1460221894,1.2041949126,1.2906145294,0.3881138663,1.3
1.305825129,0.2914081223,1.1458938648,1.204325008,1.2904735743,0.3880227156,1.3
1.3062725526,0.2913198873,1.1459913925,1.2045216774,1.2904312658,0.3878968741,1.3
1.3063438362,0.2913158692,1.1464310181,1.204756714,1.2904907733,0.3879139479,1.3
1.3061231209,0.2912949173,1.1470839931,1.2049543693,1.2903010988,0.3879154581,1.3
1.3061338928,0.2911999524,1.1471296553,1.2049594574,1.2902931382,0.3878551357,1.3
1.3061316968,0.2911143104,1.1472627147,1.2049960588,1.2904703275,0.388584057,1.3
1.306260735,0.2910934238,1.148021843,1.2052031532,1.2904607862,0.3887423158,1.3
1.3063668824,0.2911470343,1.1488775958,1.2059691864,1.2904898588,0.3885679309,1.3
1.3061392212,0.2911113346,1.1490352933,1.2061471712,1.2903616723,0.3884032968,1.3
1.3060357748,0.2910706396,1.1494326813,1.2059687103,1.2899093663,0.3883528873,1.3
1.3059954049,0.291055659,1.1497709496,1.2063551858,1.2898407636,0.3882314967,1.3
1.3062324142,0.2911773366,1.1505186279,1.2062144113,1.2894627262,0.3882268906,1.3
1.306165726,0.2912596083,1.1515698677,1.2061679031,1.2893099043,0.3881283954,1.3
1.3063338377,0.2912340857,1.1514746456,1.2060479231,1.289405839,0.3882556904,1.3
1.3063129158,0.2912048476,1.1513429658,1.2061016951,1.2893319493,0.3883216766,1.3
1.3063360458,0.2912578086,1.1514680062,1.2062232676,1.2893084251,0.3884553831,1.3
1.3064964774,0.2911829335,1.1517724671,1.206575485,1.2892631446,0.3884366923,1.3
1.3064571647,0.2911640398,1.1522982291,1.2065666066,1.2893948098,0.3886469324,1.3
1.3064183528,0.2910904076,1.1520750953,1.2064993886,1.2895442608,0.3887638232,1.3
1.3065363199,0.2910267699,1.152509458,1.2067018896,1.2895645302,0.388765793,1.3
1.3064928132,0.2909926406,1.1526837188,1.2072509663,1.2893261617,0.389025544,1.3
1.3066489703,0.290976217,1.1526462069,1.207328897,1.2895781953,0.3910884166,1.3
1.3065253804,0.2909998757,1.1526215225,1.2072771385,1.2895625916,0.3915459684,1.3
1.3064390114,0.2910344777,1.1523441498,1.2075230707,1.289546803,0.3908592386,1.3
1.3064410689,0.2910904918,1.1529995627,1.2077395272,1.2897349657,0.390557308,1.3
1.3064011134,0.2911314291,1.1527683624,1.2080393612,1.2900874283,0.3902628155,1.3
1.3065733211,0.2911564879,1.1530598532,1.2083309792,1.2900903733,0.3902090409,1.3
1.3063910233,0.2911291629,1.1533353335,1.2081337893,1.2901003289,0.3900598314,1.3
1.3063093951,0.2910163638,1.1533612565,1.2081892593,1.2899484773,0.3899154122,1.3
1.3063968083,0.2910148729,1.1537091352,1.2081928946,1.2898296474,0.3900502659,1.3
1.3062482104,0.2910179454,1.1541689237,1.2085830253,1.2897220803,0.3900075091,1.3
1.3064153521,0.2909723629,1.1542507843,1.2087949753,1.2897356576,0.3899415283,1.3
1.3064619758,0.2909957891,1.1546257666,1.2088297174,1.2899438451,0.3900520879,1.3
1.3063064023,0.2909661573,1.1549824659,1.2090797482,1.2900482269,0.3900986516,1.3
1.3066665818,0.2910096335,1.1553630358,1.2091487663,1.2902383651,0.390166823,1.3
1.3065089037,0.2909811923,1.1557257781,1.2089536374,1.290218888,0.3892615241,1.3
1.3063196046,0.2909780565,1.1557201447,1.2091251589,1.2902328793,0.3894006824,1.3
1.3063361407,0.2910053594,1.1563489205,1.2089741605,1.2902178468,0.3893691855,1.3
1.3062347929,0.2910712334,1.1568085669,1.208908051,1.2900932509,0.3894184284,1.3
1.3061744707,0.2911147713,1.1570464348,1.2090694022,1.2900710681,0.3903243913,1.3
1.3060198773,0.2911639209,1.1568862776,1.2091569736,1.2902572573,0.3901564765,1.3
1.3058307234,0.2911906206,1.1572135634,1.2093842393,1.290484963,0.3902051563,1.3
1.3056523429,0.2911638787,1.1569739214,1.2093767246,1.2906107142,0.3908977243,1.3
1.3055989679,0.2911198163,1.1568749308,1.2093852275,1.2906156422,0.390545551,1.3
1.3052519527,0.2910521417,1.156869952,1.2092972926,1.2905360912,0.3906501795,1.3
1.3049986361,0.291035748,1.1573156508,1.2091140897,1.290276479,0.390887278,1.3
1.3050417134,0.291020624,1.1573734798,1.2095588808,1.2903462972,0.3907068798,1.3
1.3049815697,0.2908898675,1.1577542975,1.2094201327,1.290522988,0.3907010028,1.3
1.3050237736,0.2909291771,1.1581515292,1.2096550045,1.2904700376,0.391052564,1.3
1.3052835892,0.2909652291,1.1581811719,1.2098138979,1.290578712,0.390995887,1.3
1.305099805,0.2909338014,1.1584834719,1.2095847006,1.2906236555,0.3911953348,1.3
1.3049442324,0.2909577581,1.1582457543,1.2098859764,1.2905447661,0.3909993354,1.3
1.3050351024,0.2909938273,1.1583747819,1.2101129688,1.2905543297,0.3910657596,1.3
1.3050293503,0.2910231589,1.1581263299,1.2103597672,1.2906900382,0.3908892744,1.3
1.3048936264,0.2910457179,1.1583542235,1.2110209305,1.2907661911,0.390859691,1.3
1.3048751256,0.291034375,1.158419562,1.2110779633,1.2905940435,0.3909411884,1.3
1.3047762069,0.2910196012,1.1584507181,1.2107437814,1.2902907529,0.3909405639,1.3
1.3045924737,0.2910474854,1.1588438778,1.2109210649,1.2903461393,0.3909226567,1.3
1.3046243726,0.291079798,1.1584786281,1.2111133739,1.2900906934,0.3908500321,1.3
1.3046344146,0.2911955985,1.1583487686,1.2112022114,1.2900073519,0.3907990209,1.3
1.3046214487,0.2911871798,1.1586409887,1.2115484185,1.2900821935,0.3907668379,1.3
1.3045601837,0.2911443844,1.158913313,1.2115999236,1.2902779651,0.3910098052,1.3
1.3044877923,0.2910534697,1.1589001243,1.2116359545,1.2903126295,0.3913852471,1.3
1.3044341491,0.2910097802,1.158986015,1.2111674851,1.290105551,0.3915690348,1.3
1.3046448326,0.2910273078,1.1589847082,1.21131403,1.2899595352,0.391435692,1.3
1.3047759665,0.2910175074,1.1595616279,1.2113240656,1.290001346,0.3912823386,1.3
1.3046707171,0.2910191614,1.1597335999,1.2111027438,1.2900399538,0.3913209907,1.3
1.3043995742,0.2910495922,1.1593795618,1.2109439861,1.2900687554,0.3911539715,1.3
1.3044022393,0.29097847,1.1598183608,1.2108263341,1.2899392645,0.391009401,1.3
1.3040378587,0.2909250232,1.1599138004,1.2107970514,1.2900226894,0.3930080085,1.3
1.3040615535,0.2909817167,1.1602933118,1.2107774597,1.2898728591,0.3920835126,1.3
1.3043432014,0.2909090083,1.1606126489,1.2109630428,1.2897839218,0.3922784397,1.3
1.304220136,0.2909316827,1.160226803,1.2112204989,1.2898430187,0.3919568808,1.3
1.3042762223,0.2909250022,1.1605109228,1.2114011369,1.2898004632,0.3918570069,1.3
1.3044336821,0.290923644,1.1606337935,1.2114780684,1.289966355,0.3918689417,1.3
1.3041511189,0.2909186855,1.1604975446,1.2115546719,1.2901999604,0.3920289218,1.3
1.3041177448,0.2909281029,1.1601748965,1.2114431912,1.2900419828,0.392218803,1.3
1.3039574861,0.290935945,1.1600550275,1.2113337555,1.2902404386,0.3923931541,1.3
1.3039008974,0.2909265746,1.1600999228,1.2112628154,1.2906098596,0.3924378819,1.3
1.3037596255,0.2909600464,1.1599627976,1.2113200187,1.2907608713,0.3924710381,1.3
1.3036214338,0.2909460495,1.160036013,1.211460427,1.2908386667,0.3924721127,1.3
1.3036067138,0.2909973103,1.1598828869,1.2116848519,1.290775594,0.3924392079,1.3
1.3035291506,0.2909406298,1.1599385249,1.2118365112,1.290717418,0.3925534869,1.3
1.3032734658,0.2909135178,1.160068862,1.2120895858,1.2906715218,0.3926735725,1.3
1.3032048141,0.290874215,1.1604959501,1.2119569867,1.2905576204,0.393096251,1.3
1.3031819828,0.2909032776,1.1606857137,1.2120262689,1.2904901737,0.3927053582,1.3
1.3032269758,0.2908845498,1.1607228354,1.2119668746,1.2905354452,0.3925285133,1.3
1.3034016438,0.2908710484,1.1610906849,1.2121163628,1.2906075479,0.3924420071,1.3
1.3035494968,0.2909365935,1.1614661568,1.2119289649,1.2907242609,0.3924049575,1.3
1.3036702442,0.2908849403,1.1616572928,1.2119950232,1.2907580602,0.3925355067,1.3
1.3037359821,0.2908722528,1.1617116095,1.2119049209,1.2907076019,0.3927567133,1.3
1.3037388547,0.2908970803,1.1621210167,1.2121144497,1.2908565942,0.3929713261,1.3
1.3037705293,0.2909429834,1.1621167874,1.2121444207,1.2910700598,0.3929824599,1.3
1.3038643566,0.2909911634,1.162113023,1.2121530567,1.2910474967,0.3929254376,1.3
1.3038231482,0.291015411,1.1622110729,1.2124369613,1.2910988928,0.3928090025,1.3
1.3037591437,0.2909982208,1.1624101668,1.2127632073,1.2910856328,0.3928240142,1.3
1.3039246148,0.2910523778,1.1626659915,1.2129089844,1.2910202286,0.3926800597,1.3
1.3041053529,0.2910787171,1.1630054919,1.2130949637,1.2909170549,0.3926889045,1.3
1.3037853598,0.2910961815,1.1634034113,1.2130174763,1.2910432226,0.3927829604,1.3
1.3037412843,0.2910443116,1.163557369,1.2131000119,1.2911735002,0.3941592474,1.3
1.3037991167,0.2910384883,1.1636323887,1.2129521255,1.2912900772,0.393900068,1.3
1.3037432875,0.2910941307,1.1636554991,1.2133958571,1.2914209584,0.3939996885,1.3
1.3037049418,0.2910761505,1.1639848034,1.2133763897,1.2914032862,0.3936305531,1.3
1.3037697071,0.2911333093,1.1640036442,1.2136854142,1.2913805247,0.3935724032,1.3
1.3039634966,0.2910942694,1.1642325049,1.2138270173,1.2912218263,0.3935298566,1.3
1.3039787865,0.2911018347,1.1647355144,1.2138057584,1.2913298911,0.3936509322,1.3
1.3039360733,0.2911108538,1.1649251888,1.2141385471,1.2913655872,0.3935459527,1.3
1.3039681997,0.2911216952,1.1649255767,1.2141592324,1.2913711993,0.3934778798,1.3
1.3040391055,0.2911148571,1.1652794307,1.214167709,1.2913814049,0.3934385647,1.3
1.3040510295,0.2910862683,1.1652063281,1.2143969432,1.2914266528,0.3934892031,1.3
1.3039113652,0.2910851945,1.1656127684,1.2143332098,1.2913501871,0.3933184646,1.3
1.3039603265,0.2910309219,1.1661367518,1.2142764966,1.2914492593,0.3933772106,1.3
1.3041354864,0.2910374387,1.1663768175,1.2144612841,1.2914171364,0.3934992317,1.3
1.3040839457,0.2910423313,1.1667334221,1.2144707014,1.2917194603,0.3935250602,1.3
1.3044689368,0.291082072,1.1672081228,1.2145428025,1.2918077246,0.3935778917,1.3
1.3044746058,0.2910704494,1.1678188872,1.2146981859,1.2919152433,0.3940156622,1.3
1.3043222825,0.2911110096,1.1677409381,1.2149276236,1.2918715112,0.3941948584,1.3
1.3044919491,0.2911688124,1.1679221911,1.2151438268,1.2919929519,0.3941508082,1.3
1.3043118729,0.2911955004,1.1678587213,1.2152166846,1.2918861223,0.3942208371,1.3
1.3043260205,0.2911729884,1.1681774199,1.2154707008,1.2917208657,0.3941192008,1.3
1.3041852962,0.291181237,1.1676111954,1.2156651034,1.2917404725,0.3942065712,1.3
1.3040189083,0.2911979816,1.1677261542,1.2162530933,1.2916044323,0.3940987659,1.3
1.3038632355,0.2911833558,1.1679886406,1.2163442761,1.2916876837,0.3940979187,1.3
1.3039371298,0.2912024759,1.1680188458,1.2164381364,1.2913721111,0.3940931344,1.3
1.3041156057,0.2912041333,1.1679731242,1.2165508989,1.2913683671,0.3939734612,1.3
1.3040646747,0.2911969027,1.1680177038,1.2166582365,1.2913691773,0.3939926359,1.3
1.303989234,0.2912134672,1.1680379456,1.2169508525,1.2913342115,0.3940352587,1.3
1.3038811115,0.2911951874,1.168005939,1.2175536683,1.2913265999,0.3941605676,1.3
1.3040902293,0.2911749629,1.168464855,1.217744383,1.2915896397,0.3941864629,1.3
1.3038604229,0.2911422496,1.168305183,1.2180726167,1.291383761,0.3942070038,1.3
1.3037410569,0.2910899202,1.1685522043,1.2181933438,1.291465287,0.3941315892,1.3
1.303575205,0.2911498902,1.1687402264,1.2183600964,1.2915636181,0.394039996,1.3
1.3034433486,0.2911350134,1.1689070886,1.2185734264,1.2915532699,0.3939523522,1.3
1.3033896348,0.2911468841,1.1692120321,1.2185529747,1.2916642139,0.3940632203,1.3
1.3032340139,0.2911055552,1.1696199346,1.218659479,1.2917043811,0.3940287478,1.3
1.3033807456,0.2911849544,1.1695704059,1.21847703,1.2917735038,0.3940740037,1.3
1.3034874833,0.2911523835,1.1698165314,1.2184851063,1.2917360989,0.3942037396,1.3
1.3031924355,0.2910758235,1.1696829579,1.2184774134,1.2918167862,0.3941574358,1.3
1.3034133237,0.2910847723,1.1698218062,1.218563173,1.2917613085,0.394025275,1.3
1.3034187153,0.2910463166,1.169893657,1.2186116369,1.291922738,0.3939335072,1.3
1.3035874354,0.2910512245,1.1700175655,1.218808869,1.2918819663,0.393875732,1.3
1.3036927642,0.2910814232,1.1700401546,1.2188531818,1.2919447641,0.3938004107,1.3
1.3035891022,0.2910747022,1.1702095867,1.2188553417,1.2920706503,0.3937976949,1.3
1.3037405061,0.2910247054,1.170345301,1.2186932499,1.2920954454,0.3938216994,1.3
1.3041206387,0.290992354,1.1701079906,1.2189574985,1.2921480108,0.3938045079,1.3
1.3040393646,0.2910309021,1.170317369,1.219083987,1.2922966098,0.3938620711,1.3
1.3040115704,0.2910182798,1.1706804285,1.2190323763,1.2923028185,0.3938024576,1.3
1.3038804938,0.2909807747,1.1709539608,1.2189831278,1.2924337642,0.393733503,1.3
1.3039138708,0.2909194009,1.1714857555,1.219098208,1.2924278444,0.3936993096,1.3
1.3040066338,0.2908634391,1.1719854251,1.2190937744,1.2926332737,0.3937543921,1.3
1.3042780974,0.2908513003,1.172392419,1.2193465681,1.2928587484,0.3937563583,1.3
1.3043415627,0.2909081065,1.1723472977,1.2194408807,1.292886584,0.3937502014,1.3
1.3042025448,0.2908691969,1.1723407783,1.2195776253,1.2928690364,0.3938438127,1.3
1.304235772,0.2908475178,1.1725118875,1.2196984217,1.292837227,0.3941029724,1.3
1.3040976185,0.2908122828,1.1725664992,1.2197848593,1.2931397256,0.3941059645,1.3
1.3038441301,0.2907783321,1.1723845939,1.219835835,1.2931494264,0.3941842919,1.3
1.3038631285,0.2907511097,1.1725541148,1.2198758112,1.2932677142,0.3941864218,1.3
1.304062957,0.2907702767,1.1730052211,1.2199189925,1.2931925307,0.3942048366,1.3
1.3039884557,0.2907635539,1.1724854699,1.2200150763,1.2931960736,0.3941932787,1.3
1.3039168927,0.2907411092,1.1729551135,1.2199439716,1.2933023231,0.3941699793,1.3
1.3038804503,0.290729024,1.1727021601,1.2201044185,1.293383623,0.3943053519,1.3
1.3040467423,0.2906568268,1.172835554,1.2201400311,1.2933880688,0.394302064,1.3
1.3041024222,0.2906410364,1.1728442436,1.220235902,1.293253497,0.3942610451,1.3
1.3041088114,0.290672473,1.1728205172,1.2202448896,1.293390944,0.394401152,1.3
1.3039315475,0.2906443619,1.1730265598,1.2204125195,1.2934280119,0.3945373905,1.3
1.3039806373,0.2906257783,1.1732252635,1.220382648,1.2935572217,0.3945852346,1.3
1.3038634057,0.2906239964,1.1731316977,1.2205927422,1.2936436046,0.3947671158,1.3
1.3037096792,0.2906579436,1.1727044309,1.2203505942,1.2937123349,0.3949651609,1.3
1.3037161999,0.2906261016,1.1724333786,1.2204782718,1.2954066254,0.3947969221,1.3
1.3036735411,0.2907266752,1.1728668517,1.2207963231,1.2954923239,0.3944190121,1.3
1.3037949592,0.2906776565,1.1730912244,1.2207870685,1.2956370692,0.3943402796,1.3
1.3036915888,0.2907198647,1.1736389596,1.2210161089,1.2958025124,0.3943560004,1.3
1.3036898318,0.2907275991,1.1740056108,1.2208406684,1.2958574157,0.3944904763,1.3
1.3037164872,0.2907061082,1.1742054947,1.2209124625,1.2958670612,0.3945330309,1.3
1.3035257072,0.2906806985,1.1744085568,1.2208990114,1.2956931999,0.3945629499,1.3
1.3036015677,0.2906989068,1.1744761322,1.2210103232,1.2956355275,0.3968830521,1.3
1.303527466,0.2906721209,1.1745941103,1.2211606162,1.2956451289,0.3960454269,1.3
1.3034512844,0.2907036938,1.174511203,1.2214309236,1.2955859548,0.395831417,1.3
1.3033100133,0.2907108766,1.1744331271,1.2213833689,1.2954803219,0.3954724544,1.3
1.3031919673,0.2906828358,1.1743375756,1.2214397723,1.2953132773,0.395427965,1.3
1.3032379975,0.2907168374,1.1746034741,1.2217529183,1.2954768297,0.3953364939,1.3
1.303333049,0.2907679958,1.174858967,1.2217723913,1.2954052349,0.3954406911,1.3
1.3034961364,0.2907828819,1.1754503067,1.2218844001,1.2952490696,0.3954084051,1.3
1.3035290639,0.290813198,1.1756222325,1.2220127308,1.2952983704,0.3953518707,1.3
1.3036942487,0.2908025524,1.1757441491,1.2220905379,1.2951887807,0.3954308802,1.3
1.3037698888,0.2907906725,1.1760969568,1.2223236178,1.2951757327,0.395515417,1.3
1.3037123402,0.2908141229,1.1763220828,1.22228744,1.2952975495,0.3956986425,1.3
1.3036832642,0.2907960644,1.1766488745,1.2224150587,1.295386196,0.395153421,1.3
1.3038771928,0.2908217428,1.176940769,1.2223970801,1.2954790209,0.3952777213,1.3
1.3037858831,0.2908170694,1.1774623683,1.2223441378,1.2954417097,0.3953344925,1.3
1.3038556069,0.2908166528,1.1774529649,1.2223588212,1.2955430743,0.3953200412,1.3
1.3038292771,0.2908490936,1.1776898066,1.2223683941,1.2956227036,0.3953679197,1.3
1.3037563724,0.2908516823,1.1775360063,1.2224158459,1.2958026709,0.3953901329,1.3
1.3036706173,0.290823571,1.177710921,1.2223691926,1.295673035,0.3954486791,1.3
1.303854556,0.2908158392,1.1781933728,1.2224894829,1.296191858,0.3954988368,1.3
1.3037862854,0.2908190544,1.1782796295,1.2226601174,1.2962520789,0.395550193,1.3
1.3036238194,0.2908552502,1.1785576451,1.2227383287,1.2962373363,0.3956113199,1.3
1.3035937488,0.2908716936,1.1787169278,1.2228598395,1.2963324894,0.3956204778,1.3
1.3037498652,0.2908865721,1.1787348913,1.222767265,1.2965106255,0.3955934656,1.3
1.3037611326,0.2908594638,1.1790128312,1.2229745462,1.2964294318,0.3955684597,1.3
1.3038513469,0.2908267809,1.1789358008,1.2230335195,1.2964931028,0.3955596036,1.3
1.3038946362,0.2907887544,1.1791726471,1.2233387857,1.2965445139,0.3954841201,1.3
1.3041014742,0.2908075197,1.1792082969,1.2232481246,1.2964401174,0.3954631738,1.3
1.3040494876,0.2908251554,1.1794883055,1.2233696183,1.296433836,0.3953753535,1.3
1.3041647889,0.2908674462,1.1798875173,1.2235126161,1.2965679841,0.3953447433,1.3
1.3039765643,0.2909096028,1.1799610228,1.2233402004,1.2965374861,0.3953547952,1.3
1.3040212979,0.2909251107,1.180108852,1.2234171808,1.2966593988,0.3953148279,1.3
1.3040569277,0.2909051303,1.1800588822,1.2237372937,1.2967107544,0.3953690175,1.3
1.3041329661,0.2909454445,1.1805776318,1.2236816545,1.296915651,0.3954210104,1.3
1.30402074,0.2909134773,1.1808000533,1.2238071277,1.2968449948,0.3954846609,1.3
1.3035794518,0.2909047602,1.1807115375,1.2240833642,1.2968384616,0.3954280485,1.3
1.3034632729,0.2908532486,1.180682326,1.224352014,1.2969797361,0.3955484011,1.3
1.3034924453,0.2908354451,1.1808630979,1.2243845836,1.2969568523,0.3955711243,1.3
1.3033394324,0.2908543614,1.1810631314,1.2244972726,1.2974083963,0.3954928981,1.3
1.3033025199,0.2908175971,1.1812783971,1.2244918321,1.2974709745,0.3954968131,1.3
1.3033137642,0.2908099097,1.1811741685,1.2244516366,1.2975495231,0.3955386145,1.3
1.3033214062,0.2907927453,1.1814342635,1.224371604,1.2975401518,0.3955650923,1.3
1.3031972879,0.2908048163,1.1811422218,1.2242828971,1.2976296329,0.3955635669,1.3
1.3032856424,0.2908299075,1.1814579067,1.2243399984,1.2977327148,0.3954517652,1.3
1.3033921774,0.2908043815,1.1813496191,1.2243952482,1.2976790533,0.3953699629,1.3
1.303417202,0.2907281625,1.1811356875,1.2244445663,1.2976372842,0.395337869,1.3
1.3034886717,0.290741128,1.1813752135,1.2241787008,1.2978407246,0.3953054528,1.3
1.3035127942,0.2907870991,1.1815404504,1.2241932384,1.2978430059,0.3953127639,1.3
1.303450764,0.2907618025,1.1818976276,1.2242628795,1.2978080117,0.3952697948,1.3
1.3034803196,0.2908015146,1.181750275,1.2243998031,1.2976949937,0.3954109045,1.3
1.3032421667,0.290810019,1.1821031949,1.2246651117,1.2981104574,0.3954386055,1.3
1.3031853149,0.290767114,1.1818635892,1.2248500695,1.298065214,0.3955033883,1.3
1.3032128747,0.2908179806,1.1819698974,1.2249130503,1.2981340393,0.3956074232,1.3
1.3031917221,0.2908223009,1.1823571587,1.2247489564,1.2980053526,0.3955059809,1.3
1.3030725324,0.2907660401,1.1826028148,1.2246304315,1.2979181382,0.395434324,1.3
1.3031629728,0.2908004849,1.1827170736,1.2247769448,1.298035824,0.39535743,1.3
1.303139797,0.2907810307,1.1826340583,1.2249282938,1.2978023875,0.3952611383,1.3
1.3030865134,0.2907838,1.1831372853,1.2249732685,1.2978229664,0.3952902889,1.3
1.302886538,0.2907603259,1.1831568884,1.2251083205,1.2977955619,0.3952498593,1.3
1.3030318605,0.2907255132,1.1826659196,1.2253255006,1.2977627572,0.39526717,1.3
1.3031247522,0.2907378611,1.182851606,1.225245804,1.2977277906,0.3952879823,1.3
1.3032009109,0.2907648254,1.1830248617,1.2250862036,1.2977570805,0.3951695177,1.3
1.3030534802,0.2907796264,1.1832975604,1.2254824452,1.2977856236,0.3951787806,1.3
1.302913838,0.29077342,1.1836823442,1.2254552375,1.297699016,0.3951416628,1.3
1.302913806,0.2907660993,1.1837885752,1.2260021873,1.2978789821,0.3951481955,1.3
1.302897909,0.2907689428,1.1833329429,1.2260600811,1.2978778135,0.3951265302,1.3
1.3029039318,0.2907259445,1.183634445,1.2263582649,1.2978617442,0.3950580268,1.3
1.3027633666,0.290713352,1.1835304635,1.2266646103,1.2976518006,0.3950703821,1.3
1.3028324746,0.2906932341,1.1839440305,1.2266596436,1.2976403689,0.3951128719,1.3
1.3028714279,0.2906979891,1.1840481972,1.2266076558,1.2979238755,0.3950320385,1.3
1.3029583731,0.2906908775,1.1840667231,1.2267134315,1.2979349758,0.3950702499,1.3
1.303011452,0.2907215703,1.1843147238,1.2268367294,1.2979221481,0.3950470187,1.3
1.3028310861,0.2907230679,1.1844783678,1.2269586586,1.2978729399,0.3950207252,1.3
1.3028544862,0.2906980327,1.1847983047,1.2271318477,1.2976109798,0.3950162889,1.3
1.3029092164,0.2906702907,1.1848461874,1.2272007976,1.2977330522,0.3949546596,1.3
1.3028857012,0.2905798461,1.1850118308,1.2271691905,1.2976673793,0.3949677893,1.3
1.3027763288,0.2906144904,1.1849178279,1.2271044713,1.2977321637,0.3949552232,1.3
1.3027955569,0.2905888875,1.1849708015,1.2272041323,1.2977502128,0.3949495218,1.3
1.3026930259,0.2905967412,1.1850460159,1.227179762,1.2981042808,0.3949325105,1.3
1.3025843855,0.2906076244,1.1855314535,1.2272644239,1.2982922459,0.3950177619,1.3
1.3025190171,0.2906020772,1.1857089891,1.2274054821,1.2983269879,0.3949938055,1.3
1.3024029497,0.2905531426,1.1854792135,1.2272930601,1.2983841999,0.3949614059,1.3
1.3023019226,0.2905945265,1.1854623465,1.2273430675,1.2983653634,0.3949655566,1.3
1.3021577294,0.2906009182,1.1855411289,1.2272647027,1.2983211817,0.3950234692,1.3
1.3019436927,0.2905604828,1.1853737607,1.2274522548,1.2983724908,0.3949660399,1.3
1.3018409332,0.2905546323,1.1854565542,1.227649661,1.2984451547,0.3949067753,1.3
1.3019139949,0.2905630421,1.1855186078,1.2278002498,1.2984750026,0.394956794,1.3
1.3020020063,0.2905907572,1.1858089566,1.2277968153,1.298471206,0.3951340648,1.3
1.3017825627,0.2905958133,1.1856717964,1.2280377706,1.2984980591,0.3953435779,1.3
1.3019758485,0.2905771992,1.1858569103,1.2282765462,1.2984737072,0.3954036473,1.3
1.3019080536,0.2905716415,1.1856717492,1.228298514,1.2984680649,0.3954943202,1.3
1.301900102,0.2905654639,1.185654909,1.2283552955,1.2984499476,0.3954908932,1.3
1.3018231882,0.2905997764,1.1857665247,1.2284375139,1.2983637115,0.3955801839,1.3
1.3016630651,0.2905871644,1.1857916545,1.2286678555,1.2983710021,0.3956871645,1.3
1.3014376446,0.2905234666,1.1860147851,1.2287387605,1.2984043269,0.3955856233,1.3
1.301689489,0.290524527,1.1861817102,1.2287660253,1.2983809725,0.3963822187,1.3
1.3016968517,0.2904684646,1.1863351597,1.228887141,1.2982455136,0.3967656889,1.3
1.3017741691,0.2905018553,1.1865062256,1.2289983498,1.298280509,0.3963783748,1.3
1.3017377711,0.2905067504,1.1863915443,1.2292335058,1.2983035677,0.3962823195,1.3
1.3018037506,0.2905025739,1.1862985348,1.2292951356,1.2983908366,0.396363533,1.3
1.3019478223,0.2905784435,1.1862683122,1.2292101858,1.2983774274,0.3961916651,1.3
1.3019382638,0.2905318213,1.1865043588,1.2293110747,1.298294073,0.396092996,1.3
1.3019969859,0.2905417136,1.1868006394,1.2295280721,1.2982588322,0.3961557652,1.3
1.3018992743,0.2905146565,1.1870817121,1.2296229766,1.2983802893,0.3962247737,1.3
1.3018107663,0.2904967758,1.1872456235,1.2298108779,1.2984432702,0.3962982115,1.3
1.301680384,0.2905143385,1.1871762368,1.2300778996,1.2984213379,0.3963934166,1.3
1.3014641427,0.2905423731,1.1871209075,1.230302122,1.2983696039,0.3964082322,1.3
1.301464437,0.2905388201,1.1870721263,1.2304596051,1.2983285895,0.3961346937,1.3
1.3014260823,0.2905116296,1.1873095966,1.2306826871,1.2983130568,0.3961811756,1.3
1.3012310616,0.2904722038,1.1872937379,1.2306632376,1.2983933061,0.3961420313,1.3
1.301325347,0.290435108,1.1873834978,1.2308133498,1.2983836671,0.3961262422,1.3
1.3012656961,0.2904231467,1.1874269444,1.2307931325,1.2984600059,0.3960517152,1.3
1.301193357,0.2904457726,1.1876225873,1.2306985701,1.2985027388,0.3959824983,1.3
1.3010147597,0.2904410231,1.1875704425,1.2307902949,1.2985435487,0.3961261234,1.3
1.3010322237,0.2904244857,1.1875137479,1.2307855589,1.2985989979,0.3961909836,1.3
1.3008759925,0.2904253773,1.1875355558,1.23062178,1.2986360222,0.3961836308,1.3
1.3008214849,0.2904460115,1.1878159085,1.2305997845,1.2986714326,0.396169065,1.3
1.3008296037,0.2904076317,1.1881122789,1.230828243,1.2986359469,0.3961477817,1.3
1.3010302489,0.2904382219,1.1883466135,1.2309291189,1.2987122822,0.3962085346,1.3
1.3010348807,0.2904378894,1.1881683497,1.2310526099,1.2986064508,0.3962002752,1.3
1.301067257,0.290417122,1.1885495615,1.2311854591,1.2986589721,0.3961719123,1.3
1.3009790326,0.290390897,1.1883515381,1.2311374273,1.2987933581,0.3961151294,1.3
1.3008274136,0.2903789267,1.1882520029,1.2313221758,1.298741991,0.3961390397,1.3
1.3010215471,0.2903618152,1.1883448021,1.231255044,1.2986450067,0.3965904038,1.3
1.301076118,0.2903464329,1.1885633396,1.2312996682,1.2987446242,0.3968535463,1.3
1.3010716885,0.2903322916,1.1883384865,1.2314118321,1.2988192012,0.3966134344,1.3
1.3010969351,0.2903540562,1.1886572529,1.2316723849,1.298798362,0.3965045574,1.3
1.3009917242,0.2903351746,1.1888158194,1.2318707238,1.2988557574,0.3966752329,1.3
1.3008661831,0.2902950774,1.1889990728,1.2317982771,1.2989129601,0.3966226976,1.3
1.300983664,0.2903062481,1.1890892985,1.2319650326,1.2989425989,0.396430228,1.3
1.3009316562,0.2902881579,1.1891615413,1.2319662423,1.2989626106,0.3963702947,1.3
1.3009944266,0.2902889023,1.1893216127,1.2319135499,1.2988933826,0.3964925406,1.3
1.3009370725,0.2903026466,1.1892132305,1.2321339912,1.2988481952,0.3964577998,1.3
1.3009271149,0.2903192292,1.1892513011,1.2322709026,1.2989066278,0.3964571648,1.3
1.3008612611,0.2903589909,1.1895990134,1.2324718863,1.298872651,0.3964484454,1.3
1.3007284322,0.2903691765,1.1898931362,1.232699675,1.2987317085,0.3964179334,1.3
1.3006999892,0.2903626805,1.1900667402,1.2330698717,1.2988927801,0.3965432218,1.3
1.3006831716,0.2903894532,1.1901214432,1.2333833966,1.2989196197,0.3965751804,1.3
1.300825288,0.2903876245,1.1901708962,1.233325223,1.298986875,0.3966220664,1.3
1.3008734921,0.290396036,1.1901354759,1.2332739013,1.2989101253,0.396590368,1.3
1.3008340943,0.2904263546,1.190100538,1.2332891169,1.298906235,0.3965525987,1.3
1.3007647622,0.2904003069,1.1901292835,1.2332293387,1.2988330288,0.3965932852,1.3
1.3007953011,0.2904160492,1.190216477,1.2333566288,1.2987732815,0.3965488385,1.3
1.3006517468,0.2903861747,1.1903825549,1.2333281136,1.2988335904,0.3966128535,1.3
1.3007584361,0.2903460223,1.1904409776,1.233404285,1.2988951182,0.3966472698,1.3
1.3006481127,0.290324606,1.1904432437,1.2334585894,1.2988933312,0.3967604364,1.3
1.300749054,0.2902926159,1.1904587336,1.2335192963,1.2989289566,0.396702462,1.3
1.3007192665,0.2902484724,1.1903557505,1.2335668314,1.2988229322,0.3966990565,1.3
1.3006664384,0.2902324213,1.1902234313,1.2336050427,1.2989452587,0.3968918111,1.3
1.300367884,0.2901963581,1.1901867839,1.233797822,1.2989630161,0.3968965334,1.3
1.3003227133,0.2901336309,1.1903027003,1.2339766788,1.2989479819,0.3969705085,1.3
1.3002656109,0.2900973913,1.1901472076,1.2343157609,1.298806203,0.3968043803,1.3
1.3003111864,0.2900896314,1.1904075396,1.2342847167,1.2988841645,0.3967812635,1.3
1.3002808263,0.2901264033,1.1905793187,1.2345166624,1.2988113524,0.3967458456,1.3
1.3003951577,0.2901343101,1.1905745224,1.2344800608,1.2987607918,0.3967308905,1.3
1.3005071168,0.2901566746,1.1903734594,1.2347814669,1.2987518345,0.3968248737,1.3
1.3004489961,0.2901750789,1.1901303292,1.2349811645,1.298719285,0.3975523715,1.3
1.3005407011,0.2902082472,1.1904550183,1.2352005969,1.2988271002,0.3974720751,1.3
1.3004639469,0.2901738726,1.1904976498,1.235126754,1.2988899563,0.3975332629,1.3
1.3006032251,0.290181081,1.1905659557,1.2354822455,1.2989074899,0.3975773356,1.3
1.300494553,0.2901979296,1.1906721842,1.2355071936,1.2988410959,0.3976308647,1.3
1.300481483,0.2902133768,1.1907012772,1.2355891835,1.2987848232,0.3979513613,1.3
1.3004241202,0.290234742,1.1906200172,1.2358321675,1.2986932705,0.398147478,1.3
1.3003434464,0.2902574494,1.1906803689,1.2359333801,1.2986452841,0.398270783,1.3
1.300289549,0.2902574229,1.1907039467,1.2360808306,1.2985903349,0.3982491481,1.3
1.3001662594,0.2902243241,1.1911022534,1.2360557535,1.2985021181,0.3981739009,1.3
1.3002051988,0.2902132052,1.1913908704,1.2359585792,1.2985152769,0.3980857211,1.3
1.3000042303,0.290192306,1.1916484953,1.2360362885,1.2984663593,0.3979622012,1.3
1.299993053,0.2902163148,1.1916378487,1.2361587168,1.2985144455,0.3979846145,1.3
1.3000200602,0.290202296,1.1919444864,1.2363007978,1.2985418082,0.3980482505,1.3
1.2999584704,0.2901818236,1.1923843271,1.2363885041,1.2984349936,0.3979455835,1.3
1.2998115678,0.2901579675,1.1923174949,1.2363445253,1.2984846329,0.3979567992,1.3
1.2996526773,0.2901436251,1.1927224193,1.236302906,1.2984319466,0.3978590303,1.3
1.2996194007,0.2901227811,1.1926945208,1.236572794,1.2985362847,0.3978576211,1.3
1.2995986478,0.2901078153,1.1927082868,1.2365074203,1.2984390064,0.3977253975,1.3
1.2994857164,0.2900974692,1.1929693951,1.2365926167,1.2983299175,0.3987122259,1.3
1.2994040398,0.2901719832,1.193031154,1.2365169887,1.2983969473,0.3986286395,1.3
1.2994352227,0.290139339,1.1930760555,1.2366148413,1.2984468515,0.3984467465,1.3
1.2996390636,0.2901421182,1.1933737227,1.2367385709,1.2982964413,0.3981843241,1.3
1.2997718649,0.2901202227,1.1933460968,1.2368430047,1.2983816521,0.3985361574,1.3
1.299828109,0.2901570797,1.1933369541,1.2367584407,1.2983502413,0.3984056405,1.3
1.2998310676,0.290163864,1.1933444852,1.236922627,1.298350276,0.3983333216,1.3
1.2997862085,0.2901490902,1.1934438486,1.2369603057,1.2983252004,0.3981618273,1.3
1.2997678901,0.290172738,1.1934373802,1.2369947483,1.2983245358,0.3980799999,1.3
1.299898264,0.2901455281,1.1935904111,1.2369877553,1.2982901852,0.3980795874,1.3
1.3001200553,0.2901343104,1.1938163455,1.2369443722,1.2982042883,0.3980632748,1.3
1.3001751353,0.2900964864,1.1937230584,1.2371729597,1.2981942401,0.3982906026,1.3
1.3000466005,0.2900516885,1.193729725,1.2374834496,1.2982576181,0.3983033965,1.3
1.3002223065,0.2900636463,1.1938634723,1.2375489724,1.298237353,0.3982342349,1.3
1.3002140394,0.2900661561,1.1936513025,1.2374486751,1.2982133698,0.3981743657,1.3
1.3001824316,0.2900498863,1.1936165151,1.237373689,1.2982666321,0.3981776211,1.3
1.29998433,0.2900475095,1.19353353,1.2375065346,1.2982925561,0.3982352322,1.3
1.2998737732,0.2900517,1.1935218471,1.2375386613,1.2982822636,0.3982942359,1.3
1.2997410512,0.2900832399,1.1934991556,1.2375475916,1.2982423004,0.3982215493,1.3
1.2996473572,0.290098926,1.1934690866,1.2378550298,1.2982453979,0.3983773864,1.3
1.2996352782,0.2901237387,1.1935846425,1.2378424086,1.2984458369,0.3982995688,1.3
1.2996689112,0.2900653298,1.1935902885,1.2379442633,1.2986082028,0.3981939227,1.3
1.2996353094,0.2900909527,1.193514426,1.2381012282,1.2986119456,0.3981648839,1.3
1.2996787222,0.2900952924,1.1938154309,1.2382192125,1.2986252296,0.3981187413,1.3
1.2996453622,0.2901008699,1.1938726513,1.2381465755,1.2986644277,0.398123092,1.3
1.2996963779,0.2900864463,1.1939471537,1.2381995275,1.2984882971,0.398046838,1.3
1.2997669781,0.2900224381,1.1942831895,1.2383531364,1.298590349,0.3980864832,1.3
1.2998976832,0.2900329459,1.1943609063,1.2384274862,1.298612815,0.3981478917,1.3
1.2998935266,0.2899959301,1.1945253011,1.2384027378,1.2985713411,0.3982066843,1.3
1.2999173068,0.2900466659,1.1946317628,1.2384901397,1.2985684498,0.3982737572,1.3
1.2998168588,0.2899957219,1.1946309749,1.238823556,1.2986744905,0.3982347705,1.3
1.2998230409,0.2899967054,1.1944525362,1.2389328358,1.2985830621,0.3983032147,1.3
1.2998226598,0.2899773841,1.1945238101,1.2389230197,1.2985930743,0.3982665894,1.3
1.2999501548,0.2899545219,1.194589121,1.2390211148,1.2985824734,0.3982722046,1.3
1.300063203,0.2899458436,1.1943636061,1.2390762476,1.298631103,0.398265602,1.3
1.300072485,0.2899567061,1.1941389219,1.2390594365,1.2986749985,0.3981359271,1.3
1.3001435594,0.2899864102,1.1940462605,1.2390929394,1.2986398974,0.3981134805,1.3
1.3002925392,0.2899700202,1.1941074524,1.2391940468,1.2986844163,0.3981705737,1.3
1.3000851216,0.29002001,1.1942156164,1.2392278842,1.2986938549,0.3981778645,1.3
1.3001957098,0.2900292461,1.1942258335,1.2392186714,1.2987966092,0.3981869731,1.3
1.3001244429,0.2900170972,1.1943289799,1.239382188,1.2986882854,0.3982063627,1.3
1.3000487345,0.289989287,1.1944885268,1.2394830243,1.2988537218,0.3981764301,1.3
1.300146071,0.2899913609,1.1944616966,1.2396403564,1.2987686034,0.3981717861,1.3
1.2999990696,0.2899955178,1.1945087382,1.2397501668,1.2987968725,0.398238143,1.3
1.2999922285,0.290045735,1.1947068286,1.2398161281,1.2987542453,0.3981940154,1.3
1.2997830684,0.2900242498,1.1946681775,1.2397810768,1.2987831741,0.3982594699,1.3
1.2998857859,0.2900324666,1.1949259467,1.2399742121,1.2987958109,0.398336548,1.3
1.3000836483,0.2900177513,1.1949749764,1.2404075481,1.298741427,0.398342721,1.3
1.3001477333,0.2899826693,1.1953169827,1.2405461911,1.2986786936,0.3983872727,1.3
1.3000368088,0.2899534246,1.1952606107,1.2406417522,1.2988222006,0.398438014,1.3
1.3000616173,0.2899857971,1.1953664746,1.2406319073,1.2987848099,0.3983604546,1.3
1.3000446093,0.2899955518,1.1954762601,1.2407314842,1.2987171591,0.3983836118,1.3
1.300005452,0.289965891,1.195751919,1.2405623793,1.2986459376,0.3990940298,1.3
1.2999085206,0.2899090826,1.1959301655,1.2404745049,1.2986195953,0.3991938177,1.3
1.2997879417,0.289936083,1.1960476765,1.2405650892,1.2985488826,0.3985553877,1.3
1.2998419331,0.2899452479,1.1960281876,1.2407353514,1.2985728052,0.3985753758,1.3
1.2999146966,0.2899762567,1.1961295855,1.2407051711,1.2985937663,0.398656389,1.3
1.2998142327,0.289949725,1.1966113889,1.2406108553,1.2986090689,0.3986828522,1.3
1.2997058725,0.2899742234,1.196713975,1.2404994417,1.2986356002,0.3987145075,1.3
1.2996275922,0.2899948023,1.1963482697,1.2406114434,1.2986663092,0.3986670802,1.3
1.2996234408,0.2899786,1.1966489364,1.2406120901,1.2987070674,0.3986130425,1.3
1.2996925798,0.2899963238,1.1965490261,1.2406199739,1.2987363535,0.3986331649,1.3
1.299763344,0.2900066993,1.1966822428,1.2407258777,1.2987206092,0.3986730179,1.3
1.2999074796,0.2900004179,1.1967610411,1.2407822902,1.2988178038,0.3987283756,1.3
1.3000856998,0.2899994394,1.1969053642,1.2409479717,1.2987501592,0.398739797,1.3
1.3001183076,0.2899943812,1.197075116,1.2411731343,1.2987174216,0.3987732931,1.3
1.3001112863,0.2900137385,1.1971952491,1.2412705037,1.2987092174,0.3987089803,1.3
1.3001429658,0.2900451434,1.1975528677,1.2410867304,1.2985971912,0.3986945614,1.3
1.3003048202,0.2900245741,1.1976264057,1.2409361746,1.2985496167,0.3987111542,1.3
1.3002419383,0.2900034403,1.197567438,1.2410660174,1.2984960194,0.3986442456,1.3
1.3002606597,0.2899824405,1.197625349,1.2409771363,1.2985413713,0.3986207794,1.3
1.3002198728,0.2899712993,1.1977293353,1.2410824853,1.2985677809,0.3986356305,1.3
1.3001342364,0.2899664474,1.1975271552,1.2409289843,1.2984840319,0.3986100478,1.3
1.3002501386,0.2899925772,1.1974859509,1.2409828398,1.2984248651,0.3986272338,1.3
1.3005303216,0.2899880018,1.1975008867,1.2409105104,1.2984049795,0.3986119706,1.3
1.3005908308,0.2899316752,1.197264439,1.2409888327,1.2984675502,0.3986108046,1.3
1.3005006329,0.2899404349,1.1973953396,1.2410958003,1.2984134892,0.3986955313,1.3
1.3004344399,0.2899637383,1.1973915895,1.2411433391,1.2984089541,0.3986873506,1.3
1.3004671116,0.2899674966,1.197409679,1.2415466081,1.2983801615,0.3986572647,1.3
1.3004392369,0.2899501928,1.1973139232,1.2418008626,1.2984096897,0.398602464,1.3
1.3004218611,0.2898970819,1.1972751298,1.241559284,1.2983919998,0.398532906,1.3
1.3004178214,0.2898945762,1.197194198,1.2417202231,1.2984488683,0.3985853787,1.3
1.3004890695,0.2899238235,1.1970924462,1.2417701122,1.2983473153,0.3985419464,1.3
1.3004487855,0.2899156787,1.1973758012,1.2420355826,1.2983122509,0.3985775048,1.3
1.3003620625,0.2899105751,1.1978196075,1.2421532741,1.2983066025,0.3986360226,1.3
1.3004126305,0.2899123597,1.1979850427,1.2422319139,1.2983025759,0.3986099244,1.3
1.3004587337,0.2898958621,1.1978811028,1.2420772978,1.2982379529,0.398600999,1.3
1.3002904987,0.289878875,1.1979661901,1.2421973783,1.2982206378,0.3986018038,1.3
1.3003630788,0.2898633634,1.1981299168,1.2423541043,1.2982453501,0.3986118892,1.3
1.3003143224,0.289865539,1.1981922712,1.2425732399,1.2982296793,0.3985806602,1.3
1.300322653,0.2898240558,1.1981750648,1.2425371685,1.298339162,0.3985946971,1.3
1.3002108112,0.2897881447,1.198135815,1.2426898469,1.2982905171,0.3985853855,1.3
1.3001932071,0.2897355688,1.1983161628,1.2428879685,1.2983356586,0.3986125548,1.3
1.3002394165,0.2897367134,1.1986050924,1.2431079122,1.2984886744,0.3986518002,1.3
1.3001700845,0.2897627562,1.198982054,1.2429752499,1.2984941425,0.3986226093,1.3
1.3001412521,0.2897478613,1.1989380921,1.2429184981,1.2985969047,0.3986130969,1.3
1.3001980449,0.2897485782,1.1992279583,1.2429903248,1.2985263009,0.398622646,1.3
1.3003309788,0.2897284719,1.1990575892,1.2430515781,1.2985973314,0.3986905606,1.3
1.300315299,0.2897523621,1.1993871621,1.2429678505,1.2986354218,0.3986397469,1.3
1.3003745386,0.2897633386,1.1993482736,1.2430030051,1.29863723,0.3991566609,1.3
1.3003334226,0.2897554502,1.1994519101,1.2429469194,1.2986775922,0.3993073805,1.3
1.3004031515,0.2897541805,1.1995506891,1.2430291831,1.2987109773,0.3991700139,1.3
1.300487775,0.2897814069,1.1996553534,1.2431128406,1.2987228301,0.3992529557,1.3
1.3004467848,0.2897623153,1.1996535171,1.243124631,1.2986612274,0.3992285305,1.3
1.3003660469,0.289773296,1.1998191408,1.2430898278,1.2985197511,0.3991945627,1.3
1.3002663613,0.2897626933,1.199885145,1.2430974387,1.2984952536,0.399230377,1.3
1.300258133,0.2897646472,1.1998720921,1.2433401278,1.2985232585,0.3991103181,1.3
1.3003450057,0.289758137,1.1998268729,1.24349528,1.2984897682,0.3992097763,1.3
1.3003109538,0.2897605869,1.2002160309,1.2437126214,1.2984988157,0.3991347965,1.3
1.300344715,0.289746683,1.2002977162,1.2437026879,1.2985374386,0.3991469236,1.3
1.3003224744,0.2897213291,1.2004416304,1.2437959667,1.2985603742,0.3990577475,1.3
1.3003182396,0.2897014996,1.2005827484,1.2439269294,1.2985515367,0.399102568,1.3
1.3002184126,0.2896944479,1.2006038331,1.243913326,1.2984153161,0.3990998535,1.3
1.3003514607,0.2896928201,1.2005780308,1.2439581632,1.2983997013,0.3991255647,1.3
1.3003109668,0.2897049254,1.2006476689,1.2441198631,1.298552516,0.3990521834,1.3
1.3002378314,0.2897724161,1.200802194,1.2443044713,1.2985973792,0.3991885124,1.3
1.3000461445,0.2897479283,1.2008808892,1.2443745751,1.2985156728,0.3991988259,1.3
1.2999346321,0.2897657874,1.2008677551,1.2443331392,1.2986044635,0.3991660859,1.3
1.2999768267,0.2897463164,1.200970756,1.2442985914,1.2986664806,0.3990844539,1.3
1.3000194644,0.2897204767,1.2012723869,1.24428505,1.2986588486,0.3990774345,1.3
1.3001483825,0.2897350519,1.2013616642,1.2442551183,1.2986605417,0.3991115761,1.3
1.3002458614,0.2897290206,1.2016885894,1.2442937359,1.298726495,0.3991150783,1.3
1.3002822696,0.2897007945,1.2017461435,1.2442916066,1.298735868,0.3991619126,1.3
1.3001896366,0.289648267,1.2017675313,1.2444186409,1.2986733068,0.3992637408,1.3
1.300312754,0.289661085,1.2018275279,1.244493695,1.2987296479,0.3992969201,1.3
1.3003649298,0.289678366,1.2018294015,1.2444633814,1.298582677,0.3992215448,1.3
1.3004243238,0.2896476862,1.2021562275,1.2444981544,1.2985354843,0.3991697538,1.3
1.3003972206,0.2896342609,1.20225521,1.2444717761,1.298572636,0.3991110517,1.3
1.3004676979,0.2896434442,1.2024058651,1.2443612557,1.2985230375,0.3991339903,1.3
1.3003584402,0.2896369079,1.2026959632,1.244384119,1.2984909482,0.3991602324,1.3
1.3003357404,0.2896389925,1.2028952818,1.2442814016,1.2983612182,0.3991352363,1.3
1.3002337278,0.2896275848,1.202978672,1.2444042171,1.29823967,0.3991397045,1.3
1.3001208642,0.2896471402,1.2030685094,1.2444709332,1.2982371666,0.3994775853,1.3
1.3000546712,0.2896474367,1.2029923134,1.2444937887,1.2981984012,0.3994919538,1.3
1.300051297,0.2896883723,1.2034255371,1.2446072197,1.298177096,0.3994821914,1.3
1.3000553857,0.2896469476,1.2035723237,1.2445141073,1.2982142663,0.3993145415,1.3
1.3000361606,0.2896543492,1.2037582714,1.2446247984,1.2982035604,0.3993156069,1.3
1.3001691629,0.289611648,1.2038587887,1.2446614261,1.2982054538,0.3992821374,1.3
1.300197496,0.289619155,1.2038915438,1.2447961711,1.2982532944,0.3992801133,1.3
1.3001459885,0.2895923029,1.2040019285,1.2447828921,1.2982709812,0.4012187689,1.3
1.3002040318,0.2896103886,1.2040875724,1.2449843958,1.2982402731,0.4000977314,1.3
1.3003098284,0.289601911,1.204315538,1.2451575501,1.2983508906,0.3997854706,1.3
1.3003407653,0.289619307,1.2043420835,1.2452001135,1.298401664,0.399732633,1.3
1.3002474156,0.289659805,1.20428167,1.2453592263,1.2984077255,0.3997775464,1.3
1.3001910692,0.2896487857,1.204380328,1.2453473622,1.2984422338,0.3997490458,1.3
1.300244703,0.289624041,1.2047036942,1.2455497416,1.2984117179,0.3998293267,1.3
1.3003325736,0.2896498385,1.204721352,1.2455081742,1.2983818528,0.3998224648,1.3
1.3002963002,0.2896580299,1.2046941793,1.2454849685,1.2982443282,0.3998871782,1.3
1.3003579069,0.2896669697,1.2050216853,1.2456064732,1.2981716163,0.3998965685,1.3
1.3003045836,0.2896694625,1.2051130241,1.2455832264,1.2981309915,0.3999512761,1.3
1.3002098265,0.2896758234,1.2051244502,1.2455287854,1.2981854475,0.3999350617,1.3
1.3001469728,0.289644931,1.2053891211,1.2455612172,1.2981330607,0.4000309339,1.3
1.3000527401,0.2895827617,1.2056281389,1.2457635951,1.2981576892,0.4003445503,1.3
1.2999244717,0.2895695116,1.2059422943,1.2459141089,1.2981681911,0.400292432,1.3
1.2999627388,0.2895885707,1.2060063949,1.2461564478,1.2981663113,0.3995233154,1.3
1.3000129551,0.2895338324,1.2060800387,1.246191597,1.298296547,0.3993806557,1.3
1.299898634,0.2895443658,1.2060829875,1.2462636387,1.298186067,0.3993459625,1.3
1.300048363,0.2895275361,1.2063137377,1.2462546428,1.2980794186,0.3993571117,1.3
1.300128363,0.2895156957,1.2064161062,1.246324758,1.2979847849,0.3993825022,1.3
1.3000335532,0.289482251,1.2065425377,1.2464237109,1.2980003407,0.3993371065,1.3
1.3000298914,0.2894639755,1.2067451899,1.2466714337,1.2980498032,0.3993834734,1.3
1.2999434739,0.2894612084,1.2067291605,1.2467150009,1.2980263707,0.3993944411,1.3
1.2998832043,0.2894944633,1.2067059185,1.2467595886,1.2979994631,0.3994398089,1.3
1.299744288,0.2894887578,1.2065728608,1.2467290635,1.2980290001,0.3994326479,1.3
1.2996046175,0.2895026618,1.2068946923,1.2469514699,1.2979220533,0.3993935395,1.3
1.2995668216,0.2895132082,1.2071424949,1.2470537997,1.2979266016,0.3993328616,1.3
1.2996242993,0.2894893757,1.2070734189,1.2469461153,1.2979885667,0.3995332876,1.3
1.2996460013,0.2894948492,1.2070107203,1.2469147664,1.2979350211,0.3995067543,1.3
1.2997098537,0.2894996636,1.2072088976,1.2469465729,1.2979079717,0.3995643213,1.3
1.2997041197,0.2894715285,1.2073385884,1.2470390219,1.2980444103,0.399820816,1.3
1.2996746062,0.2894439567,1.2075678222,1.2472543036,1.2980315836,0.3998473853,1.3
1.2996009724,0.2894911493,1.207787686,1.2473483308,1.2979165436,0.3998780227,1.3
1.2995728366,0.2895292749,1.2080332089,1.2472577373,1.2980041173,0.3998196938,1.3
1.2996970069,0.2895077233,1.2082204395,1.2474378165,1.2981399355,0.399880097,1.3
1.2997257224,0.289518924,1.2083948392,1.2475170764,1.2980867247,0.399929493,1.3
