Random,EGreedy 0.0,EGreedy 0.1,EGreedy 0.2,Softmax 1,Softmax 0.1
0.8054437393,0.8270322574,0.8108776591,0.8528943556,0.8572267068,0.8681214881
0.7715915999,0.888398196,0.7650817346,0.8437859653,0.8649519605,0.8654364403
0.78562649,0.871062319,0.7768637809,0.84323326,0.8635166395,0.8489899552
0.7678320742,0.8895254643,0.8166798698,0.8602339817,0.8675215549,0.855259853
0.80059309,0.8842461083,0.8207349101,0.8595306558,0.8708097506,0.8648974099
0.8079296579,0.8871090881,0.8323579739,0.8668256891,0.8743114846,0.8696696075
0.8083848219,0.8862227196,0.8456832436,0.8639913538,0.878991387,0.874016487
0.8071499134,0.9006405857,0.8556067423,0.8689794898,0.8840513086,0.8863985292
0.8132221327,0.9071006699,0.8650390601,0.8770039299,0.8879275696,0.9013976255
0.8101773556,0.9100014984,0.8631814709,0.8835463161,0.897688405,0.9153949952
0.8094047944,0.9068204657,0.8642697851,0.8842317307,0.9018347933,0.9180094694
0.8130907658,0.9115095278,0.8706898404,0.8889717917,0.9027863649,0.9227433444
0.8080064993,0.9153202392,0.8789663926,0.8958282053,0.9070949783,0.9234242573
0.8123418624,0.9146157837,0.8826258761,0.8981028414,0.9072931573,0.926438765
0.8177984632,0.9127970985,0.8847679716,0.9049212257,0.914450044,0.92905704
0.8197577008,0.9108276819,0.8859694246,0.9072350648,0.9136243894,0.9333287681
0.8216518688,0.917443729,0.8887522751,0.9113228018,0.9150306373,0.9392185218
0.820247989,0.9215726406,0.8909632916,0.9132878511,0.9178664971,0.9387460933
0.8201527349,0.922490544,0.8951051162,0.9161539015,0.9195361049,0.9415209814
0.8136710585,0.9233155856,0.8966047904,0.917608692,0.9201900874,0.9441485881
0.8142077191,0.921889677,0.8976702117,0.9230559364,0.9211920029,0.9483566479
0.8106911784,0.9252766888,0.9011950259,0.9268039858,0.9230740261,0.9484874902
0.8105421523,0.926413072,0.90598476,0.9277598446,0.9220592081,0.9509374524
0.8093386681,0.9253141585,0.9082193101,0.9302802527,0.9241762975,0.9520616321
0.8117650499,0.9272209521,0.9084519039,0.9326486863,0.9264792428,0.952612401
0.8129517923,0.9292617136,0.9136956669,0.9347194137,0.9266790766,0.9543406078
0.8126970789,0.9282642672,0.9151563854,0.9385237413,0.9261866172,0.9537347606
0.8120721253,0.9294269242,0.9170036315,0.9412645847,0.9300962913,0.9562847633
0.8127509409,0.9308156178,0.9200266604,0.9409646101,0.9304213939,0.9589381087
0.8148232694,0.932210086,0.921546073,0.9423619643,0.930686127,0.9617097486
0.8142813961,0.9321273876,0.922902497,0.9456134388,0.9314795904,0.9646613658
0.8119282107,0.9329884472,0.9249919499,0.9465865712,0.9327359586,0.9653951561
0.8104186703,0.9348280583,0.9292868954,0.9481538282,0.9335259254,0.9686480615
0.8103157152,0.9347886335,0.932655836,0.9497916394,0.9351402021,0.9723302155
0.8066113089,0.933870695,0.9349306592,0.9506984386,0.93616743,0.9748412272
0.8081956611,0.9347730878,0.9381326493,0.9496037656,0.9354851422,0.9754281459
0.8063195114,0.9349369603,0.9399037039,0.9531319068,0.9351976121,0.9753624919
0.8052134939,0.9362339706,0.9415079605,0.9545731439,0.9355627417,0.9754984117
0.8054542794,0.9373265221,0.9420261003,0.9564848443,0.9365482257,0.9743643529
0.805174561,0.9372724117,0.9453310286,0.9582693372,0.9368865757,0.9759314043
0.8044347779,0.9375121013,0.9475755312,0.9605157901,0.9379299766,0.9772152225
0.8041838497,0.9377973036,0.9495404094,0.9601848808,0.9387867081,0.9782593756
0.8009861203,0.9380098551,0.9524195971,0.9614793194,0.9399593783,0.9792768718
0.7992983695,0.938415325,0.95556442,0.962147882,0.9409238956,0.9798289005
0.8001613693,0.939600787,0.9574649167,0.964229845,0.9408091259,0.9807650756
0.8012146272,0.9399599629,0.9583121169,0.9656020465,0.9397104724,0.9821423014
0.8024776309,0.9410699739,0.9589623948,0.9680193827,0.9426421572,0.9834848376
0.8031097682,0.9400060788,0.9600679224,0.9688964337,0.9445481977,0.9843670566
0.8027138701,0.9398656898,0.9619349974,0.9695133484,0.9442752038,0.9859884521
0.8020031487,0.9392858723,0.9646325471,0.9717709109,0.9450814583,0.9873373834
0.8015768736,0.9396262951,0.9674856792,0.9736256168,0.9441758428,0.9884543167
0.802366908,0.9400403535,0.9697115606,0.9742621763,0.9437917115,0.988818797
0.8027381986,0.9402716052,0.9708634828,0.9748071904,0.9438215781,0.9899514454
0.8022636962,0.93947167,0.9715217457,0.9757019951,0.9444342337,0.9909033512
0.8021129498,0.9399635555,0.972861289,0.9774295072,0.9457716076,0.9895272104
0.8015589672,0.9395890877,0.9735711378,0.9795864442,0.9472132841,0.9903187856
0.8016836717,0.9396137222,0.975134713,0.9806270493,0.9483958949,0.9907443023
0.8014177463,0.9400636786,0.9766281218,0.982143042,0.9487985615,0.9909266452
0.8017358515,0.9407869505,0.9791239856,0.9837593174,0.9488179138,0.9919987545
0.8016821854,0.9413178146,0.9809238996,0.9847382306,0.9493016392,0.9934215176
0.7996768569,0.9406784937,0.9823984204,0.9850269338,0.9493331734,0.9957443921
0.7995394577,0.9406194844,0.9838813012,0.9870390662,0.9502728463,0.9957244569
0.7991847081,0.9402565668,0.9856631628,0.9892021636,0.9510045123,0.9968388682
0.7984314623,0.9408174384,0.9868813587,0.9920252698,0.9500310632,0.9967090567
0.7981712619,0.9408872894,0.988870682,0.9939458059,0.9506082225,0.9967378917
0.7972573187,0.9413290847,0.9910770181,0.9947249663,0.9516812328,0.998134406
0.7980454687,0.9420189176,0.9936130215,0.9952462266,0.9525389539,0.9986109914
0.7980626203,0.9420342359,0.9965243317,0.9966965429,0.9524969089,0.9996816371
0.7967982851,0.9417143793,0.997547931,0.9975289111,0.9528347668,0.9995229395
0.7961752772,0.9428898117,0.9985752789,0.9983008823,0.9522834379,0.9999530773
0.7974211641,0.9429972597,0.999925462,0.9990843706,0.9528981531,1.0009158133
0.7983994299,0.9432916618,0.9997090016,1.0004781053,0.9538096186,1.0009950141
0.7990331627,0.9436810544,1.0010428024,1.0016788008,0.9545506921,1.0017028476
0.7990390138,0.9438117427,1.0012118214,1.0031106825,0.9541612328,1.0020454014
0.7981077844,0.9442451736,1.0033291292,1.0029515837,0.9539428891,1.0019528966
0.7996904105,0.9440725493,1.0055138486,1.0034520784,0.9545533408,1.0032310733
0.7997151385,0.9441276036,1.0072365875,1.0046259442,0.9548152626,1.0035925461
0.7999635091,0.944047938,1.0081269601,1.0060902758,0.9560380458,1.0046270052
0.8005146398,0.9438558872,1.0096959267,1.0078411154,0.9552694032,1.0051208935
0.8012928364,0.9439104475,1.0104252107,1.0083015868,0.9562180792,1.0058465988
0.8003293896,0.9441163143,1.0107524878,1.0082495447,0.9569773893,1.0059034172
0.8012541327,0.9437115262,1.0126368542,1.0096082841,0.9572643314,1.0069250887
0.8014564599,0.9446212612,1.012755342,1.0105468091,0.9577428243,1.007661275
0.8020931168,0.9455357852,1.0134887766,1.0113401503,0.9576219331,1.0082400557
0.8029503791,0.9462086676,1.0143260859,1.0116689165,0.9584211709,1.0083559776
0.8026277108,0.9455556416,1.0144191544,1.012171335,0.9586892976,1.0086624004
0.8025467919,0.9458554221,1.0155471833,1.0135424479,0.9588464938,1.0094394073
0.8022235164,0.9461424569,1.0157712868,1.0134855982,0.9595743607,1.0100889937
0.8028557224,0.9461937658,1.0171794905,1.0135825696,0.9590249707,1.010635497
0.8036899081,0.9470369169,1.0176304041,1.0144647793,0.959107888,1.0113496949
0.8040459246,0.9477747298,1.0187558599,1.0152178067,0.9600247429,1.0117587801
0.8039411107,0.9481583225,1.0206772254,1.0157119748,0.9600886499,1.0123233561
0.8034848116,0.9486669288,1.0214979644,1.0161292885,0.96180439,1.0126123343
0.8040538858,0.9480825385,1.0224999374,1.0168253399,0.9620907247,1.0125170293
0.8044598951,0.9480214181,1.0232084348,1.0182194459,0.9616820777,1.0124362324
0.8049833362,0.947983708,1.0238014928,1.01861283,0.9620189896,1.0130126811
0.8049887633,0.9485077702,1.0247740309,1.0200163262,0.9629250758,1.013495193
0.8051399646,0.9485119936,1.0255973974,1.0204270115,0.9641240909,1.0140936528
0.8052048551,0.948527033,1.026397933,1.0213051093,0.9641072686,1.0142182897
0.8046708633,0.948714634,1.0284852871,1.0219428514,0.9646162055,1.0148638355
0.8047154535,0.9487916804,1.0291790844,1.0226303438,0.9653111639,1.0149584825
0.8045749667,0.9487748218,1.0292242881,1.0235046225,0.9655542392,1.0153527603
0.8049861645,0.9486351671,1.0296013961,1.0248745012,0.9662114982,1.016111547
0.8041949203,0.9489784055,1.0300502952,1.0257286146,0.9667232277,1.0165785504
0.8046954892,0.9494397951,1.0308035194,1.0270926871,0.9672600446,1.0169998112
0.8044547739,0.9493553946,1.0317108775,1.0285592562,0.9677654709,1.0178628052
0.8048154677,0.9500311803,1.0327449791,1.0291069546,0.968493121,1.0177150517
0.8044455101,0.9501171693,1.0333231289,1.0296006122,0.9689368366,1.0179804816
0.8043819399,0.950026699,1.0341773795,1.0304607127,0.9692479086,1.0189452932
0.8040455012,0.9502390526,1.0346949467,1.0313400093,0.9694962739,1.0196157094
0.8035028163,0.950015656,1.0358515388,1.0317369727,0.9699774519,1.0204014501
0.8032380736,0.9503288346,1.0364190437,1.032559242,0.970333207,1.0204532103
0.803338803,0.9505429015,1.0369570084,1.0327054379,0.971026897,1.0200188532
0.8025068056,0.9507333502,1.0374938229,1.0336127779,0.9713059636,1.0201166646
0.8014743574,0.9504440728,1.0383636991,1.0347518111,0.9714044486,1.0209587174
0.8018534161,0.9503830641,1.0393243394,1.0356780205,0.97053744,1.0215850337
0.8017585514,0.950275851,1.0401698526,1.0363176368,0.9700938311,1.0224693436
0.8009913495,0.9504625654,1.0414456218,1.0368341737,0.9702158829,1.0231740479
0.8012832163,0.9504208051,1.0421364222,1.037337891,0.9704085503,1.0233715464
0.8010858933,0.9507997846,1.0426739057,1.0377223402,0.9706586871,1.0240011698
0.800872607,0.9506223384,1.0436080301,1.0384507305,0.9705977092,1.0239423845
0.8012132583,0.9506713402,1.0447833498,1.0388648872,0.9706889406,1.0242649506
0.8008663086,0.9507527156,1.0452250747,1.0396618232,0.9713551154,1.0245065143
0.8011739229,0.9506959046,1.0455099394,1.0397667074,0.9718016754,1.0250328564
0.8011021085,0.9502677581,1.0456626715,1.0404844621,0.9724194277,1.02529055
0.8009718538,0.9501622851,1.0460306851,1.0408133844,0.9726739501,1.0257218217
0.800139473,0.95023599,1.0461436489,1.0410029457,0.9724932177,1.0263885725
0.8004328209,0.9504981087,1.0470226091,1.0417201763,0.9726028802,1.0273615539
0.800594751,0.9499385284,1.0476979531,1.042354523,0.9724381382,1.0279190212
0.8004131384,0.9496905204,1.0482702218,1.0428130801,0.9726391806,1.0280884931
0.8005031595,0.9498142911,1.0492911303,1.0430368213,0.9719511793,1.0280588175
0.8006337064,0.9500668602,1.0501400372,1.0439484714,0.9718823238,1.0282380244
0.801092808,0.950251686,1.0505028871,1.0440740678,0.9717508589,1.0284138948
0.8012546525,0.9502758141,1.0510059517,1.0448880738,0.9721634019,1.0290766889
0.8007691317,0.9505966203,1.0515992661,1.0455596963,0.9725640522,1.029217042
0.8015621909,0.9511384621,1.0521214518,1.046308719,0.9728721132,1.0295211906
0.8017602672,0.9510453877,1.0524375912,1.0465499208,0.9729804229,1.0297553078
0.801818201,0.9512320483,1.053469984,1.0474768202,0.9733442907,1.0299445519
0.8016880655,0.9510817577,1.0533053242,1.048324486,0.9735476346,1.0307802074
0.801709897,0.9510923796,1.0533250239,1.0488092195,0.9734383119,1.0314540127
0.8016314408,0.9504703204,1.0542758332,1.0496443402,0.9731861598,1.0318268064
0.801997492,0.9507964704,1.0548331084,1.050480414,0.9734133606,1.0324398131
0.802827112,0.9508754667,1.0556229666,1.0508167953,0.973380967,1.0328748071
0.8025858699,0.9509339566,1.0560175207,1.051082984,0.9736241611,1.0330417254
0.8027473704,0.951190681,1.0566407208,1.0515632311,0.9734211042,1.0335004461
0.8028231441,0.9515022334,1.05737658,1.0524490676,0.9737828757,1.0338845356
0.8027977989,0.951288387,1.0581430729,1.0530198948,0.9741653,1.0342791279
0.8026648023,0.9513593359,1.0584773825,1.0532137416,0.974182743,1.034308734
0.8023149706,0.9511456132,1.0589325206,1.0538604126,0.9744137708,1.034498786
0.8021050306,0.9508919385,1.0594116004,1.0543685666,0.9744432601,1.0347279634
0.8025440244,0.9509092907,1.0598568463,1.0548084489,0.9746966973,1.0349832965
0.8023294264,0.9509294899,1.0603127605,1.0549200892,0.9747678935,1.035568031
0.8024201598,0.9507866819,1.0612606626,1.0551223206,0.9745581644,1.0359385884
0.8022917665,0.9509800499,1.0619673017,1.0551262029,0.9747545342,1.0364344754
0.8019236139,0.9506479354,1.062358386,1.0551870926,0.9747176813,1.0365207759
0.801419568,0.9505978975,1.062416828,1.0555930747,0.9748011145,1.0361902023
0.8013576273,0.9508479793,1.0632891209,1.056142948,0.9746046866,1.0365358284
0.8016293296,0.9506744396,1.0636922421,1.0564011318,0.974806847,1.0368645345
0.8015213974,0.9505258043,1.0640464242,1.0571695625,0.9745222306,1.0372826631
0.8012370422,0.9505555012,1.0648105914,1.0576150606,0.9740130108,1.037833003
0.8014649351,0.9506657263,1.0653725664,1.0582101028,0.9742713118,1.0380780669
0.8016943699,0.9504685155,1.0662166229,1.058465495,0.9741464272,1.0385332051
0.8014712118,0.9508400973,1.0667587005,1.0588967761,0.9740566577,1.0385795605
0.8006445999,0.9507133685,1.0670113243,1.0592034024,0.9740721336,1.0388361774
0.8003073784,0.9512622311,1.0674915429,1.0598504426,0.9745118068,1.0391567922
0.8010582614,0.9512956107,1.0683205362,1.0602501064,0.9749351006,1.039212174
0.8010272459,0.9514042637,1.069336672,1.0608748687,0.9751768642,1.0395653371
0.8010377031,0.9515008857,1.0697180214,1.0616376823,0.9752304855,1.0397674149
0.8010332987,0.9516141441,1.0704066967,1.0618791757,0.9752978595,1.0404661666
0.800922949,0.951817678,1.0710201549,1.0626647122,0.975410817,1.0410436869
0.8012105908,0.9516433415,1.0712310345,1.0628106899,0.9758671818,1.041517338
0.8008007011,0.9519233566,1.0717874899,1.0635141784,0.9755643658,1.0416401158
0.8001819081,0.9518959439,1.0721533015,1.0634158674,0.9754211878,1.0422579961
0.7997871954,0.9520125748,1.0729688217,1.063843851,0.9756419466,1.0425448635
0.7996656997,0.9519919228,1.0731248609,1.0643573449,0.975728868,1.0430690861
0.7998945668,0.9519361855,1.0736756564,1.0643649121,0.9761268442,1.0436485612
0.7998641504,0.9518773494,1.0740129709,1.0652543767,0.9764457865,1.0439706057
0.7993781641,0.9520893686,1.0744951757,1.0654117247,0.9760374942,1.0447628199
0.7996644702,0.9522810067,1.0751732708,1.0656468939,0.9762601161,1.0448296299
0.7997894883,0.952215106,1.0758950706,1.0663636291,0.9763211234,1.0449747475
0.7996107644,0.9523781108,1.0762979439,1.0667078547,0.9765184825,1.0453857445
0.7998109676,0.9523959704,1.0771826346,1.066723907,0.9766755083,1.0456682819
0.7996936772,0.952558419,1.0774183597,1.0670261445,0.9768006,1.0459166918
0.7994709884,0.9527593371,1.077686188,1.0674852937,0.9765271477,1.0463316911
0.7998157421,0.9526905551,1.0786477996,1.0677686348,0.9767050893,1.0468621907
0.7995504213,0.9526474278,1.0790012709,1.0680723441,0.9765647874,1.0472137834
0.7994613743,0.9524435167,1.0796310578,1.068717975,0.9763538035,1.0474374649
0.7990366955,0.9528377277,1.0798449132,1.0690088674,0.9764585663,1.0480220771
0.7988637661,0.9529333015,1.0800829823,1.0692273347,0.9762451109,1.0482193529
0.7990915635,0.9530540138,1.0806505309,1.0695953847,0.9759717912,1.0481503668
0.7989546179,0.9530251265,1.0810136016,1.0702203842,0.9759617948,1.0485659503
0.7989762314,0.9526650357,1.0813594404,1.0706723116,0.9760501473,1.0486638154
0.7993588998,0.9526837069,1.0818044247,1.0710262323,0.9757650884,1.0486857351
0.7991135398,0.9528570721,1.0821918209,1.0714267187,0.9757720302,1.0490665886
0.799280827,0.9526094242,1.0826959157,1.0717758187,0.9760557869,1.0491730479
0.7996480352,0.9528768111,1.08277927,1.0719460797,0.9761062762,1.0495028455
0.8001607616,0.952982988,1.0827432949,1.0722320396,0.9763719739,1.0499833201
0.8002475729,0.9527075127,1.0831301048,1.0724561631,0.9762997279,1.0502381914
0.8000275374,0.9527009295,1.0832839348,1.0726628785,0.976569521,1.0507718037
0.8003632372,0.9526176031,1.0832614265,1.0727008314,0.9767986871,1.0509955968
0.8006609607,0.9526053878,1.0834448625,1.0730495313,0.9770775995,1.0512480459
0.8008032681,0.9526859494,1.0838130781,1.0729229597,0.9769746761,1.0516164236
0.8006186194,0.9527200033,1.0840937213,1.0734597683,0.9772869914,1.0517829363
0.8003170601,0.9528647476,1.0845142036,1.0737468357,0.9776673808,1.0523205897
0.8001801881,0.9526434764,1.0848577925,1.0743112979,0.978258612,1.0529355292
0.7997364269,0.9526403476,1.085158306,1.07461368,0.9783211443,1.05306057
0.7996673933,0.9526407729,1.0854759138,1.0750892162,0.9784617176,1.0536114665
0.799651653,0.9527612328,1.0856874422,1.0754730768,0.9786759392,1.0540822878
0.7996482558,0.9527270546,1.086011166,1.0758940707,0.9785011969,1.0541107228
0.7997757485,0.9530064438,1.0864458498,1.0759809254,0.9789126599,1.0540175848
0.7999295298,0.9530590109,1.0869084166,1.0761712487,0.9787679062,1.0540658452
0.799816076,0.9530476264,1.0873507274,1.0763886748,0.9787738812,1.0543246165
0.8000669352,0.9529314378,1.0877631924,1.0764723292,0.9787199562,1.0546920993
0.7998723286,0.9530614929,1.0879265662,1.0764145915,0.9785511606,1.0548511173
0.8000223388,0.9530840608,1.0883275216,1.0763750567,0.9786340552,1.0551986306
0.7998599797,0.9529252658,1.0883725335,1.0765851674,0.9790484924,1.0552138646
0.7996342309,0.9529895192,1.0887579908,1.076828661,0.9791036709,1.0554036569
0.7995579264,0.9530633645,1.0887989592,1.0773555457,0.9788443678,1.0556006974
0.7995228509,0.9530761609,1.0893175596,1.07735452,0.9788641756,1.0558028754
0.7997683043,0.9531268949,1.0898751996,1.0775975783,0.979151076,1.0559032132
0.7996570679,0.9528480776,1.0904125458,1.0774868996,0.9793545714,1.0563235646
0.799501398,0.9531206249,1.0908541095,1.0778760124,0.9793986109,1.0565041902
0.7992005543,0.952924303,1.0910636758,1.0782256409,0.9794588407,1.0567989027
0.7991714342,0.9531426652,1.0914367936,1.0786417026,0.979715763,1.057399027
0.799189408,0.9535461532,1.0921083049,1.0788618459,0.9795037244,1.0576859554
0.799301245,0.9535513168,1.0920705406,1.0794497741,0.9794899347,1.057958132
0.799414756,0.9533692033,1.0922053515,1.0797628334,0.9793639861,1.0578787597
0.799488604,0.9533458744,1.0923969122,1.0800139663,0.979296841,1.0580759157
0.7996816293,0.9533424005,1.0926428864,1.0802229264,0.9794940637,1.0583756971
0.8003280622,0.953664908,1.092561037,1.080342852,0.979455719,1.0586711385
0.8003915362,0.9537252701,1.0929986849,1.0805716345,0.9793694823,1.0588273738
0.8003614711,0.9539768524,1.0933774232,1.0809626978,0.9790751706,1.0592662451
0.80046651,0.9540480294,1.0938584476,1.0811003871,0.9791974631,1.0595805494
0.8004551026,0.954246545,1.0940783187,1.0811572462,0.9789525122,1.0598391547
0.8001694625,0.9541571759,1.0946016472,1.0813163915,0.9792951484,1.0599701231
0.8002614716,0.9544062527,1.0946901702,1.0817107801,0.9793542766,1.0601547535
0.8003071819,0.9544465053,1.0950776115,1.0815695141,0.9791928168,1.0604214176
0.7998933738,0.954656846,1.0954571266,1.0818587114,0.979446015,1.0606846896
0.7998493247,0.954848061,1.0957651392,1.0819583446,0.9795968082,1.060918732
0.7996565208,0.9548121457,1.0964507475,1.0821691387,0.9794501876,1.0613455284
0.7997467158,0.9548274079,1.0968743,1.0820668784,0.9795518174,1.0617568601
0.799707179,0.9547432194,1.0973978577,1.0821815547,0.9795144001,1.0617348174
0.799460808,0.954555677,1.0977064243,1.0824319915,0.9796957442,1.0620162314
0.7993049913,0.9544592075,1.097802409,1.0828007867,0.979513262,1.0623257187
0.7992039976,0.9545922041,1.097954585,1.0828819776,0.9796065038,1.0624029774
0.7989994245,0.9546791238,1.0981425768,1.0830895198,0.979495573,1.0626158797
0.7989852485,0.9546376543,1.0982954497,1.0830572671,0.9792822001,1.0628094351
0.7988201708,0.9546494025,1.0983385897,1.0832981521,0.9792899383,1.0627870443
0.7987854977,0.9545463616,1.0986875117,1.0834221311,0.9795183292,1.0628711106
0.7987411548,0.9545593882,1.09899707,1.0836794751,0.9798815859,1.0631364593
0.7988677031,0.954398521,1.0991543461,1.0837953666,0.9802115229,1.0632395673
0.7988429309,0.9543657346,1.0994614188,1.0839528502,0.9801365008,1.0634192753
0.799294892,0.9544012451,1.0996288111,1.0843574194,0.9805336506,1.0636173766
0.7990148889,0.9545195702,1.099912382,1.0844595665,0.9807003663,1.0638841887
0.7987977336,0.9545677481,1.1003749777,1.0846864414,0.9808943699,1.0642568141
0.7989688532,0.9547230841,1.100645982,1.0846206115,0.9806959802,1.0644645289
0.7987269122,0.9545828854,1.1009964871,1.0844799618,0.9806450552,1.0646786379
0.7990658072,0.9544410118,1.1014470687,1.0845481673,0.9806340241,1.0650159732
0.7992354042,0.9545614443,1.1017521523,1.0845267528,0.9807376798,1.0652105727
0.7990644394,0.9545025827,1.1020122951,1.084350764,0.9806851685,1.0655097487
0.7991134101,0.9544785311,1.1021827155,1.0843608516,0.9807087357,1.0657613156
0.7989487074,0.9548380147,1.1023730142,1.084536865,0.9807746696,1.0660541849
0.7986253411,0.9548436348,1.1027830906,1.0847403022,0.9810386098,1.0662629399
0.798767156,0.954869801,1.1028953839,1.0849868484,0.9812263265,1.0662534313
0.7986692813,0.9549830636,1.1031632492,1.0849673324,0.9811772257,1.0666340479
0.7986853603,0.9550813557,1.1034038807,1.0850235228,0.9810852584,1.0666781301
0.7986770742,0.9551371081,1.1037261009,1.0851591435,0.9813510003,1.0669660586
0.7987989881,0.9551132777,1.103860932,1.0854570041,0.9813697601,1.0672260532
0.7989296501,0.9552050584,1.1042002832,1.0856820493,0.9815526426,1.0673947202
0.7989598938,0.9552785522,1.1046061985,1.0859540442,0.9815494706,1.0676630168
0.7990785977,0.9553205934,1.104686499,1.0860838505,0.9817272422,1.0677841447
0.7991258833,0.9554716143,1.1050256573,1.0861777717,0.9819223951,1.0678835175
0.7991036347,0.9556099299,1.1053571449,1.0862404149,0.9818127765,1.0681616063
0.7986822544,0.9555228045,1.1055241006,1.0865701709,0.9818949093,1.0682419469
0.7988109042,0.9555909242,1.1057961715,1.0868791915,0.9820953363,1.0683217795
0.7987750211,0.9554074227,1.105975877,1.0872874716,0.9822476236,1.068521403
0.7986799446,0.9554726772,1.106273224,1.087353751,0.9823812779,1.0687686727
0.7985939336,0.9555296077,1.1063328643,1.0873388153,0.9823130625,1.0690499419
0.798808774,0.9555713798,1.1067285339,1.0875316466,0.9821981766,1.0693642284
0.7991335171,0.955703621,1.1069243412,1.0876548076,0.9822261129,1.0694593654
0.7991357949,0.9557351536,1.1071179061,1.0876291478,0.9823163784,1.0696165514
0.7990283585,0.95562332,1.1074808529,1.0878122913,0.9823170831,1.0697650442
0.7990103376,0.9554869527,1.1076677675,1.0879982035,0.9824276017,1.0698327074
0.7985455785,0.9554498856,1.1081035469,1.0882102895,0.982505629,1.0700636029
0.7985135614,0.9554463956,1.1084594466,1.0883848504,0.9825795046,1.0702924625
0.7986430647,0.9555021523,1.1088198145,1.0886750612,0.9825715471,1.070393371
0.7987951631,0.9553763102,1.10887933,1.0890351753,0.9825203939,1.0705827284
0.7987351762,0.9556035086,1.1091649279,1.0890071113,0.982876736,1.0709464835
0.7983221133,0.9556561278,1.109202435,1.0893427641,0.982578378,1.0713346082
0.7984623313,0.9558063882,1.109404779,1.0893211302,0.9823660709,1.0713764924
0.7982703689,0.9558209694,1.1096529473,1.0896677625,0.9822502677,1.0713868027
0.7981216645,0.9556151368,1.1100208412,1.0900120175,0.9823357706,1.0715230384
0.7983697724,0.955559195,1.1103324642,1.0902023757,0.9824025643,1.0718754924
0.79867931,0.9556126911,1.11053616,1.0903019949,0.9823346337,1.0723025138
0.798983429,0.9556699507,1.1106521256,1.0906897542,0.9825496905,1.072433891
0.7986638052,0.955682268,1.1108299261,1.0909845011,0.9828144516,1.0727197143
0.7987324695,0.9556901371,1.1113379429,1.0911381852,0.9828448816,1.0728956407
0.7988453599,0.9556884543,1.1117770305,1.0914255338,0.9828724341,1.0731962524
0.7988192016,0.9557225742,1.1119782665,1.0913861585,0.9828080651,1.0736660426
0.7987714633,0.955744738,1.1123511584,1.0918405763,0.9829152757,1.0739446135
0.7985763065,0.9557447911,1.1125627521,1.0920609184,0.9828276894,1.0741098591
0.7985643458,0.9559528181,1.1127770806,1.092143162,0.9828976738,1.0741634576
0.798381561,0.9557433968,1.1131288012,1.0923050074,0.982764794,1.0743402032
0.7985287909,0.9556963004,1.1132336402,1.0925372135,0.9826040823,1.074656966
0.7985103907,0.9556377667,1.1135411472,1.0925127803,0.9825222046,1.0749821973
0.7984989487,0.9557111425,1.1136942945,1.0927123348,0.9826797919,1.0750716328
0.7981322555,0.9558695488,1.1139602333,1.0927971317,0.9826600307,1.0752126146
0.7979753325,0.9558025324,1.114162703,1.0930833539,0.9827437812,1.0753296163
0.798000181,0.9558888096,1.1144483014,1.0932848437,0.9827800699,1.0755607823
0.7979073761,0.9557786505,1.1146888028,1.0935377162,0.9829567218,1.0757365868
0.7978135526,0.9559074034,1.1150444058,1.0938408212,0.9830675023,1.0757874435
0.7977569996,0.9560152489,1.1150777785,1.0940544267,0.983098019,1.0759300548
0.7978830946,0.9562023422,1.1152810773,1.094247497,0.9830542629,1.0760473398
0.797822643,0.9560769208,1.1154160693,1.0943687541,0.9831745327,1.0762543599
0.7977744194,0.9560956944,1.1155622016,1.0944428918,0.9831792769,1.0764811946
0.797403121,0.9562120512,1.1156524996,1.0945831068,0.9829223829,1.0766204377
0.7972212671,0.956175922,1.1157384554,1.0947905952,0.9829750221,1.0769587635
0.7972889759,0.9561723695,1.1160962522,1.0949489974,0.9829321736,1.0772320035
0.7973298828,0.9561977406,1.1161672798,1.0953031232,0.9829591681,1.0771672512
0.7971097649,0.9563061787,1.1160869171,1.0955382828,0.9828743018,1.0775474303
0.7971393242,0.9560614387,1.11616984,1.0956581354,0.9830252372,1.0777298589
0.797092208,0.9559350052,1.1164321349,1.095805686,0.9829280018,1.0779019174
0.7970193615,0.9559514965,1.1165587862,1.0960961388,0.9829206058,1.0782464666
0.7971841411,0.9560800726,1.1168602554,1.0962741025,0.9829107121,1.0781613651
0.79704838,0.956160249,1.1170316676,1.0962698523,0.9829772053,1.0784711069
0.7971070006,0.9562245284,1.1174788851,1.0961835969,0.9828188877,1.0787225855
0.797122334,0.9561840702,1.1175253219,1.096354907,0.9829595607,1.0789512233
0.7971556865,0.9562996933,1.117618618,1.0967299613,0.9830342315,1.079099211
0.7970300207,0.9563961614,1.117821889,1.0970986974,0.9827920256,1.0792453279
0.7969816934,0.9563639772,1.1181113915,1.0971767114,0.9827097337,1.0794400949
0.7967922011,0.95640915,1.1184287966,1.0972146735,0.9827837764,1.0794784102
0.7969021037,0.9563170305,1.1187277471,1.0974359612,0.9829511157,1.0797607892
0.7971163774,0.9561672666,1.1188741517,1.0974721573,0.9829006615,1.0799776453
0.7972301102,0.9561875337,1.1189410803,1.0975881058,0.9827628178,1.0801117156
0.7973070488,0.9561515934,1.1190171469,1.0975992961,0.9828327401,1.0801675937
0.7970652704,0.9562799734,1.1190087479,1.097828325,0.9829729099,1.0804790947
0.7973317339,0.9562801297,1.1193041807,1.0980647039,0.9831303996,1.0805589071
0.7974914181,0.9560951489,1.1191331767,1.0982283718,0.9831662818,1.0807669159
0.7974046729,0.9560895869,1.1190954798,1.0982905767,0.9830650134,1.0809362355
0.7972759485,0.9560098261,1.1192705112,1.0985931846,0.9832779859,1.0811022299
0.7970404271,0.9562518344,1.1196260801,1.0986850707,0.9831961718,1.0812708
0.7971387685,0.9562745982,1.119637143,1.0986975725,0.9833318232,1.0815302206
0.7970928646,0.9562592395,1.1196678242,1.0989328256,0.9830316601,1.0815139195
0.7970733741,0.9562582796,1.1198926806,1.0990774262,0.9830297397,1.0816955088
0.7972258719,0.9562888604,1.1201409523,1.0992156357,0.9832146276,1.0819313038
0.7972009682,0.9561602589,1.1203335795,1.0993004268,0.9831986609,1.0820909654
0.7971968941,0.9561711515,1.1203862918,1.0993142211,0.9831824891,1.0823045815
0.7971053987,0.9561260598,1.120591773,1.0996510073,0.9833587559,1.0825200535
0.7974058113,0.9559118968,1.1207687274,1.0998586261,0.9831283991,1.0826861207
0.7976036909,0.9557104756,1.1209729092,1.1003388375,0.982845433,1.0828668332
0.797551209,0.9557341678,1.1211752252,1.1004433723,0.9828258219,1.0830812085
0.7975795323,0.9556727058,1.1213040333,1.1005727723,0.9828238085,1.0831801415
0.7973591035,0.9557356444,1.1214699359,1.1006799009,0.9826939518,1.0834228088
0.7974057492,0.9557539854,1.1217466647,1.1007733112,0.9826499799,1.0836695482
0.7973756094,0.9558262002,1.1217714614,1.1008974874,0.9826899471,1.0838053524
0.7972808989,0.9558653073,1.1220064433,1.1012605126,0.9826274775,1.084038
0.7971383877,0.9559105423,1.1222481759,1.1012696901,0.9829475604,1.084062668
0.7973454091,0.955795064,1.1225416654,1.101568848,0.9828744101,1.0840800029
0.7972101899,0.955670204,1.122625321,1.1017004059,0.9828531081,1.0843579664
0.7972932709,0.9557387582,1.1228253791,1.1018050845,0.9829832121,1.0846270655
0.7973827752,0.9557167641,1.1230573815,1.1020864333,0.9829089468,1.084730039
0.797602361,0.9556080407,1.1233618333,1.102276394,0.9829184792,1.0846545331
0.7973900748,0.9556512081,1.1233698806,1.1025426535,0.9830374338,1.0848042237
0.7974421184,0.9554542357,1.1235497788,1.1025078176,0.9832052346,1.0848886833
0.7973013675,0.9553828559,1.1237687389,1.1025923465,0.9834412746,1.0851682526
0.7974607861,0.9554865296,1.1238992145,1.1027928297,0.9835261536,1.0853947695
0.7975054696,0.9554536607,1.1240145286,1.1027747879,0.9835074105,1.0855348527
0.797565309,0.955457755,1.1241465443,1.1027625462,0.9834563692,1.0858623777
0.7975527409,0.9554485538,1.1241053512,1.1028625649,0.9834466273,1.0859410524
0.7975833767,0.9554812418,1.1243543874,1.1029877095,0.9833599187,1.0861929997
0.797505556,0.9555411211,1.1243788325,1.103019097,0.9833635281,1.086520674
0.797439806,0.9555266728,1.1247078333,1.103106566,0.9832927195,1.0865960876
0.7976937774,0.9555033627,1.1248599879,1.1034232056,0.9832303366,1.0866697537
0.797903337,0.9555189502,1.1249049193,1.1033639123,0.9833185615,1.0867182054
0.7981802801,0.955496148,1.1249189599,1.1034959459,0.9832952917,1.0868527044
0.7983854007,0.9554681334,1.1251661909,1.1036009306,0.9831317128,1.086844727
0.7983515519,0.9554559058,1.1251605379,1.1037604542,0.9833321023,1.0869865231
0.7986337451,0.9554438636,1.1253230633,1.1038847868,0.983320441,1.0871702788
0.7986708792,0.9555284518,1.1255401006,1.1040569056,0.9834335153,1.0873162242
0.7987369204,0.9554388591,1.1255389636,1.1041767569,0.9833436156,1.0874192714
0.7987872504,0.9554586034,1.1256584754,1.104359473,0.9832682968,1.087531787
0.7987596388,0.9554582235,1.125914523,1.1044511737,0.9834517616,1.0877575502
0.7989557098,0.9554891338,1.1261279876,1.1045174245,0.9836725688,1.0878085274
0.7990759524,0.9554503363,1.1262434855,1.1045604432,0.9836899464,1.0879888821
0.7989965266,0.9554605066,1.1263681795,1.1044794108,0.9837120032,1.0881949757
0.7991814156,0.9553395249,1.1266337347,1.104608912,0.9836121213,1.0883304291
0.7991762277,0.9552444477,1.1267623416,1.1047183158,0.9835834562,1.0884910049
0.7991503343,0.955175177,1.1269450428,1.1048476932,0.9835354555,1.0887059307
0.7991673001,0.9553281856,1.1269998152,1.1048681386,0.9835279625,1.0889412266
0.7987784197,0.9554332167,1.1271184078,1.1050948151,0.9836142669,1.0889806037
0.7987354181,0.9554753766,1.1272893151,1.1052350509,0.9833940667,1.0891028341
0.7986501175,0.9555249051,1.1275350112,1.1053008507,0.9832552966,1.0892278789
0.7986452006,0.9553768639,1.1275262743,1.1055210998,0.98305358,1.0893129581
0.7984621185,0.9552796016,1.1277044525,1.1056338607,0.9831285265,1.0894259925
0.7985614004,0.9551995505,1.1278044183,1.1057261483,0.9831456704,1.0895543904
0.7987601387,0.9552936009,1.1279171486,1.1057751314,0.9831794276,1.0896181336
0.7986945511,0.9554683048,1.1280174141,1.1058735295,0.9831155273,1.089741652
0.7988134848,0.9555545366,1.1280998845,1.1060481649,0.9832469556,1.0899037164
0.798784244,0.9556139993,1.1282005489,1.1061937966,0.9831963978,1.0899869802
0.7987187991,0.9556320387,1.1282233565,1.1062809402,0.9833550096,1.0900373707
0.7986877553,0.9557433334,1.1284269816,1.1064379136,0.9834145713,1.0901848285
0.7988616517,0.9556614864,1.1286319776,1.1066239885,0.9833642807,1.0903563052
0.7989392507,0.9556394985,1.1287883415,1.1068334375,0.9834173872,1.0904602254
0.7990352313,0.9557244156,1.1289753675,1.1068358152,0.9832849673,1.0905432479
0.7989595878,0.9557443377,1.1292552764,1.1071107272,0.983321154,1.0907959915
0.7989191927,0.9558985071,1.1292577756,1.1072251818,0.9832111909,1.090987044
0.7988868257,0.9558298234,1.1294905055,1.1073115874,0.9832814434,1.0911219566
0.7990293115,0.9559649373,1.1294155528,1.1072666431,0.9833940036,1.0913325565
0.7991046549,0.955915126,1.1294113394,1.1072550825,0.9832669651,1.0915012508
0.7992140026,0.9559111078,1.1296199015,1.1072207648,0.9833128032,1.0916095502
0.7994244897,0.9558552432,1.1296223958,1.1070891804,0.9833122866,1.0916899525
0.7995491662,0.9560179949,1.1295943063,1.1072000327,0.9833375703,1.0918196736
0.7995263952,0.9560136718,1.1296207945,1.1073469062,0.9834930889,1.0919690347
0.7994609491,0.9560745919,1.1297623486,1.1074951733,0.983680876,1.0920959583
0.7994530858,0.9561283638,1.1298503691,1.1076018584,0.9835295917,1.0923466685
0.7995819868,0.9561298727,1.1300160283,1.1077620244,0.9836263097,1.0925067891
0.7995216072,0.9561936316,1.1304219911,1.1077622567,0.983673187,1.0923650112
0.7995396956,0.9561839787,1.1304452303,1.1077942703,0.9836804949,1.0927024676
0.7997436798,0.9561302756,1.1307278952,1.1078749102,0.9834866781,1.0928821372
0.799500183,0.9561090912,1.1309491175,1.1080774754,0.9835242196,1.0931146076
0.799323083,0.9561764279,1.1310638965,1.1082006352,0.9834061019,1.0932425139
0.7992166488,0.9561209425,1.1313423602,1.108262429,0.9835224065,1.0933092369
0.7989950009,0.9563675706,1.1313911761,1.1083127131,0.9834779252,1.0934215034
0.7989763142,0.9565526239,1.1316256582,1.1084121777,0.9834743203,1.0934763421
0.7987477341,0.9566131369,1.1318243081,1.108406709,0.9834230268,1.0936497946
0.7986943639,0.9566029648,1.131914231,1.1083824514,0.9834379495,1.0937409516
0.7985180084,0.956621887,1.132062537,1.1084759613,0.9833726688,1.0938076054
0.7986014327,0.956587633,1.1322861252,1.1085907762,0.9833419456,1.0938984221
0.7987461052,0.9566619158,1.1323304067,1.1086652185,0.9833561454,1.0940836491
0.7986388121,0.9565017828,1.1325299634,1.1087199645,0.9832281451,1.0943186241
0.7987843388,0.9565128973,1.132709484,1.1088636792,0.9833532589,1.0943191297
0.7987913529,0.9563943709,1.1329228703,1.1090030973,0.9833670453,1.0944104973
0.7986943461,0.9563299115,1.1331440763,1.109101363,0.9834383203,1.0946207284
0.7986348195,0.9562421609,1.1332484165,1.1091673317,0.9836030978,1.0946643223
0.7987377625,0.956172828,1.1333485858,1.1093974411,0.9836716045,1.0947146382
0.7989220554,0.9560300486,1.1334068033,1.1094463604,0.9835490473,1.0947409024
0.7986708946,0.9560401981,1.1336364093,1.1095060138,0.9835842334,1.0948765333
0.7987889522,0.9559194406,1.133670158,1.1095832092,0.9834582403,1.0949369779
0.7989230408,0.9559127286,1.1339431184,1.1098945851,0.983570252,1.0949956909
0.7987624492,0.9560066305,1.1340863311,1.1100012047,0.9836132063,1.0950759321
0.798685417,0.9560851061,1.1341920235,1.1102203904,0.9835722185,1.0951184615
0.7987678393,0.9560823686,1.1343430138,1.1103540959,0.9833784559,1.0952266247
0.7988469209,0.9561450726,1.1344553101,1.1102538853,0.9834928042,1.0953909253
0.7988933306,0.9561780475,1.1345554602,1.1103097292,0.9836396544,1.0955578757
0.7989744208,0.9561019128,1.1347313212,1.1103124874,0.9837613679,1.0956992567
0.7989935085,0.956144064,1.1349140674,1.1103263667,0.9837674237,1.0958500411
0.7989259314,0.9563834884,1.1350460702,1.1104471192,0.9838572515,1.0959572403
0.7989048397,0.9563923436,1.1351021783,1.1104443743,0.9838622835,1.0960588306
0.7988796269,0.9564757668,1.1351624931,1.1103297925,0.9837804231,1.0962114689
0.7989862101,0.9564912677,1.1353059049,1.1105292166,0.9836087134,1.0964180687
0.7989197675,0.9563462572,1.1353540635,1.1107248195,0.9836564316,1.0965398689
0.7988437602,0.9564244968,1.1353226693,1.1107056048,0.9834671492,1.0967025381
0.7988530281,0.9564731096,1.1353236743,1.1108252418,0.983364284,1.096738248
0.7990207415,0.9564103832,1.1355000333,1.1106682725,0.983465024,1.0968470781
0.7991307145,0.9564297586,1.1356664398,1.1106935497,0.983500874,1.0969140113
0.7988961364,0.9564494048,1.1357263296,1.1106668235,0.9835031773,1.0969945334
0.7989900361,0.9564544953,1.1356650386,1.1108283403,0.9833567005,1.0971299066
0.7990150727,0.9563965332,1.1358016927,1.110760327,0.9834227916,1.0972451378
0.7991286196,0.9563514278,1.1359782568,1.1105942214,0.9833207397,1.0973207474
0.7991781395,0.956331177,1.136112323,1.110703509,0.9833063725,1.097364511
0.7989194306,0.9564287071,1.1363558695,1.1108018608,0.9832233202,1.0973774722
0.7989851253,0.9564698297,1.1364694823,1.1108628657,0.9830784824,1.097323493
0.7988466096,0.9566119564,1.1365156879,1.1108562283,0.9828812441,1.0974582746
0.7991044304,0.9565011453,1.1365568691,1.1108956155,0.9828670272,1.0975778966
0.7992219005,0.9564747497,1.136841672,1.1110011754,0.98288324,1.0977212774
0.7990974438,0.9564637213,1.1368614267,1.1111210368,0.9827642534,1.0978263292
0.7992749317,0.956552474,1.1369642022,1.1112432765,0.9828874701,1.097832013
0.7991108076,0.9566006596,1.1372363393,1.1113100704,0.9827373448,1.0979246924
0.7991044359,0.9565464341,1.1374358858,1.1113498497,0.9827930996,1.0980696026
0.7991442415,0.9565805527,1.1375856599,1.1113633278,0.9829192494,1.0982517717
0.7993579934,0.9566449904,1.1375963653,1.1114569105,0.9828337213,1.0982603034
0.799307521,0.9565308551,1.1377582302,1.1114247471,0.9827135979,1.0982798172
0.7992192953,0.9564834551,1.1378619918,1.1114932911,0.9827421178,1.0983532816
0.7994331758,0.9565413448,1.1378601017,1.1115390786,0.9828086931,1.098399686
0.7993039254,0.9564272533,1.1379066465,1.1117123549,0.9828978656,1.0985191308
0.7992426113,0.9564136746,1.1378555928,1.1117131422,0.9828199126,1.0985277781
0.7991765303,0.9562542238,1.1378094831,1.111929143,0.9828288788,1.0987261711
0.7991833535,0.9562456248,1.1379398343,1.1121135447,0.9828196253,1.0987862953
0.7990859693,0.9562727919,1.1379696528,1.112122185,0.9828946304,1.0988209759
0.7991808538,0.9562611354,1.1380092864,1.1122452488,0.982967038,1.0988676803
0.7992244265,0.9563015283,1.1381234885,1.1122882666,0.982985965,1.0989779017
0.7991697512,0.9561995755,1.1381604783,1.1124244102,0.9829760574,1.0990973883
0.7991506386,0.9563107124,1.1382519343,1.1126098809,0.9830896765,1.0992113662
0.7989929699,0.9563231284,1.1383158212,1.1127398589,0.9831534017,1.0992846412
0.7988185913,0.9563058359,1.1385089533,1.1127999508,0.9830402832,1.0994020238
0.7988005902,0.9562927662,1.1385787279,1.1129589335,0.9830057252,1.0995572561
0.7988726455,0.9564323953,1.1387922791,1.1129132756,0.9828539082,1.0995317824
0.7988119957,0.9565493451,1.1388651051,1.1129704922,0.9828372058,1.0995889368
0.7989224348,0.9565218938,1.1389262309,1.1128494527,0.9828152582,1.0997640441
0.79896781,0.9564567845,1.139032705,1.1128652652,0.9828275879,1.0998554056
0.7990554909,0.9566032523,1.1390968276,1.1128636842,0.9827640035,1.0999866056
0.799017594,0.9565574666,1.1392272986,1.1128869209,0.9827277387,1.1001186488
0.7990883009,0.9565255875,1.139324525,1.1128418204,0.9827002477,1.1002479089
0.7989934087,0.9564383895,1.1394177707,1.1128147342,0.9827704372,1.1003872672
0.7991354965,0.9563856449,1.1393239387,1.1130582656,0.9828532657,1.1005308352
0.7992768275,0.9564499541,1.1393430032,1.1132185915,0.9827631662,1.1006187829
0.7992991907,0.956474091,1.1393906218,1.1131588484,0.982790572,1.1006805964
0.7992271792,0.9565610806,1.1395279942,1.1132743869,0.9828118288,1.1007464131
0.7993402526,0.9566061522,1.139687327,1.1132774568,0.9827116195,1.1009119289
0.7995370251,0.9566065324,1.1397544514,1.1133418018,0.9827640122,1.1010605176
0.7995217193,0.9565871737,1.1396229869,1.1134227143,0.9829298206,1.1011148265
0.7995284639,0.9566860823,1.1397635273,1.1134793571,0.982843802,1.1011000172
0.7995999219,0.9566289039,1.139846287,1.1135521598,0.9829138439,1.1012424799
0.7996076496,0.9565475268,1.139989061,1.1135537178,0.9830837532,1.1013164489
0.7996979409,0.9566130824,1.1400955148,1.1135451596,0.9830964289,1.1014957265
0.7996825411,0.9567256868,1.1402600947,1.1137135743,0.9831201032,1.101577473
0.7997005729,0.956725014,1.1404284556,1.1138352075,0.9830476867,1.1016161488
0.7997594131,0.9567213188,1.1405883507,1.1139287993,0.9831378671,1.1018701551
0.7996778102,0.9566601355,1.1407301414,1.1141391629,0.9832556428,1.1019824289
0.7997932529,0.9566836196,1.140803594,1.1142053723,0.9834609977,1.1021343471
0.7996953501,0.9566318909,1.1408846926,1.1142470731,0.9834254239,1.1021086693
0.7995552422,0.9566436313,1.1409518708,1.1143551002,0.9833600825,1.1022640193
0.7996969542,0.9566509602,1.1411243264,1.1142716276,0.9833237524,1.1023050114
0.7996970067,0.9566949215,1.1413067874,1.114251127,0.9833404529,1.1024331022
0.7998912894,0.9568283761,1.1414349871,1.11444742,0.9834098753,1.1025542827
0.7997479245,0.9569242757,1.1415086671,1.1143668487,0.9834483465,1.1027327019
0.7995468738,0.9569035007,1.1415951313,1.1144315875,0.9834812071,1.1028406004
0.7996463724,0.9569705313,1.141666115,1.1143874908,0.9835794169,1.1028983893
0.7997115657,0.9568916117,1.1416891398,1.1143006688,0.9835383056,1.1028857544
0.7996532433,0.9569298006,1.1417078065,1.1143110854,0.9834875237,1.1031681014
0.7996364406,0.9569291997,1.14186349,1.1143369984,0.9834023523,1.1031732392
0.7996495175,0.956894297,1.1420868625,1.1144375617,0.9833269639,1.1032850905
0.799660247,0.9567575732,1.1421852404,1.1145204328,0.9833708634,1.103454128
0.7998436533,0.9567970347,1.1422715031,1.1145490146,0.9833622169,1.1035226664
0.7999779295,0.9568901371,1.1422730032,1.1145880176,0.983506613,1.1036131058
0.7999477256,0.95682071,1.1423084497,1.1145710238,0.9834435434,1.1037993143
0.7998079043,0.9568692837,1.1423558258,1.1146960183,0.9835453548,1.1038241938
0.7998470515,0.9568794053,1.1423200686,1.114874287,0.9834904067,1.1038884182
0.7998575896,0.9569475475,1.1423799491,1.1149023566,0.9834673464,1.1038524998
0.7999454469,0.956929803,1.1424716946,1.1151583825,0.9834383,1.1038151549
0.7998643119,0.9569718331,1.1426178518,1.1151043398,0.9833585678,1.1039468775
0.7999171019,0.9569332681,1.1427612746,1.1151263212,0.9832861614,1.1040793643
0.7998261968,0.9570133596,1.1428190784,1.1151805884,0.9833246953,1.104175282
0.7998598534,0.9569956867,1.1429550298,1.1153101624,0.9832872085,1.1041840139
0.7997265608,0.9571557101,1.1430244563,1.1154390152,0.9831757879,1.1042550865
0.799654354,0.957161753,1.1431287285,1.1156533731,0.9830997929,1.1043037581
0.7996587951,0.9571018516,1.1431823583,1.1156923289,0.9832049348,1.1044593472
0.7996792263,0.9570677227,1.1431880199,1.1157961149,0.9831149394,1.1045059366
0.7996471624,0.9570146901,1.1431784537,1.1157761407,0.9829941134,1.1046499207
0.7997077583,0.9570695142,1.1431584206,1.1159571585,0.982917045,1.1047292017
0.799708824,0.9571173661,1.1433310713,1.1160208866,0.9830394296,1.1047211978
0.7998079155,0.9571224455,1.1434240473,1.1160391134,0.9830520906,1.1047762069
0.7996538338,0.9572273251,1.1434886181,1.1160792213,0.9831242048,1.1048840185
0.7995297652,0.9571115719,1.1435118297,1.1161301644,0.9830762212,1.1049282861
0.7993333563,0.9571062976,1.1434927947,1.1161070652,0.9831985069,1.1049236654
0.7993201386,0.9571943093,1.1434602316,1.1161559841,0.9831186755,1.1050519532
0.799388046,0.9570480366,1.143648807,1.1162016336,0.9830987213,1.1052097033
0.7993948844,0.9570390978,1.1437189019,1.1162832692,0.9830830262,1.1054120602
0.7994721267,0.957074736,1.1437616028,1.1164104219,0.983036644,1.10544957
0.7995237848,0.9570505238,1.1438478135,1.116464258,0.9832267188,1.105621545
0.7994980528,0.9570355523,1.1439819744,1.1166133939,0.9833119566,1.1057443527
0.7994501072,0.9570699321,1.1440440546,1.1167348335,0.983264507,1.1058104415
0.7992788877,0.9570579306,1.1440456057,1.1167463478,0.983343341,1.1059056081
0.7992067729,0.9570517711,1.1440740176,1.1167977471,0.9834065768,1.1060042794
0.7992906999,0.9570995888,1.1441267338,1.1167657953,0.9834091232,1.1060261596
0.7992558999,0.9571299286,1.1441145674,1.116774898,0.9835221131,1.1061512659
0.7993191001,0.9571277962,1.1442604361,1.1168751876,0.9835058689,1.1062909865
0.7991922483,0.9571000969,1.1443052932,1.1169404383,0.9836104555,1.1064497354
0.7992441948,0.9570595411,1.1443508436,1.1170515428,0.9835442835,1.1064589016
0.7994407455,0.9569942386,1.1445017683,1.1170335322,0.9835173424,1.1066515954
0.7995422364,0.9570080632,1.1447277451,1.1171547569,0.9833715553,1.1067300885
0.7996340979,0.9570328477,1.1446736816,1.1172184692,0.9834170218,1.1068065514
0.7996343219,0.956944228,1.1448749899,1.117233834,0.983405512,1.1068879784
0.7995847386,0.9569583201,1.1449509755,1.1172340678,0.9834704818,1.1069571129
0.7996084946,0.9570087599,1.1450845207,1.1173196862,0.9834616539,1.1070281461
0.7995935871,0.9570095143,1.1451180277,1.117313978,0.9834467004,1.1071790804
0.799600593,0.957028586,1.1452991705,1.1173755529,0.9835328966,1.1072497128
0.7995942798,0.9570513297,1.1453433096,1.1174550967,0.9836308049,1.1073059828
0.7996092516,0.9571006751,1.1453730518,1.1174776677,0.9836329239,1.1073643223
0.7995398061,0.9572010913,1.1454105465,1.1175352849,0.9835011108,1.1074328555
0.7995577713,0.9572320451,1.1454671139,1.1176818509,0.9835138008,1.1074497283
0.7996886719,0.9572856378,1.1456598359,1.1178260749,0.983418291,1.1073726513
0.7995825893,0.9571921011,1.1456553376,1.11801143,0.9834313897,1.1074786719
0.7993820768,0.9571952079,1.1457950221,1.1179834336,0.9834795976,1.1076814585
0.7993592712,0.9571751078,1.1459083915,1.1179485,0.9835387525,1.1076867367
0.799347534,0.9571322915,1.1460108677,1.1179725971,0.9835172686,1.1077576271
0.7993630069,0.9571835304,1.1461982198,1.1181441539,0.9834730893,1.1079046374
0.7994929268,0.9571515925,1.1463655411,1.1181423741,0.9834651927,1.1079716918
0.7994568443,0.9572295825,1.146526055,1.1182748484,0.9835029562,1.1080707822
0.7994460543,0.9571728746,1.1466041486,1.1183711323,0.9834224455,1.1081282274
0.7994333905,0.9571901351,1.1467531816,1.1183944174,0.9834994323,1.1083150004
0.7994731702,0.9571841232,1.1467446992,1.1183786766,0.9834439634,1.1084444222
0.7994556907,0.9571874549,1.1468391013,1.1183978815,0.9833345279,1.1084926063
0.7992766919,0.9571400314,1.1469538469,1.1184860672,0.9834226582,1.1085708543
0.7992405061,0.9570398026,1.1469996911,1.1186494667,0.9834606528,1.108710434
0.7991327089,0.9569650064,1.1471080845,1.1185889491,0.9833471245,1.1087675672
0.7990612955,0.9569779962,1.1470884384,1.1184820144,0.9833832849,1.1087944957
0.7991793301,0.957038707,1.1471279376,1.1185571276,0.9834214265,1.1089268836
0.7992378453,0.9570926912,1.1472152911,1.1184966134,0.9834862172,1.1090230721
0.7994139367,0.9572091643,1.1473294952,1.1185180035,0.9834672428,1.1090513276
0.7993701023,0.9572674494,1.1473704002,1.1187050009,0.9833344628,1.1092358704
0.7994079038,0.9573282343,1.1473549105,1.1187878373,0.9833212913,1.109234138
0.7995755051,0.9573774062,1.1474458288,1.1189539814,0.9834235072,1.1092529207
0.7993973384,0.9573348756,1.1475453568,1.1190922684,0.9833923911,1.1094048978
0.7994282891,0.9572972674,1.1476260004,1.1191975672,0.983255223,1.1095223118
0.7993602945,0.9572794192,1.1476450379,1.1192834404,0.9832118741,1.1095455208
0.7992503755,0.9573495698,1.147657677,1.1195354939,0.9832035429,1.1096607733
0.7992001261,0.9572768653,1.1477573994,1.1195457665,0.9831381874,1.1097286576
0.7993333183,0.9573025945,1.1478174321,1.1195440671,0.983110526,1.1098530808
0.7993706905,0.9573491636,1.1478043656,1.1196205807,0.9831724377,1.1098422659
0.7992146197,0.9573910496,1.1479178326,1.1196483589,0.983122988,1.1099839543
0.7991795957,0.9574389667,1.1479647065,1.119688889,0.9831107946,1.1100565452
0.7990576635,0.9574125139,1.1479490043,1.1198529114,0.9831416781,1.1101264923
0.7990973293,0.9573754923,1.1479895422,1.1199368763,0.9829955932,1.1101725108
0.7990879184,0.9573551724,1.1480093283,1.1200499629,0.9828593976,1.1103304784
0.7991931716,0.9572705177,1.1480668166,1.1200970727,0.9829706487,1.1102977776
0.7989436689,0.9573171426,1.1481191408,1.1200539194,0.9831040589,1.1102301732
0.7988802753,0.9572976329,1.1482123681,1.1201294328,0.983015993,1.1103414609
0.7988268625,0.9573685489,1.1481948149,1.1202219136,0.9830968776,1.1104400984
0.7987341005,0.9572995421,1.1482518541,1.1203229431,0.9831756417,1.1104804467
0.7987130859,0.9573388067,1.148344709,1.1203035763,0.9832196039,1.1105088127
0.7987794373,0.9572151737,1.1483433283,1.1202299932,0.983265479,1.1105802526
0.798753543,0.9570843333,1.1483693485,1.1202898455,0.9834386767,1.1105710896
0.7988164552,0.9571390476,1.1484359641,1.120350195,0.9833952765,1.1105486821
0.7988161752,0.9570650194,1.1484876773,1.1203766811,0.9834345728,1.1105559463
0.7988725571,0.9570499803,1.1484535761,1.1204271143,0.9834084912,1.1106524947
0.7988563349,0.9570601733,1.1484731422,1.1204567951,0.9834067361,1.1107137425
0.7988594921,0.9570937726,1.1486001236,1.1204871095,0.9834748711,1.1106980345
0.7988865982,0.9569843433,1.1487455342,1.1205849575,0.9834807973,1.1107916271
0.7989414616,0.9570006962,1.1488462378,1.1207120331,0.9834227064,1.110856783
0.7988519007,0.9570814458,1.1490252615,1.1207707851,0.98354234,1.1109701624
0.7988150336,0.9570496773,1.1491599332,1.1207047189,0.9835408292,1.1109775325
0.798820278,0.9570160085,1.1492239808,1.1207288992,0.9836282078,1.1110001624
0.7989146562,0.9570522203,1.1493663631,1.1208507707,0.9836290454,1.1111238735
0.7988732643,0.9569884437,1.1493681545,1.1207980268,0.9837316062,1.1112357002
0.7988919827,0.9569632085,1.1495299463,1.1209289083,0.9838614986,1.1113386601
0.798887784,0.9570302509,1.1494625994,1.1210166189,0.9839739474,1.1114085726
0.7988198833,0.957041013,1.1496236502,1.1210621052,0.983991682,1.1115670525
0.7988438688,0.9570347618,1.149725374,1.1211272413,0.9839588476,1.1116495097
0.7988485479,0.9569560901,1.1496907056,1.1212383389,0.9840108608,1.111779599
0.7987472119,0.9569995657,1.1497254168,1.1213009069,0.9839976313,1.111833969
0.7987439555,0.9570368162,1.1498081587,1.1213444443,0.9840432991,1.1118878289
0.7988635265,0.9570395987,1.1499124871,1.1214185606,0.984029681,1.1119988939
0.7986713961,0.9570584815,1.1498902779,1.1213519556,0.9840085424,1.112062657
0.7984184374,0.9570074934,1.1499969557,1.1213849613,0.9839259594,1.1121376262
0.7985680731,0.9570727602,1.1499972221,1.1213901932,0.9839442796,1.1123008346
0.798595753,0.9570071322,1.1499946763,1.1214308289,0.9839035682,1.1123998678
0.7985696848,0.9569660879,1.1500769794,1.1215448365,0.9838793732,1.1124475989
0.7985120081,0.9570142137,1.1501648448,1.1215746024,0.9839463842,1.112544592
0.7984249365,0.957048328,1.1501563055,1.121736081,0.9839144984,1.1125936283
0.7984332951,0.9570297283,1.1502217503,1.1217494816,0.9839650047,1.1126253729
0.7984906222,0.9569765808,1.1502171985,1.1218728252,0.9839598555,1.112727691
0.7984338935,0.9570754168,1.1502961948,1.1218429425,0.9839969113,1.1127628476
0.7985694018,0.9570446228,1.1503426948,1.1219132855,0.98406156,1.1127941705
0.7985560777,0.9571961012,1.1504373394,1.1221326559,0.9840787336,1.1127804687
0.7985363108,0.9571339671,1.1505134627,1.1221220719,0.9840499842,1.1127505307
0.7985315083,0.9572175321,1.1506638339,1.1221546983,0.9841462022,1.1128286277
0.7985547001,0.9572307159,1.150652715,1.1221301355,0.9842032982,1.1128923882
0.7986215869,0.9571879124,1.1508349117,1.1222452401,0.9843120616,1.1129619219
0.7986002899,0.9571036481,1.1509158842,1.1223462906,0.9841929071,1.1130849231
0.7986547508,0.957153519,1.1510132389,1.1223438485,0.9841405114,1.1131536411
0.7987383326,0.9571172481,1.1510577581,1.122380309,0.984180587,1.1132448344
0.7986732747,0.9570760952,1.1510891656,1.1224184462,0.9840849663,1.1133202646
0.7986677541,0.9570052609,1.151139229,1.1223339731,0.9841233866,1.1133918217
0.798720632,0.9569891734,1.1511286999,1.1224479444,0.9840613513,1.1134512824
0.7987240647,0.9570389281,1.151134889,1.1226237054,0.9841278215,1.113458043
0.7988079365,0.9571468147,1.1512282999,1.1226995485,0.9840754378,1.1134941681
0.7988069674,0.9571707063,1.1513597248,1.1227526412,0.9840808427,1.1135960918
0.7990580945,0.9573160093,1.1514285607,1.1228064448,0.9841646937,1.113631131
0.7991583217,0.9573445438,1.1515538507,1.1228374965,0.9840984641,1.113759251
0.7991074167,0.9573422195,1.1516686127,1.1229219682,0.9841067131,1.1138306727
0.7989830029,0.9573012168,1.1517418886,1.1229091857,0.9840689653,1.113936032
0.7990099401,0.9573562472,1.1518148732,1.1230254046,0.9841136207,1.1139670709
0.7989822391,0.9573568646,1.1518234687,1.1230734095,0.9842704815,1.1141715717
0.7989166771,0.9573705187,1.1518730494,1.1229804088,0.9843268343,1.1142517647
0.7989899092,0.9573989515,1.1519224274,1.1230383062,0.9843033519,1.1143327558
0.798980195,0.9574068814,1.1519395795,1.1230680822,0.9842396103,1.1143052603
0.7989110764,0.9574243012,1.1520500762,1.1230909153,0.9843549148,1.1143259392
0.7987969874,0.9573490139,1.1520772722,1.1231523781,0.9842724341,1.1144462127
0.7987118782,0.9573798419,1.1521640863,1.1231672042,0.9842142539,1.1145045117
0.7987818687,0.9573167483,1.152268864,1.1232766186,0.9842188638,1.1145172409
0.7988563217,0.9572920613,1.1524212245,1.1233270993,0.9841754048,1.1146007287
0.7989428665,0.9573759241,1.152494526,1.123349062,0.9842072938,1.1145992661
0.7990909128,0.9573868244,1.1525861631,1.1233960253,0.9841809702,1.1146588089
0.7990074508,0.9573166805,1.1526544774,1.1235680992,0.9841547348,1.1148098963
0.7990469603,0.957192629,1.1527540257,1.1236397641,0.9841167839,1.1149049091
0.7990749608,0.9572071906,1.1527757997,1.1237310584,0.9842196151,1.1149511254
0.7990992665,0.9572791582,1.1528689536,1.123738017,0.9842196357,1.1150011733
0.7990937368,0.9572741538,1.1528665308,1.1237772906,0.9842190872,1.1149906004
0.7989497495,0.9572839453,1.1529473073,1.1237826385,0.9842712653,1.1150796795
0.7988223504,0.9573612746,1.1529906029,1.1237969855,0.9842972629,1.1152191231
0.7988823788,0.9574315316,1.153097061,1.1238377092,0.9843675721,1.1153229458
0.7988437483,0.9574806612,1.153198597,1.1239534007,0.9843400552,1.1154703663
0.7987421715,0.957521424,1.1532815317,1.1239703547,0.9843999164,1.115537231
0.7987411713,0.9574627253,1.1532793223,1.1240100329,0.984450409,1.1156548936
0.7986393257,0.9574669877,1.1533048485,1.1241370249,0.9844276221,1.1156799355
0.7986473074,0.9574729645,1.1533679043,1.1242513808,0.9844598354,1.1157553926
0.798613239,0.9574073065,1.1533936796,1.1243169622,0.9844314642,1.1158231116
0.798616918,0.9574860776,1.1533899593,1.1243224707,0.9844662942,1.1158690882
0.7984742828,0.9574874003,1.1534940877,1.1242964317,0.9845064361,1.115948948
0.7984315178,0.9574224649,1.1535243078,1.1243689745,0.9845237091,1.1160506674
0.7984125493,0.9574579769,1.1535889623,1.1243416717,0.9844374439,1.1161125101
0.7984056461,0.9574467544,1.1536304203,1.1243987877,0.9844012208,1.1161985483
0.7984158763,0.9574746124,1.153865268,1.1244712975,0.984409703,1.1161901343
0.7985119425,0.957461611,1.1538794128,1.1245691589,0.9844032882,1.1162456127
0.7986394198,0.9574179819,1.153946945,1.1246891305,0.9844146827,1.1162976173
0.798547003,0.9574697463,1.1540565617,1.1246391283,0.9844754493,1.1163096766
0.7984501307,0.9575153165,1.1541069493,1.1247175121,0.9844654996,1.1163708166
0.7985032155,0.9575147922,1.1542097323,1.124806079,0.9844162991,1.1163511041
0.7984505192,0.9576134907,1.1542694837,1.1249299535,0.9844396365,1.1164185618
0.7984168709,0.9576153746,1.1543905215,1.1250111747,0.9844725317,1.1165006638
0.7984691334,0.9576411404,1.1544265368,1.1251657547,0.9844746676,1.11669214
0.7983690872,0.9576651013,1.1544561748,1.1252819269,0.9844574519,1.1168911404
0.7983416948,0.9576909669,1.1545767508,1.1253369606,0.9844935891,1.1169398873
0.7983401816,0.9576755243,1.154611491,1.1254034404,0.9845655958,1.1169203411
0.7983868835,0.9576743936,1.1546860428,1.125446805,0.9846368698,1.1168907903
0.7983565056,0.9577271175,1.1547208831,1.1255785573,0.9844602753,1.1169513806
0.7982942201,0.9576659405,1.1548577832,1.1256305563,0.9844479255,1.1170852125
0.7982219684,0.9577543276,1.15491871,1.1256734378,0.9844363043,1.1171158333
0.7984184351,0.9577334976,1.1549176488,1.1256978121,0.9843853365,1.1171513006
0.7985549314,0.9577332503,1.1550355849,1.1256611717,0.9843986388,1.1172408328
0.7985429773,0.957761565,1.1551140016,1.1256406534,0.9843762242,1.1172913508
0.7985156051,0.9577864287,1.1552517666,1.1257575758,0.9842749764,1.1173905429
0.7985309942,0.9577275864,1.1552767348,1.1258015816,0.9842161864,1.1173906938
0.7985409901,0.9577226298,1.155368415,1.1260178467,0.9843231512,1.1174505027
0.7986549891,0.957729907,1.1554128165,1.126137376,0.9843243267,1.1174852314
0.7987049037,0.9576589281,1.1554885119,1.1262320621,0.9843997819,1.1175301276
0.7985577769,0.9576715889,1.1555880659,1.1262604206,0.9843039818,1.117622426
0.7984941701,0.9576651961,1.1556308631,1.1263438393,0.9843479962,1.1177068108
0.7984740084,0.9576939674,1.1556751639,1.1263766828,0.9844652036,1.1177359997
0.7985726104,0.9576708231,1.1556843918,1.1263995608,0.9844388891,1.1178667684
0.7986101795,0.9577059257,1.1557947759,1.1264962405,0.9844175491,1.1179223148
0.7985543787,0.9575997374,1.1559254667,1.1265659824,0.9843945345,1.1179271434
0.798631754,0.9576110532,1.1559811014,1.1266340978,0.9843187303,1.1180387963
0.7986842375,0.9576430607,1.1560140521,1.1266979741,0.9843856057,1.1180512775
0.7986193811,0.957571718,1.1560413488,1.1267064998,0.9844147566,1.1181639575
0.7987241582,0.9576543836,1.1561593619,1.1267472005,0.9844879968,1.118147919
0.7987419731,0.9576315689,1.1561474026,1.1267442952,0.9844344421,1.1181875046
0.7986634001,0.9575948836,1.156163915,1.1269028774,0.9845321922,1.1182651941
0.7986431853,0.9575748338,1.1562944212,1.1269708976,0.9844986824,1.1183824567
0.7985443199,0.957604134,1.1563110961,1.126904787,0.984435603,1.118480187
0.7985928118,0.9575965801,1.1563374591,1.1268417795,0.9844603916,1.1184793047
0.7984619614,0.9575703484,1.156369575,1.126914743,0.9844323911,1.1184948607
0.798601419,0.9575709228,1.1564320896,1.1268614049,0.9844954605,1.1185368141
0.7984939824,0.9575755604,1.1564350422,1.1268936214,0.9845651901,1.1185217555
0.7985796992,0.9576248876,1.1563825526,1.126899462,0.9845254147,1.1185694192
0.7985984964,0.9576092589,1.1564391711,1.1269766405,0.9844640143,1.1186653917
0.7986726834,0.957630651,1.1565485562,1.1270406444,0.9844233794,1.1186802164
0.7986767142,0.9576136847,1.1566073137,1.1270870691,0.9844587164,1.1186917249
0.7987681216,0.9575861021,1.1566236109,1.1271631904,0.9844810017,1.1187643961
0.7987836766,0.9575943054,1.1565547593,1.1272128435,0.9844634549,1.1188308648
0.7987432961,0.9575673158,1.1565380955,1.1273058967,0.9844686863,1.1188637122
0.7986772524,0.9576101049,1.1565534324,1.1274250242,0.9843026903,1.1188681947
0.7986521425,0.9575656787,1.1566702083,1.1275211668,0.984267029,1.1190143041
0.7984802806,0.9574816719,1.1566675841,1.1275568269,0.9842843218,1.1190535501
0.7985269954,0.9575141959,1.1567733187,1.1275560738,0.9843030153,1.1190968302
0.7985637578,0.9574025709,1.1568295552,1.1276121404,0.984199248,1.1191503882
0.7985843694,0.9574647291,1.1568956859,1.1277090291,0.9841581176,1.1191759384
0.798544832,0.9575010216,1.156877569,1.1278145776,0.9841578953,1.1191796607
0.7985023954,0.9575002093,1.156928146,1.1277788913,0.9842184934,1.1192216014
0.7984609495,0.9575696437,1.1569652949,1.1277733698,0.984166598,1.1192438551
0.798460533,0.9575403539,1.1570809373,1.1278804565,0.9841828184,1.1192365962
0.7985279072,0.9575488804,1.1571460745,1.1279501253,0.9841780706,1.119237828
0.7984526731,0.957537846,1.1572593953,1.1280236963,0.9841657903,1.1192888726
0.7984349724,0.9575380607,1.1573417729,1.1281290317,0.9842289362,1.1193500957
0.7983822944,0.957570142,1.1573133244,1.1282952779,0.9841918927,1.1194070626
0.7982552098,0.9575883999,1.1573237037,1.1283547923,0.9842218172,1.1195083584
0.798175069,0.9576221426,1.1574276357,1.128448482,0.984218464,1.1195513174
0.7982631676,0.9576047248,1.1574634801,1.1285087564,0.9842241289,1.1196205677
0.7981069486,0.9576118317,1.15757958,1.1285435447,0.9841743956,1.1196817226
0.7983292113,0.9575615977,1.1577374474,1.1286542304,0.9841184328,1.1197069586
0.7982274702,0.957565251,1.1577496292,1.1286497574,0.9841594488,1.1196728681
0.7982114759,0.9576581351,1.1578270384,1.1286265023,0.9841175558,1.1197768901
0.7982111598,0.9576852659,1.1578308223,1.1285518846,0.9841560969,1.1199490144
0.7982419803,0.9576874915,1.1578550688,1.128600232,0.9842149114,1.1200198901
0.7981177936,0.9577556089,1.1578637035,1.1285501596,0.984258012,1.1200313698
0.7981780369,0.9577590171,1.1579081065,1.1286258241,0.9843287086,1.120076114
0.7982125865,0.9577336407,1.1579884209,1.1286311074,0.9843139775,1.1200545712
0.7981546873,0.9578132062,1.158038756,1.1286982166,0.9843282509,1.1201106978
0.7981420836,0.957799623,1.1580717641,1.1287362255,0.98433776,1.1201630704
0.7981999633,0.9577684767,1.158125038,1.1288026372,0.9844523571,1.1202217328
0.7982150373,0.9577100841,1.1581912741,1.1288253531,0.9844891531,1.1203374645
0.7981877964,0.9577311891,1.1581912783,1.1289533465,0.9845073898,1.120446217
0.7982643774,0.9578124803,1.1582885398,1.1289249351,0.9845986605,1.1206109511
0.7982368861,0.9578601025,1.1584039061,1.1289600433,0.9845707154,1.1206665325
0.7982533023,0.9578398495,1.158438247,1.1290978398,0.984602772,1.1207265886
0.798345463,0.9578231121,1.1585534086,1.1291466847,0.9846202155,1.1208190156
0.7983318632,0.9577725437,1.1586148614,1.1292064592,0.9846610685,1.1208110439
0.7980904465,0.9577251494,1.1587202843,1.1291792807,0.9847083649,1.1208140874
0.7982394419,0.9577122264,1.1588982115,1.1292213171,0.9846398566,1.1209051438
0.7981489769,0.9576733462,1.1589756343,1.1292379364,0.9846958563,1.1209126287
0.7982234032,0.9576455545,1.1589539243,1.1292904274,0.9847103878,1.1209308335
0.7982371123,0.957686037,1.1589915378,1.129382327,0.9846975429,1.1209480827
0.7981165106,0.957701613,1.1590398841,1.129386279,0.9847011236,1.1210064226
0.7981581522,0.957715269,1.1591275169,1.129578506,0.9847166904,1.1210247584
0.7981901774,0.9577359005,1.1591830355,1.1296469455,0.9846595899,1.1210186674
0.7982265531,0.957699174,1.1592943383,1.1296668329,0.9847778016,1.1210613283
0.798390217,0.9577255463,1.1594039364,1.1296788571,0.9847468236,1.1210802553
0.7984287416,0.9577498043,1.1595174008,1.1297279033,0.9847073153,1.121117556
0.798525554,0.9577619168,1.1595103742,1.1297730514,0.9846925883,1.1212349331
0.7985386137,0.9577994875,1.1595835805,1.1297909612,0.9847108862,1.1212270253
0.7985082516,0.9578350756,1.1596388275,1.129809659,0.984672311,1.1212815625
0.7984624352,0.9578308738,1.1596859649,1.1299214408,0.984621158,1.1212853398
0.7984601079,0.9577637958,1.1598211533,1.1300540042,0.9846846753,1.1213166651
0.798419316,0.9577101083,1.1598083314,1.1300462438,0.9846567603,1.121374001
0.7982853067,0.9576397453,1.1597767457,1.1300693914,0.9846230055,1.1214452775
0.79831169,0.9576020808,1.1597874117,1.1301972972,0.9845959675,1.121464258
0.7983424094,0.9575290542,1.1598141611,1.130197243,0.9845845488,1.1214396378
0.7983345461,0.9574927249,1.1597907727,1.1303021485,0.9846273968,1.1216144944
0.7982232875,0.9574501703,1.1597895716,1.1303685788,0.9845959996,1.1216600191
0.79820561,0.9574235695,1.1598470916,1.1304771652,0.9845682152,1.121728671
0.7980482396,0.9573872425,1.1599354907,1.1305934752,0.9845376066,1.1216640853
0.7980170929,0.9573381548,1.1599828101,1.1306672968,0.9845872029,1.1216900212
0.7980019642,0.9573531367,1.1599589547,1.1307918047,0.9846293906,1.1217038853
0.7979639423,0.9574422944,1.160023915,1.1308390358,0.9846209617,1.1217180335
0.797985442,0.9574907716,1.160112649,1.1308889879,0.9845845161,1.1218490622
0.7979979725,0.9574465613,1.1600742255,1.1309079761,0.9846218766,1.1218272484
0.7980080341,0.9574846887,1.1601454648,1.1309540479,0.9846278807,1.121851748
0.7979831027,0.9574095178,1.1601478538,1.1308655409,0.9846810494,1.1218682261
0.7980348347,0.957463131,1.1601626749,1.1309191279,0.9846765348,1.121825575
0.7979424053,0.9575269235,1.1602037678,1.1309529973,0.9846278223,1.1219148633
0.7980441656,0.9575250262,1.1601958186,1.1310864176,0.9845850675,1.1219863624
0.7980162038,0.9575806675,1.1603104956,1.1311943615,0.9846135936,1.1220335777
0.7979596639,0.9575964604,1.1604393849,1.1312201784,0.9845425565,1.1221364616
0.7979767539,0.9575677798,1.1605029987,1.1312944692,0.9845517725,1.1221418672
0.7979309299,0.9575665628,1.1605907985,1.1312546029,0.9844948251,1.122186243
0.7979920932,0.9576551342,1.1606629663,1.1312849402,0.984525194,1.1222022259
0.797982574,0.9576599646,1.1607155834,1.1312314857,0.9845379206,1.1222027954
0.7979593084,0.9576958983,1.1607335718,1.1312893877,0.9845509673,1.1223047066
0.7980100842,0.9576902451,1.1608351041,1.1313451285,0.984506804,1.1223780775
0.7980564017,0.957651136,1.1609196085,1.1313937106,0.9844195649,1.1223949328
0.7980301705,0.9576449423,1.1609551546,1.1313834499,0.9844490346,1.1223792143
0.7979781306,0.9576580892,1.1610444409,1.1313599859,0.984451326,1.1224171018
0.7979650048,0.9576614894,1.1611208735,1.1314884616,0.9844561073,1.1225261829
0.7978812776,0.9576254594,1.1612079291,1.131470079,0.9843624273,1.122506439
0.7978853681,0.9576204079,1.1612953252,1.1315391517,0.9843185804,1.1225220435
0.7978098584,0.9576882484,1.1613546624,1.1315434497,0.9843101854,1.1225936389
0.7977590867,0.9576341159,1.1613883582,1.131622824,0.9843205869,1.1226180336
0.7978615019,0.9576338099,1.1614463549,1.1316708691,0.9842387019,1.1226674438
0.7979724911,0.9576658118,1.1615236829,1.1317617458,0.9842409587,1.1227083576
0.797985125,0.9577138428,1.1615149523,1.1317767948,0.9841980385,1.1228083542
0.7980515477,0.9577290842,1.1615754704,1.1318463657,0.9842414066,1.1228229958
0.7981096163,0.9577093209,1.1616540209,1.1317929186,0.984235045,1.1228377774
0.7980403241,0.9576875133,1.1616761353,1.1318704318,0.9842871365,1.1229064031
0.7981685795,0.9576916369,1.1616938882,1.1319644701,0.9842580336,1.1229053834
0.7982224279,0.957761708,1.16174091,1.132032533,0.9841883177,1.1229940152
0.7982333382,0.957697294,1.1617388959,1.1321863802,0.9841250897,1.1231121795
0.7981107005,0.9576352291,1.1617567331,1.1322799435,0.9840724226,1.123135383
0.7982150018,0.9576188625,1.1618633328,1.1323179251,0.9840429751,1.123166388
0.7982935373,0.9576647428,1.1618784732,1.132351639,0.9840044625,1.1232141163
0.7983520088,0.9576013647,1.1619215869,1.1322592693,0.984048033,1.1233079822
0.7982248781,0.9576110499,1.1619339976,1.1322171315,0.9840622714,1.1233840428
0.7982239139,0.9575986425,1.1620103953,1.1321825179,0.984047443,1.1234512848
0.7981839664,0.9576593519,1.1620753446,1.1322130759,0.9839775462,1.1235331303
0.7981538122,0.9576776528,1.1620956758,1.1323843611,0.9839838564,1.1236833173
0.7982057407,0.957675948,1.1620431149,1.1324433096,0.9840152339,1.1238012074
0.7981833306,0.957659588,1.1620910201,1.1324888663,0.9840725833,1.1238484833
0.7982648017,0.9576864932,1.1621339135,1.1325137898,0.9840367945,1.1238716559
0.7983183458,0.9576977947,1.1621654006,1.1325887461,0.9840098808,1.1238999355
0.7981564712,0.9577228284,1.1621065807,1.1326158028,0.9840794622,1.1239680415
0.798087486,0.9576973451,1.1621724444,1.1326960804,0.984062913,1.124004239
0.7980954861,0.9576142976,1.1622301759,1.1327436773,0.9842378389,1.1240789404
0.7981072664,0.9576576073,1.1622780722,1.1327873402,0.9842327402,1.124188013
0.7982331504,0.9576822959,1.1623062677,1.1327950896,0.9843078206,1.1243069045
0.7982038641,0.9576742269,1.1623602014,1.1328436859,0.9844009163,1.1243571061
0.7980893875,0.9576308066,1.1624088126,1.1329397124,0.9844268226,1.1243930952
0.7980578051,0.9577396802,1.162412787,1.1329388581,0.9844236571,1.1244746109
0.7980665065,0.9577969606,1.1625198625,1.1329695072,0.9844199819,1.1244879625
0.7981194615,0.9578106268,1.1625410474,1.1329783443,0.9844569179,1.1245519351
0.7981407496,0.957844843,1.1625049838,1.1329905272,0.9844342452,1.1246010053
0.7981832107,0.9578970367,1.1626017353,1.1329716699,0.9844449106,1.1245709823
0.7981750542,0.9579249159,1.1625868429,1.1330213689,0.9844883543,1.1246390497
0.798302663,0.9579338574,1.1626121878,1.1330906747,0.9845285882,1.1247199752
0.7982981942,0.9579650246,1.1626502783,1.133177585,0.984537388,1.124730201
0.7983345395,0.957942226,1.1627025805,1.133163506,0.9845035594,1.1247546342
0.7983191914,0.9579178316,1.1627551381,1.133211892,0.9845265122,1.1247697838
0.798465056,0.9579091216,1.1628335372,1.1332627966,0.9845547489,1.1248642994
0.7985037067,0.9578981241,1.1629124913,1.1333160211,0.9845419736,1.1249273547
0.7984842472,0.9579384094,1.1629832923,1.1333818642,0.984545769,1.1250018319
0.7984425617,0.958051633,1.1630405956,1.1334195187,0.9845908122,1.1250266569
0.7984638392,0.9580613994,1.162989616,1.133517423,0.9846547396,1.1251503113
0.7984054971,0.9581032341,1.1630562191,1.1335042125,0.9846517382,1.1252100132
0.7985150763,0.95806938,1.1631328083,1.133629052,0.9846949977,1.1252187129
0.7985218218,0.9580547035,1.1631298113,1.1337725458,0.9845996665,1.1253082494
0.7984964565,0.9579934884,1.1630503002,1.1338557078,0.9846661511,1.1253471152
0.7984540548,0.9580276475,1.1630907219,1.1339365692,0.9846440544,1.125334002
0.7984511455,0.9580287416,1.1630953689,1.1339974996,0.984629218,1.1253496544
0.7984682971,0.9580163987,1.1631655954,1.1339419162,0.984613334,1.1253283533
0.7985074767,0.957965227,1.1632305701,1.1339277516,0.9846045028,1.1253467968
0.7985852633,0.957998096,1.1633113085,1.1339347866,0.9846052335,1.1253657673
0.7985690267,0.9579589743,1.1632786964,1.1340015125,0.9846998702,1.1254300684
0.798584276,0.9579734607,1.1633225363,1.1340503298,0.9846694898,1.1255312259
0.7984625361,0.9579319988,1.1634082649,1.133989393,0.984638278,1.125507651
0.7983659157,0.95793802,1.1634285098,1.1340155328,0.9846386384,1.1255264713
0.7982893333,0.9579960489,1.1634540194,1.1341293543,0.9846328333,1.1255640744
0.7981624268,0.9579761997,1.1635531455,1.134189821,0.9846315424,1.1255692839
0.7982893977,0.9580129511,1.1635644745,1.1341944923,0.9845998663,1.1256494575
0.7982455906,0.9580525418,1.1635932179,1.1342306181,0.9845711539,1.1256952441
0.7983735463,0.9580209727,1.1636089519,1.1342085212,0.984617731,1.1257064138
0.7983817284,0.9579849791,1.1637197264,1.1343186132,0.9845688572,1.1257792791
0.7984187189,0.9579705026,1.1637142053,1.1344050999,0.984629134,1.1258340187
0.7984071509,0.957987739,1.1638298926,1.1345067835,0.9846432655,1.1258045547
0.7983878359,0.9580214404,1.1638713458,1.1344896202,0.9845044211,1.1258498948
0.7984381373,0.9580099647,1.1639355909,1.1344766264,0.984515422,1.1258828302
0.7983787262,0.9580020415,1.1639275735,1.1344953433,0.9845390578,1.1258707444
0.7983801388,0.9580491153,1.163982362,1.1344616997,0.9845471549,1.1258935438
0.7983577812,0.9580249133,1.1640958313,1.1344933211,0.9845836579,1.1259319781
0.798302898,0.9580158392,1.1641571039,1.1344748326,0.984567108,1.1259635817
0.7983072816,0.9580624145,1.1641731943,1.1344719797,0.9845574468,1.1260750108
0.7984389252,0.9580331459,1.1642070625,1.134536613,0.9845718722,1.1260711144
0.798488349,0.9580018456,1.1641418015,1.1346206991,0.9845662611,1.126098995
0.7985357749,0.9579809915,1.1641069074,1.1346714365,0.9845831739,1.1261989402
0.7985594591,0.9579987357,1.1641175169,1.1347111355,0.984566753,1.1262356411
0.7985711182,0.9580167372,1.1641749519,1.1348154573,0.9845957002,1.1262380162
0.7985916959,0.9579915762,1.164153661,1.1348984695,0.9846074017,1.1262284928
0.7986331173,0.9579086406,1.1641986826,1.1348388976,0.9845718337,1.1262361946
0.7986334478,0.957917052,1.1642432478,1.1348415122,0.9845700127,1.1262617232
0.7986694677,0.9579102761,1.1642626407,1.1348688052,0.9845444868,1.1262909805
0.798660514,0.957874945,1.1642679026,1.1349258063,0.9844996821,1.1263452953
0.7985735888,0.9578964981,1.1643744584,1.1349743624,0.9845140498,1.1263971749
0.7986710086,0.9578571737,1.1644113204,1.1350218741,0.984512757,1.1264275373
0.7986626585,0.9578355859,1.1644189618,1.1350028058,0.9844467297,1.1264900817
0.798609725,0.9578008428,1.1644268001,1.1350587614,0.9844582354,1.1265327998
0.7986600359,0.9578028575,1.1645056588,1.135138372,0.984437702,1.126584654
0.7985127369,0.9577729958,1.1645716639,1.1352594385,0.9844034521,1.1265548876
0.7984337931,0.9577006196,1.1645667783,1.1353039813,0.9844760458,1.1265958759
0.798451598,0.9576339149,1.1645821348,1.1353879551,0.9843893377,1.126592743
0.798485673,0.957648844,1.16465681,1.1354488194,0.9843940362,1.1265989553
0.7984256751,0.9576199115,1.1647285185,1.1354786666,0.9844064264,1.1266672566
0.7983982299,0.9576348166,1.1648519647,1.135510981,0.9844051995,1.1267607592
0.7984030744,0.9576475788,1.1648781541,1.1354997162,0.9844408645,1.1267815653
0.7985171711,0.9576486443,1.1649347096,1.135572795,0.9843837432,1.1268325909
0.7985421996,0.9576278964,1.1649917895,1.1356091273,0.9843903439,1.1269460009
0.798640311,0.95762948,1.165101576,1.1355758933,0.9844227933,1.1269450562
0.7986034076,0.9576472859,1.1651350994,1.1356585478,0.9844539512,1.1269816736
0.7985970981,0.9576315982,1.1652229698,1.1356510989,0.984510865,1.1270180369
0.7986642275,0.9576369828,1.1652308807,1.1357088008,0.9845298986,1.1270968019
0.7986379646,0.9576342246,1.1652421582,1.1358023569,0.9844784455,1.1270646526
0.7986424845,0.9576350382,1.1651942954,1.1358435104,0.9844182419,1.1270398506
0.7986081277,0.9576460807,1.1652723417,1.1358838465,0.9843963008,1.1270942814
0.798570258,0.9576841201,1.1653300151,1.1358322033,0.9844354133,1.127162406
0.7985455241,0.9577080567,1.1653144771,1.1359449892,0.9844592932,1.1272277873
0.7985908363,0.9576737363,1.1654243993,1.1359816062,0.984391929,1.1272798333
0.7986210119,0.9576675412,1.1654994132,1.1360962822,0.9844294929,1.1272876258
0.7985920158,0.957617159,1.1655768542,1.1360791213,0.984425412,1.1273348914
0.798605808,0.9575978867,1.1656193721,1.1361471386,0.9843725763,1.1273612863
0.7986188804,0.9575793354,1.1656660074,1.1362588584,0.9843595403,1.1273937051
0.7986559684,0.9575902089,1.1656672544,1.1362613117,0.9842564957,1.1274249093
0.7987476107,0.9576196316,1.1656855019,1.1363026148,0.9841624655,1.1275398967
0.7988431571,0.9576809425,1.1657063499,1.1364120777,0.9842252355,1.1275072027
0.7988940714,0.9577633363,1.1657620882,1.1365719537,0.9842763031,1.1275611058
0.7988512282,0.9577662433,1.1657488952,1.1366155677,0.9842606298,1.1276366562
0.7988354887,0.9578083931,1.1657732316,1.1366548297,0.984258094,1.12766937
0.7987580219,0.9578181518,1.1657818887,1.1366194164,0.9842890657,1.1277046014
0.7987850686,0.9577923582,1.1658240386,1.1366576201,0.9842976449,1.1277659814
0.7988041796,0.9577882082,1.1658674024,1.1367250189,0.9843086144,1.1278317864
0.7988494729,0.9577962241,1.1659335214,1.1367530661,0.9842705539,1.1278896754
0.7989061513,0.9578123904,1.1659259819,1.1367650001,0.9843138573,1.1279574788
0.7988654767,0.9577467777,1.165937996,1.1367773021,0.9842872234,1.1279950387
0.7988391895,0.9578306698,1.1660166337,1.1368332096,0.9843399658,1.1280857847
0.7988708266,0.9578779694,1.1659893547,1.1368903861,0.984314949,1.1281121334
0.7990242018,0.9578229577,1.1660519717,1.1369079671,0.9843074626,1.1281194638
0.7991537531,0.9578129132,1.1661343815,1.1369083249,0.9843894627,1.1280939001
0.7991780315,0.957873393,1.1662075632,1.1369102175,0.9843249163,1.1281578466
0.7991034201,0.9578308736,1.1662319141,1.1369984241,0.9843440393,1.1282348345
0.7990079315,0.9578074057,1.1662728376,1.1369973128,0.9843184133,1.1282505304
0.7989036018,0.957768746,1.1662757452,1.1369927673,0.9843088083,1.1282228897
0.7988669947,0.9578204959,1.1663758073,1.1370093278,0.9843475408,1.1281963475
0.7988536546,0.9578137823,1.1663985941,1.1370187735,0.9843197237,1.1282282624
0.7989027846,0.9578858077,1.1665215329,1.1370631709,0.9843267367,1.1282766419
0.7989166144,0.9578811344,1.1665641699,1.1370776954,0.984350832,1.1282818546
0.7988883536,0.9579050505,1.166639355,1.1371744811,0.9843561071,1.1283055448
0.7990376397,0.9578728676,1.1666369682,1.1372116009,0.984406254,1.1282999655
0.7990706098,0.9578573912,1.1666296772,1.1372974317,0.9844314654,1.1283699033
0.7990640385,0.9579077824,1.1666991938,1.1373566178,0.984476146,1.1284022259
0.7989356006,0.9579121801,1.1667423378,1.1374066923,0.9844516408,1.1284308728
0.798966363,0.957905493,1.1667483693,1.1374459157,0.9844900845,1.1284774081
0.7989604035,0.9579107717,1.1668474508,1.1374486084,0.9845620826,1.12853334
0.7989424317,0.9579426289,1.1669285155,1.1375588151,0.9845645885,1.1285745385
0.798965949,0.9578928429,1.1669371431,1.137590837,0.9845934891,1.1285718237
0.7990119517,0.9579190477,1.1670073679,1.1376456671,0.9845699185,1.1286315974
0.7990618316,0.9580073775,1.1670138042,1.1376813176,0.9845525435,1.1286697833
0.7990688219,0.9579757437,1.1669854879,1.1376826181,0.9845170069,1.1287586753
0.7990014677,0.9579901651,1.1670331199,1.1377701155,0.9844216837,1.1287726692
0.7990035603,0.9579937289,1.1671500718,1.1377882543,0.9844323882,1.1288090655
0.7989027859,0.9579562979,1.1671429036,1.1378109037,0.9844772734,1.1288780273
0.7988432228,0.9579481735,1.1672198904,1.1378467125,0.984446502,1.1289114753
0.7988647249,0.9578551336,1.1672447284,1.1379054769,0.9844907749,1.1289331272
0.7988917746,0.9578790261,1.1673248667,1.1378811374,0.9844824757,1.1289729676
0.7988322053,0.9579324079,1.1674125899,1.1379454375,0.9844891834,1.1290379304
0.7987934248,0.9578713448,1.1674699382,1.1379902431,0.984513605,1.1290579264
0.7988220373,0.9578607371,1.1674456556,1.1380370265,0.9844756232,1.129039194
0.7989136095,0.9578826308,1.1674900441,1.1380118471,0.9844401952,1.1291099413
0.7989975836,0.9578754052,1.1675552375,1.1379721425,0.9843442753,1.1291366015
0.798998426,0.9578725409,1.1676298289,1.1380102927,0.9843449203,1.1292000988
0.7990532731,0.9578597807,1.1677060561,1.138032975,0.9843328801,1.1292819426
0.7990192804,0.9578886862,1.1677024046,1.138046694,0.9843003982,1.1292920379
0.799015714,0.95791945,1.1677868668,1.1381033635,0.9842647755,1.1293684789
0.7989413786,0.9579124758,1.1678025772,1.138168634,0.984221135,1.1294224566
0.7988990465,0.9579570177,1.1678619027,1.1382604233,0.9841579013,1.1294304064
0.798940634,0.9580079974,1.1679007414,1.1382844793,0.9841423595,1.1293830605
0.7989563971,0.9579897074,1.1679195957,1.1382512438,0.9841518543,1.1294427669
0.7989649444,0.9579710141,1.1679568766,1.1383148871,0.984169202,1.1294368799
0.7990361714,0.95796763,1.1679981397,1.1382842007,0.9840867194,1.1294968038
0.7990130811,0.9579255965,1.1680252822,1.1382707363,0.9841688777,1.1295647209
0.7989239306,0.9579025315,1.1681268186,1.1383948882,0.9841390398,1.1296184771
0.7988638096,0.9579426169,1.1681503583,1.1384602341,0.984067072,1.1296628341
0.7988317735,0.9579666319,1.1681782001,1.1384325573,0.9841623954,1.1296735093
0.7989321274,0.9579432503,1.1683026068,1.1385195279,0.9842529641,1.1297129045
0.7988492643,0.9579484519,1.1684065573,1.1384943164,0.9842179537,1.1297436368
