round,cooperation0,cooperation1,cooperation2,cooperation3,cooperation4,cooperation5,cooperation6,cooperation7,cooperation8,cooperation9,cooperation10,cooperation11,cooperation12,cooperation13,cooperation14,cooperation15,cooperation16,cooperation17,cooperation18,cooperation19,cooperation20,cooperation21,cooperation22,cooperation23,cooperation24,cooperation25,cooperation26,cooperation27,cooperation28,cooperation29,cooperation30,cooperation31,cooperation32,cooperation33,cooperation34,cooperation35,cooperation36,cooperation37,cooperation38,cooperation39,cooperation40,cooperation41,cooperation42,cooperation43,cooperation44,cooperation45,cooperation46,cooperation47,cooperation48,cooperation49,,min,max,average,stdev
0,0.3432,0.3432,0.3340,0.3368,0.3388,0.3372,0.3144,0.3440,0.3336,0.3352,0.3220,0.3208,0.3340,0.3364,0.3328,0.3296,0.3212,0.3268,0.3264,0.3292,0.3268,0.3284,0.3432,0.3344,0.3208,0.3192,0.3196,0.3500,0.3236,0.3500,0.3376,0.3312,0.3356,0.3408,0.3228,0.3400,0.3384,0.3272,0.3208,0.3408,0.3200,0.3216,0.3328,0.3304,0.3408,0.3224,0.3336,0.3396,0.3416,0.3300,,0.3144,0.3500,0.3321,0.0087
1,0.3108,0.3428,0.3576,0.3420,0.3508,0.3284,0.3148,0.3208,0.2976,0.3040,0.3004,0.3068,0.3104,0.2984,0.3032,0.3708,0.3328,0.3252,0.3224,0.3316,0.3104,0.3144,0.3368,0.3084,0.2940,0.2972,0.3104,0.3604,0.3008,0.3612,0.4012,0.3288,0.3420,0.3020,0.2948,0.3468,0.3276,0.3164,0.3396,0.3836,0.3492,0.3368,0.3236,0.2984,0.3804,0.3300,0.2844,0.3356,0.3684,0.3024,,0.2844,0.4012,0.3272,0.0265
2,0.3196,0.3360,0.3652,0.3036,0.3064,0.3304,0.3668,0.2716,0.2880,0.2864,0.3684,0.3384,0.2924,0.3072,0.2700,0.3548,0.3868,0.3420,0.3640,0.3060,0.3224,0.3380,0.3016,0.3008,0.3324,0.3068,0.3392,0.2884,0.3424,0.3244,0.3752,0.3284,0.3328,0.2540,0.3284,0.3436,0.3456,0.3484,0.3808,0.3284,0.3632,0.3768,0.3044,0.3336,0.3696,0.3312,0.2540,0.3580,0.3144,0.3596,,0.2540,0.3868,0.3286,0.0327
3,0.3384,0.3168,0.3344,0.2968,0.2864,0.3304,0.4232,0.2676,0.3368,0.2960,0.4220,0.3648,0.2960,0.2948,0.2612,0.3296,0.3844,0.3592,0.3900,0.3024,0.3732,0.3676,0.2740,0.3448,0.3740,0.3440,0.3700,0.2344,0.3876,0.3024,0.3268,0.3332,0.3184,0.2568,0.3704,0.3468,0.3580,0.3896,0.4052,0.2712,0.3680,0.3784,0.3148,0.3544,0.3424,0.3392,0.3056,0.3768,0.3068,0.3804,,0.2344,0.4232,0.3369,0.0440
4,0.3392,0.3104,0.3036,0.3328,0.2828,0.3604,0.4208,0.3144,0.3856,0.3128,0.4508,0.3820,0.3332,0.3080,0.2868,0.3248,0.3616,0.3628,0.3888,0.2928,0.4024,0.4012,0.3184,0.3776,0.4016,0.3708,0.3696,0.2240,0.4216,0.2840,0.2996,0.3476,0.3072,0.2924,0.3784,0.3352,0.3488,0.4152,0.3964,0.2464,0.3472,0.3512,0.3376,0.3548,0.3044,0.3248,0.3732,0.3628,0.3060,0.3920,,0.2240,0.4508,0.3449,0.0470
5,0.3448,0.3028,0.2820,0.3692,0.3080,0.3868,0.3916,0.3496,0.4176,0.3324,0.4176,0.3836,0.3656,0.3320,0.3392,0.3188,0.3488,0.3444,0.3704,0.2936,0.4036,0.4336,0.3528,0.3812,0.4152,0.3792,0.3380,0.2436,0.4400,0.3004,0.2944,0.3684,0.2976,0.3216,0.3832,0.3128,0.3248,0.3916,0.3644,0.2468,0.3260,0.3532,0.3328,0.3676,0.2912,0.2916,0.4368,0.3288,0.3276,0.3872,,0.2436,0.4400,0.3487,0.0466
6,0.3604,0.3132,0.2788,0.4100,0.3396,0.4076,0.3308,0.3680,0.4172,0.3428,0.3692,0.3680,0.3832,0.3704,0.3716,0.3236,0.3252,0.3140,0.3448,0.3152,0.3808,0.4512,0.3692,0.3536,0.4172,0.3712,0.3148,0.2772,0.4248,0.3324,0.3000,0.3456,0.2900,0.3328,0.3716,0.2932,0.3088,0.3628,0.3140,0.2768,0.3268,0.3364,0.3424,0.3912,0.2780,0.2616,0.4572,0.2888,0.3520,0.3476,,0.2616,0.4572,0.3465,0.0459
7,0.3556,0.3384,0.2856,0.4336,0.3628,0.4092,0.2812,0.3572,0.4072,0.3472,0.3200,0.3540,0.3688,0.4044,0.3880,0.3368,0.2904,0.3112,0.3272,0.3288,0.3688,0.4424,0.3876,0.3444,0.3876,0.3484,0.2804,0.3352,0.3896,0.3500,0.3004,0.3228,0.2944,0.3320,0.3448,0.2852,0.3212,0.3248,0.2984,0.3400,0.3304,0.3000,0.3360,0.4172,0.2884,0.2520,0.4380,0.2596,0.3644,0.3140,,0.2520,0.4424,0.3421,0.0460
8,0.3264,0.3624,0.2964,0.4288,0.3704,0.3928,0.2488,0.3296,0.3956,0.3460,0.2896,0.3272,0.3280,0.4116,0.3592,0.3660,0.2740,0.3240,0.3140,0.3304,0.3628,0.4204,0.4024,0.3328,0.3216,0.3232,0.2752,0.3832,0.3352,0.3676,0.3016,0.3176,0.2932,0.3356,0.3352,0.3128,0.3584,0.2940,0.3124,0.4080,0.3316,0.2856,0.3148,0.3944,0.3132,0.2696,0.3916,0.2596,0.3584,0.2948,,0.2488,0.4288,0.3366,0.0439
9,0.2996,0.3724,0.3100,0.3988,0.3648,0.3744,0.2348,0.3076,0.3776,0.3444,0.2800,0.3048,0.2844,0.4152,0.3228,0.3872,0.2688,0.3484,0.3012,0.3200,0.3420,0.3820,0.4052,0.3308,0.2724,0.2868,0.2976,0.4128,0.2896,0.3684,0.3180,0.3164,0.2972,0.3404,0.3380,0.3508,0.3680,0.2852,0.3420,0.4440,0.3292,0.2792,0.2928,0.3424,0.3420,0.3000,0.3144,0.2892,0.3516,0.2932,,0.2348,0.4440,0.3308,0.0443
10,0.2848,0.3748,0.3184,0.3496,0.3472,0.3596,0.2392,0.2952,0.3612,0.3224,0.2996,0.3080,0.2692,0.4028,0.2864,0.4084,0.2956,0.3644,0.3060,0.3136,0.3380,0.3504,0.3964,0.3240,0.2688,0.2572,0.3260,0.4208,0.2764,0.3416,0.3392,0.3184,0.3104,0.3516,0.3484,0.3808,0.3828,0.2996,0.3664,0.4520,0.3352,0.3016,0.3132,0.3076,0.3584,0.3472,0.2496,0.3336,0.3404,0.3004,,0.2392,0.4520,0.3309,0.0445
11,0.2832,0.3612,0.3196,0.2812,0.3280,0.3404,0.2744,0.3036,0.3592,0.3084,0.3508,0.3296,0.3084,0.3752,0.2600,0.4356,0.3320,0.3556,0.3392,0.3004,0.3376,0.3188,0.3780,0.3232,0.2856,0.2320,0.3520,0.3952,0.2824,0.2928,0.3732,0.3240,0.3428,0.3676,0.3644,0.3984,0.3760,0.3380,0.3780,0.4276,0.3524,0.3160,0.3244,0.2900,0.3664,0.3760,0.2248,0.3664,0.3232,0.3140,,0.2248,0.4356,0.3337,0.0441
12,0.3028,0.3276,0.3200,0.2404,0.3184,0.3232,0.3388,0.3344,0.3548,0.3252,0.3920,0.3636,0.3436,0.3464,0.2488,0.4484,0.3696,0.3472,0.3624,0.2864,0.3324,0.3056,0.3488,0.3628,0.3164,0.2616,0.3544,0.3588,0.3056,0.2696,0.3808,0.3304,0.3560,0.3680,0.3828,0.4076,0.3744,0.3752,0.3716,0.3684,0.3476,0.3192,0.3352,0.2860,0.3408,0.3716,0.2312,0.3816,0.3048,0.3524,,0.2312,0.4484,0.3379,0.0425
13,0.3340,0.2968,0.3164,0.2424,0.2988,0.3112,0.3852,0.3616,0.3424,0.3552,0.4220,0.3828,0.3560,0.3216,0.2672,0.4172,0.4080,0.3192,0.3692,0.2664,0.3244,0.3152,0.3200,0.4144,0.3408,0.3096,0.3364,0.3164,0.3392,0.2852,0.3720,0.3416,0.3628,0.3560,0.3940,0.3988,0.3628,0.3932,0.3408,0.3024,0.3356,0.3388,0.3552,0.2988,0.3092,0.3576,0.2568,0.3892,0.3080,0.3964,,0.2424,0.4220,0.3409,0.0428
14,0.3640,0.2636,0.3020,0.2800,0.2900,0.3104,0.4212,0.3876,0.3296,0.3828,0.4060,0.3816,0.3600,0.2916,0.3064,0.3620,0.4372,0.3148,0.3580,0.2612,0.3148,0.3240,0.2960,0.4576,0.3668,0.3668,0.3208,0.2868,0.3648,0.3320,0.3412,0.3512,0.3456,0.3396,0.3852,0.3748,0.3468,0.3908,0.3172,0.2492,0.3200,0.3672,0.3844,0.3356,0.2776,0.3308,0.3036,0.3572,0.3232,0.3976,,0.2492,0.4576,0.3416,0.0456
15,0.3716,0.2584,0.2880,0.3328,0.3056,0.3204,0.4112,0.3896,0.3428,0.3788,0.3664,0.3408,0.3652,0.2788,0.3404,0.3084,0.4516,0.3020,0.3400,0.2812,0.3116,0.3492,0.3116,0.4772,0.3968,0.4192,0.3144,0.2752,0.3780,0.3728,0.3260,0.3392,0.3364,0.3264,0.3536,0.3512,0.3276,0.3796,0.2948,0.2528,0.3060,0.3804,0.4048,0.3896,0.2916,0.2980,0.3348,0.3176,0.3388,0.3768,,0.2528,0.4772,0.3421,0.0472
16,0.3704,0.2900,0.2868,0.3920,0.3344,0.3516,0.3732,0.3832,0.3544,0.3592,0.3032,0.3028,0.3632,0.2752,0.3428,0.2740,0.4308,0.2744,0.3268,0.3204,0.3068,0.3588,0.3304,0.4788,0.3968,0.4204,0.3288,0.2856,0.3768,0.3912,0.3276,0.3252,0.3156,0.3328,0.3132,0.3412,0.3176,0.3660,0.2932,0.2916,0.3080,0.3524,0.3712,0.4216,0.3188,0.2908,0.3440,0.2708,0.3340,0.3432,,0.2708,0.4788,0.3392,0.0450
17,0.3460,0.3296,0.3152,0.4284,0.3440,0.3760,0.3184,0.3736,0.3544,0.3388,0.2712,0.2800,0.3244,0.3076,0.3356,0.2812,0.4076,0.2476,0.2972,0.3488,0.3272,0.3620,0.3324,0.4352,0.3620,0.3736,0.3372,0.3220,0.3472,0.4028,0.3508,0.3208,0.3224,0.3512,0.2840,0.3456,0.3208,0.3204,0.3168,0.3420,0.3156,0.3240,0.3272,0.4156,0.3328,0.3100,0.3480,0.2596,0.3396,0.3088,,0.2476,0.4352,0.3357,0.0392
18,0.3220,0.3640,0.3316,0.4320,0.3316,0.3904,0.2868,0.3408,0.3320,0.3052,0.2452,0.2812,0.2780,0.3600,0.3288,0.3052,0.3592,0.2440,0.2792,0.3604,0.3576,0.3436,0.3320,0.3724,0.3156,0.3040,0.3324,0.3636,0.3196,0.3944,0.3760,0.3248,0.3312,0.3728,0.2548,0.3416,0.3144,0.2892,0.3540,0.3840,0.3356,0.3148,0.2960,0.3676,0.3320,0.3420,0.3500,0.2860,0.3372,0.2856,,0.2440,0.4320,0.3300,0.0391
19,0.3024,0.3740,0.3388,0.4012,0.3304,0.3724,0.2756,0.3084,0.3096,0.2756,0.2680,0.2848,0.2660,0.3852,0.3384,0.3368,0.3372,0.2648,0.2808,0.3536,0.3768,0.3196,0.3344,0.3100,0.2776,0.2496,0.3356,0.3932,0.3084,0.3324,0.3800,0.3204,0.3368,0.3800,0.2432,0.3260,0.3184,0.2844,0.3980,0.4004,0.3436,0.3324,0.3064,0.3040,0.3348,0.3744,0.3308,0.3288,0.3256,0.2884,,0.2432,0.4012,0.3260,0.0409
20,0.3036,0.3708,0.3396,0.3508,0.3408,0.3448,0.2880,0.2832,0.3000,0.2664,0.3004,0.3036,0.2884,0.3976,0.3316,0.3652,0.3392,0.2988,0.3252,0.3576,0.3496,0.3040,0.3460,0.2616,0.2728,0.2308,0.3324,0.3800,0.3084,0.2672,0.3688,0.3132,0.3460,0.3768,0.2628,0.3208,0.3148,0.3180,0.3892,0.3800,0.3536,0.3368,0.3208,0.2704,0.3500,0.3776,0.2852,0.3652,0.3012,0.3092,,0.2308,0.3976,0.3242,0.0389
21,0.3152,0.3592,0.3496,0.2896,0.3416,0.3212,0.3244,0.2984,0.2964,0.2896,0.3480,0.3376,0.3208,0.3856,0.3096,0.3804,0.3512,0.3284,0.3764,0.3496,0.3068,0.3096,0.3356,0.2532,0.2868,0.2456,0.3356,0.3528,0.3168,0.2380,0.3468,0.3116,0.3464,0.3424,0.3020,0.3188,0.3132,0.3436,0.3652,0.3328,0.3468,0.3352,0.3336,0.2716,0.3380,0.3664,0.2472,0.3828,0.2860,0.3400,,0.2380,0.3856,0.3245,0.0352
22,0.3328,0.3500,0.3360,0.2656,0.3320,0.3004,0.3612,0.3272,0.2992,0.3240,0.3808,0.3676,0.3440,0.3740,0.2996,0.3764,0.3600,0.3464,0.4260,0.3412,0.2828,0.3240,0.3132,0.2800,0.3148,0.2860,0.3296,0.3160,0.3320,0.2588,0.3228,0.3256,0.3568,0.3044,0.3484,0.3132,0.3120,0.3608,0.3216,0.2864,0.3328,0.3484,0.3596,0.3012,0.3168,0.3356,0.2412,0.3840,0.2956,0.3552,,0.2412,0.4260,0.3281,0.0349
23,0.3504,0.3424,0.3180,0.2828,0.3072,0.2852,0.3880,0.3660,0.3100,0.3524,0.3860,0.3816,0.3600,0.3356,0.3120,0.3404,0.3548,0.3484,0.4524,0.3324,0.2864,0.3412,0.3028,0.3272,0.3504,0.3292,0.3356,0.3068,0.3480,0.3056,0.2964,0.3288,0.3424,0.2832,0.3696,0.3036,0.3244,0.3696,0.2984,0.2532,0.3252,0.3592,0.3792,0.3420,0.3020,0.3088,0.2584,0.3556,0.3240,0.3520,,0.2532,0.4524,0.3323,0.0361
24,0.3584,0.3476,0.3028,0.3312,0.3056,0.2868,0.3756,0.3948,0.3440,0.3636,0.3512,0.3544,0.3768,0.3044,0.3364,0.2932,0.3580,0.3400,0.4496,0.3440,0.2900,0.3512,0.3116,0.3684,0.3860,0.3824,0.3476,0.3192,0.3528,0.3488,0.2872,0.3260,0.3240,0.2872,0.3892,0.3004,0.3280,0.3696,0.2884,0.2624,0.3180,0.3736,0.4016,0.3936,0.3196,0.2896,0.2816,0.3072,0.3452,0.3440,,0.2624,0.4496,0.3383,0.0385
25,0.3620,0.3632,0.3028,0.3928,0.3180,0.3212,0.3516,0.4012,0.3820,0.3616,0.3068,0.3256,0.3760,0.2848,0.3376,0.2744,0.3436,0.3340,0.4160,0.3584,0.2984,0.3588,0.3352,0.3920,0.4092,0.4080,0.3628,0.3312,0.3412,0.3880,0.3024,0.3256,0.3080,0.3208,0.3860,0.3136,0.3260,0.3596,0.2920,0.2956,0.3252,0.3440,0.3672,0.4176,0.3480,0.2828,0.3084,0.2692,0.3548,0.3292,,0.2692,0.4176,0.3423,0.0385
26,0.3380,0.3744,0.3208,0.4268,0.3356,0.3576,0.3064,0.3892,0.4180,0.3496,0.2732,0.3016,0.3448,0.3004,0.3304,0.2760,0.3328,0.3216,0.3588,0.3604,0.3212,0.3504,0.3408,0.3896,0.3924,0.3892,0.3672,0.3548,0.3280,0.4184,0.3348,0.3320,0.3164,0.3540,0.3604,0.3356,0.3168,0.3200,0.3156,0.3496,0.3352,0.3288,0.3316,0.3988,0.3496,0.2884,0.3348,0.2632,0.3556,0.3100,,0.2632,0.4268,0.3420,0.0360
27,0.3188,0.3712,0.3344,0.4364,0.3456,0.3796,0.2724,0.3412,0.4180,0.3188,0.2808,0.2992,0.3112,0.3368,0.3336,0.3032,0.3088,0.3028,0.3128,0.3492,0.3608,0.3328,0.3524,0.3580,0.3340,0.3316,0.3652,0.3684,0.3172,0.4200,0.3604,0.3424,0.3292,0.3948,0.3100,0.3532,0.3080,0.2924,0.3552,0.3864,0.3528,0.3276,0.2844,0.3468,0.3416,0.3112,0.3452,0.2776,0.3504,0.2976,,0.2724,0.4364,0.3376,0.0360
28,0.3028,0.3556,0.3536,0.3940,0.3568,0.3716,0.2592,0.3068,0.4004,0.2924,0.3112,0.3000,0.3012,0.3512,0.3440,0.3284,0.3052,0.2872,0.2880,0.3320,0.3876,0.3160,0.3568,0.3136,0.2800,0.2784,0.3648,0.3740,0.3116,0.3720,0.3680,0.3476,0.3348,0.4236,0.2668,0.3524,0.3116,0.2784,0.3904,0.4016,0.3652,0.3368,0.2872,0.2864,0.3344,0.3400,0.3524,0.2952,0.3356,0.3116,,0.2592,0.4236,0.3323,0.0394
29,0.3064,0.3392,0.3668,0.3304,0.3700,0.3540,0.2752,0.2768,0.3672,0.2796,0.3488,0.3084,0.3040,0.3716,0.3392,0.3636,0.3256,0.2984,0.2956,0.3256,0.3816,0.3008,0.3596,0.2688,0.2608,0.2664,0.3644,0.3548,0.3156,0.3012,0.3564,0.3636,0.3352,0.4328,0.2652,0.3532,0.3176,0.3004,0.3768,0.3828,0.3756,0.3276,0.2992,0.2668,0.3404,0.3652,0.3444,0.3156,0.3080,0.3380,,0.2608,0.4328,0.3297,0.0386
30,0.3112,0.3140,0.3688,0.2584,0.3656,0.3252,0.3160,0.2884,0.3372,0.2984,0.3804,0.3320,0.3228,0.3736,0.3116,0.3800,0.3468,0.3328,0.3240,0.3124,0.3492,0.3076,0.3404,0.2524,0.2840,0.2776,0.3420,0.3276,0.3244,0.2584,0.3304,0.3796,0.3276,0.4016,0.2976,0.3492,0.3328,0.3168,0.3472,0.3192,0.3688,0.3120,0.3196,0.2748,0.3328,0.3796,0.3060,0.3432,0.2964,0.3576,,0.2524,0.4016,0.3271,0.0338
31,0.3196,0.3064,0.3512,0.2384,0.3480,0.3048,0.3616,0.3124,0.3004,0.3184,0.3944,0.3600,0.3356,0.3760,0.2904,0.3796,0.3508,0.3588,0.3604,0.3040,0.3220,0.3132,0.3164,0.2608,0.3108,0.3104,0.3192,0.3068,0.3416,0.2672,0.3060,0.3828,0.3300,0.3576,0.3368,0.3372,0.3504,0.3300,0.3104,0.2648,0.3484,0.3124,0.3436,0.3052,0.3148,0.3664,0.2572,0.3596,0.3056,0.3632,,0.2384,0.3944,0.3264,0.0342
32,0.3448,0.2988,0.3192,0.2600,0.3312,0.2916,0.3948,0.3352,0.2780,0.3312,0.3908,0.3708,0.3640,0.3488,0.2936,0.3556,0.3356,0.3612,0.3816,0.3076,0.2964,0.3284,0.2976,0.2792,0.3412,0.3432,0.3084,0.2952,0.3456,0.2928,0.2892,0.3696,0.3248,0.3308,0.3628,0.3072,0.3600,0.3480,0.3004,0.2308,0.3136,0.3292,0.3580,0.3368,0.3072,0.3356,0.2184,0.3580,0.3308,0.3596,,0.2184,0.3948,0.3259,0.0372
33,0.3668,0.3060,0.3024,0.3084,0.3344,0.2984,0.3836,0.3536,0.2772,0.3324,0.3608,0.3492,0.3792,0.3180,0.3140,0.3208,0.3260,0.3552,0.3828,0.3316,0.2820,0.3400,0.3028,0.2976,0.3756,0.3904,0.3204,0.3016,0.3452,0.3068,0.2824,0.3540,0.3220,0.3256,0.3832,0.2852,0.3604,0.3580,0.2860,0.2452,0.2944,0.3316,0.3760,0.3796,0.3280,0.2936,0.2076,0.3448,0.3516,0.3528,,0.2076,0.3904,0.3285,0.0382
34,0.3812,0.3236,0.2968,0.3684,0.3412,0.3260,0.3560,0.3544,0.3168,0.3376,0.3160,0.3332,0.3616,0.2944,0.3276,0.3040,0.3244,0.3468,0.3636,0.3484,0.2804,0.3540,0.3216,0.3096,0.3952,0.4112,0.3380,0.3228,0.3340,0.3304,0.3004,0.3528,0.3372,0.3240,0.3824,0.2824,0.3384,0.3532,0.2896,0.2872,0.2924,0.3224,0.3472,0.4048,0.3540,0.2712,0.2120,0.3316,0.3584,0.3312,,0.2120,0.4112,0.3318,0.0358
35,0.3708,0.3444,0.3140,0.4072,0.3540,0.3584,0.3156,0.3476,0.3612,0.3436,0.2804,0.3236,0.3292,0.3036,0.3400,0.3200,0.3224,0.3316,0.3308,0.3496,0.2860,0.3568,0.3284,0.3208,0.3772,0.3904,0.3476,0.3612,0.3296,0.3588,0.3320,0.3524,0.3636,0.3208,0.3604,0.2996,0.3196,0.3164,0.3124,0.3420,0.3064,0.3216,0.3276,0.3884,0.3580,0.2716,0.2324,0.3180,0.3640,0.3072,,0.2324,0.4072,0.3344,0.0315
36,0.3388,0.3628,0.3272,0.4212,0.3468,0.3780,0.2948,0.3212,0.3776,0.3472,0.2652,0.3220,0.3028,0.3260,0.3568,0.3368,0.3116,0.3084,0.2968,0.3308,0.2980,0.3388,0.3328,0.3328,0.3184,0.3320,0.3572,0.3996,0.3236,0.3820,0.3680,0.3500,0.3972,0.3456,0.2976,0.3188,0.3036,0.2960,0.3548,0.3784,0.3284,0.3508,0.2940,0.3392,0.3488,0.2984,0.2508,0.3036,0.3540,0.2904,,0.2508,0.4212,0.3331,0.0343
37,0.3104,0.3696,0.3468,0.3756,0.3544,0.3688,0.2808,0.2916,0.3764,0.3400,0.2808,0.3124,0.3064,0.3480,0.3760,0.3496,0.3072,0.2908,0.2824,0.3088,0.3192,0.3156,0.3296,0.3288,0.2704,0.2784,0.3680,0.4144,0.3240,0.3624,0.3840,0.3516,0.3980,0.3692,0.2424,0.3352,0.3084,0.3016,0.3860,0.4000,0.3536,0.3612,0.3000,0.2892,0.3356,0.3380,0.2756,0.3044,0.3352,0.3056,,0.2424,0.4144,0.3312,0.0390
38,0.2964,0.3728,0.3592,0.3140,0.3556,0.3476,0.2892,0.2788,0.3600,0.3212,0.3080,0.3088,0.3172,0.3744,0.3668,0.3572,0.3096,0.3040,0.2948,0.2936,0.3316,0.2928,0.3416,0.3220,0.2556,0.2664,0.3580,0.3992,0.3172,0.3132,0.3760,0.3600,0.3912,0.3728,0.2256,0.3484,0.3160,0.3340,0.3812,0.3936,0.3768,0.3404,0.3060,0.2724,0.3364,0.3692,0.2840,0.3216,0.3056,0.3268,,0.2256,0.3992,0.3293,0.0387
39,0.2976,0.3596,0.3628,0.2612,0.3484,0.3232,0.3252,0.2916,0.3392,0.3100,0.3456,0.3280,0.3400,0.3852,0.3372,0.3752,0.3156,0.3376,0.3248,0.2712,0.3180,0.3036,0.3460,0.3208,0.2744,0.2776,0.3208,0.3544,0.3252,0.2832,0.3484,0.3716,0.3616,0.3460,0.2628,0.3556,0.3348,0.3480,0.3604,0.3436,0.3728,0.3152,0.3224,0.2784,0.3276,0.3940,0.2964,0.3496,0.2928,0.3500,,0.2612,0.3940,0.3287,0.0324
40,0.3112,0.3576,0.3464,0.2492,0.3308,0.3044,0.3660,0.3136,0.2988,0.3120,0.3700,0.3516,0.3424,0.3848,0.3144,0.3752,0.3120,0.3648,0.3576,0.2656,0.2948,0.3264,0.3424,0.3384,0.3040,0.3104,0.2896,0.3112,0.3432,0.2884,0.3124,0.3724,0.3532,0.3232,0.3152,0.3512,0.3576,0.3436,0.3268,0.2840,0.3500,0.3096,0.3496,0.3040,0.3128,0.3844,0.2968,0.3632,0.3044,0.3556,,0.2492,0.3848,0.3289,0.0309
41,0.3368,0.3520,0.3192,0.2720,0.3152,0.2928,0.3972,0.3304,0.2728,0.3280,0.3808,0.3664,0.3496,0.3452,0.3064,0.3492,0.3100,0.3660,0.3720,0.2756,0.2724,0.3580,0.3336,0.3560,0.3388,0.3432,0.2888,0.2820,0.3492,0.3228,0.2848,0.3624,0.3160,0.3256,0.3616,0.3280,0.3736,0.3464,0.3140,0.2468,0.3140,0.3268,0.3644,0.3360,0.3048,0.3600,0.3032,0.3620,0.3296,0.3592,,0.2468,0.3972,0.3300,0.0332
42,0.3620,0.3512,0.3040,0.3120,0.3212,0.2992,0.3796,0.3468,0.2796,0.3372,0.3604,0.3480,0.3612,0.3104,0.3084,0.3140,0.3188,0.3560,0.3724,0.3136,0.2772,0.3780,0.3280,0.3560,0.3828,0.3904,0.3136,0.2772,0.3492,0.3316,0.2760,0.3420,0.2940,0.3240,0.3972,0.3024,0.3748,0.3448,0.2968,0.2600,0.2972,0.3304,0.3848,0.3772,0.3232,0.3072,0.3048,0.3468,0.3528,0.3476,,0.2600,0.3972,0.3325,0.0341
43,0.3728,0.3440,0.3032,0.3712,0.3192,0.3264,0.3524,0.3556,0.3192,0.3384,0.3184,0.3332,0.3652,0.2796,0.3144,0.2944,0.3156,0.3480,0.3528,0.3556,0.2848,0.4036,0.3324,0.3444,0.4004,0.4112,0.3432,0.2896,0.3308,0.3400,0.3028,0.3356,0.2924,0.3252,0.4116,0.2988,0.3560,0.3356,0.2944,0.3024,0.2960,0.3244,0.3560,0.4024,0.3544,0.2764,0.3180,0.3324,0.3588,0.3284,,0.2764,0.4116,0.3352,0.0341
44,0.3548,0.3264,0.3228,0.4124,0.3204,0.3564,0.3140,0.3500,0.3652,0.3460,0.2816,0.3232,0.3504,0.2832,0.3256,0.3060,0.3216,0.3328,0.3244,0.3752,0.3044,0.4116,0.3288,0.3328,0.3868,0.3904,0.3640,0.3268,0.3264,0.3560,0.3480,0.3288,0.3236,0.3204,0.3972,0.3152,0.3412,0.2920,0.3088,0.3532,0.3100,0.3304,0.3336,0.3928,0.3620,0.2704,0.3392,0.3164,0.3628,0.3048,,0.2704,0.4124,0.3374,0.0320
45,0.3296,0.3180,0.3428,0.4252,0.3040,0.3760,0.2944,0.3308,0.3796,0.3492,0.2748,0.3228,0.3380,0.3028,0.3356,0.3288,0.3172,0.3092,0.2900,0.3708,0.3228,0.3816,0.3308,0.3356,0.3276,0.3320,0.3844,0.3736,0.3228,0.3708,0.3936,0.3268,0.3600,0.3440,0.3352,0.3344,0.3244,0.2572,0.3440,0.3912,0.3328,0.3568,0.2968,0.3476,0.3488,0.2976,0.3564,0.3036,0.3472,0.2976,,0.2572,0.4252,0.3364,0.0326
46,0.2976,0.3032,0.3572,0.3788,0.3092,0.3652,0.2800,0.3024,0.3780,0.3440,0.2948,0.3120,0.3428,0.3244,0.3412,0.3564,0.3352,0.2916,0.2760,0.3460,0.3448,0.3436,0.3272,0.3300,0.2848,0.2784,0.4016,0.3984,0.3208,0.3532,0.4108,0.3228,0.3668,0.3652,0.2712,0.3452,0.3220,0.2516,0.3812,0.4024,0.3512,0.3704,0.3004,0.2960,0.3288,0.3372,0.3672,0.3044,0.3272,0.3184,,0.2516,0.4108,0.3332,0.0372
47,0.2816,0.3148,0.3628,0.3140,0.3136,0.3464,0.2888,0.2972,0.3580,0.3212,0.3316,0.3068,0.3500,0.3544,0.3320,0.3780,0.3432,0.3052,0.2836,0.3276,0.3548,0.3124,0.3376,0.3248,0.2712,0.2664,0.4012,0.3884,0.3192,0.3024,0.4048,0.3328,0.3696,0.3640,0.2404,0.3520,0.3236,0.2788,0.3808,0.3872,0.3668,0.3444,0.3068,0.2704,0.3308,0.3668,0.3516,0.3216,0.2956,0.3408,,0.2404,0.4048,0.3304,0.0370
48,0.2856,0.3212,0.3576,0.2600,0.3208,0.3216,0.3260,0.3096,0.3376,0.3060,0.3636,0.3256,0.3512,0.3628,0.3168,0.4088,0.3508,0.3396,0.3124,0.2988,0.3488,0.3116,0.3412,0.3232,0.2900,0.2776,0.3812,0.3460,0.3240,0.2696,0.3856,0.3516,0.3512,0.3416,0.2672,0.3564,0.3368,0.3184,0.3512,0.3336,0.3612,0.3156,0.3256,0.2756,0.3248,0.3896,0.3336,0.3496,0.2868,0.3576,,0.2600,0.4088,0.3301,0.0325
49,0.2964,0.3404,0.3404,0.2484,0.3168,0.3044,0.3672,0.3348,0.2996,0.3148,0.3868,0.3512,0.3296,0.3704,0.3056,0.4244,0.3436,0.3648,0.3460,0.2864,0.3384,0.3160,0.3404,0.3408,0.3136,0.3104,0.3572,0.3104,0.3444,0.2792,0.3576,0.3496,0.3424,0.3184,0.3172,0.3472,0.3528,0.3472,0.3136,0.2820,0.3396,0.3104,0.3512,0.3008,0.3096,0.3796,0.3104,0.3632,0.2988,0.3568,,0.2484,0.4244,0.3314,0.0312
50,0.3224,0.3512,0.3132,0.2712,0.3160,0.2928,0.3972,0.3536,0.2752,0.3340,0.3868,0.3664,0.3252,0.3292,0.3152,0.4060,0.3284,0.3668,0.3736,0.2924,0.3192,0.3360,0.3336,0.3556,0.3412,0.3432,0.3492,0.2840,0.3588,0.3140,0.3260,0.3436,0.3136,0.3224,0.3624,0.3260,0.3600,0.3728,0.2976,0.2500,0.3112,0.3284,0.3660,0.3348,0.3020,0.3580,0.3064,0.3620,0.3268,0.3524,,0.2500,0.4060,0.3335,0.0321
51,0.3536,0.3680,0.2972,0.3112,0.3336,0.2988,0.3804,0.3676,0.2812,0.3488,0.3616,0.3492,0.3204,0.2936,0.3348,0.3696,0.3264,0.3516,0.3836,0.3280,0.3128,0.3440,0.3280,0.3512,0.3816,0.3904,0.3640,0.2816,0.3536,0.3344,0.3076,0.3276,0.2996,0.3240,0.3976,0.3056,0.3540,0.3812,0.2788,0.2720,0.2936,0.3296,0.3824,0.3764,0.3264,0.3104,0.3080,0.3468,0.3524,0.3448,,0.2720,0.3976,0.3364,0.0326
52,0.3800,0.3736,0.2960,0.3704,0.3432,0.3260,0.3540,0.3668,0.3208,0.3468,0.3184,0.3364,0.3236,0.2600,0.3416,0.3412,0.3176,0.3404,0.3736,0.3612,0.3056,0.3612,0.3324,0.3384,0.3996,0.4112,0.3776,0.2912,0.3264,0.3532,0.3148,0.3292,0.3064,0.3276,0.4116,0.2972,0.3380,0.3780,0.2716,0.3160,0.2964,0.3236,0.3516,0.4028,0.3600,0.2820,0.3212,0.3324,0.3664,0.3252,,0.2600,0.4116,0.3388,0.0343
53,0.3932,0.3548,0.3152,0.4112,0.3556,0.3572,0.3140,0.3604,0.3668,0.3536,0.2816,0.3268,0.3168,0.2736,0.3428,0.3296,0.3176,0.3260,0.3448,0.3848,0.3168,0.3592,0.3288,0.3288,0.3856,0.3904,0.3816,0.3296,0.3184,0.3820,0.3336,0.3268,0.3404,0.3248,0.3972,0.3132,0.3236,0.3356,0.2876,0.3648,0.3136,0.3324,0.3256,0.3940,0.3656,0.2764,0.3420,0.3164,0.3740,0.3036,,0.2736,0.4112,0.3408,0.0326
54,0.3836,0.3276,0.3300,0.4240,0.3460,0.3784,0.2944,0.3312,0.3812,0.3520,0.2748,0.3264,0.3136,0.3128,0.3376,0.3280,0.3112,0.3060,0.3168,0.3920,0.3344,0.3404,0.3308,0.3296,0.3276,0.3320,0.3828,0.3736,0.3148,0.3960,0.3552,0.3244,0.3796,0.3460,0.3352,0.3348,0.3168,0.2968,0.3300,0.3972,0.3372,0.3592,0.2932,0.3456,0.3548,0.3044,0.3584,0.3036,0.3576,0.2980,,0.2748,0.4240,0.3392,0.0316
55,0.3728,0.3028,0.3452,0.3784,0.3440,0.3696,0.2804,0.3036,0.3796,0.3424,0.2948,0.3156,0.3312,0.3428,0.3420,0.3320,0.3228,0.2896,0.3144,0.3784,0.3528,0.3188,0.3272,0.3228,0.2860,0.2784,0.3872,0.4016,0.3104,0.3700,0.3612,0.3200,0.3864,0.3664,0.2712,0.3488,0.3292,0.2776,0.3680,0.4000,0.3592,0.3696,0.2960,0.2972,0.3356,0.3432,0.3684,0.3044,0.3364,0.3208,,0.2712,0.4016,0.3359,0.0345
56,0.3496,0.3036,0.3520,0.3112,0.3472,0.3472,0.2888,0.2972,0.3580,0.3156,0.3316,0.3104,0.3424,0.3744,0.3316,0.3280,0.3364,0.3076,0.3388,0.3656,0.3640,0.2976,0.3376,0.3160,0.2720,0.2664,0.3832,0.3864,0.3036,0.3144,0.3604,0.3248,0.3928,0.3656,0.2404,0.3488,0.3428,0.2924,0.3696,0.3720,0.3740,0.3424,0.3056,0.2700,0.3364,0.3676,0.3516,0.3216,0.3020,0.3520,,0.2404,0.3928,0.3322,0.0339
57,0.3420,0.3064,0.3428,0.2576,0.3596,0.3184,0.3252,0.3128,0.3376,0.3004,0.3636,0.3280,0.3376,0.3748,0.3196,0.3432,0.3492,0.3436,0.3784,0.3348,0.3528,0.3056,0.3412,0.3208,0.2908,0.2776,0.3548,0.3412,0.3196,0.2812,0.3440,0.3464,0.3832,0.3412,0.2672,0.3540,0.3632,0.3248,0.3556,0.3164,0.3708,0.3144,0.3252,0.2728,0.3208,0.3860,0.3336,0.3496,0.2940,0.3688,,0.2576,0.3860,0.3319,0.0303
58,0.3320,0.3256,0.3268,0.2472,0.3696,0.2968,0.3660,0.3416,0.2996,0.3072,0.3868,0.3516,0.3128,0.3824,0.3120,0.3584,0.3508,0.3700,0.4152,0.3152,0.3416,0.3160,0.3404,0.3400,0.3156,0.3104,0.3152,0.3032,0.3472,0.2804,0.3256,0.3472,0.3764,0.3160,0.3172,0.3484,0.3884,0.3460,0.3408,0.2724,0.3468,0.3064,0.3524,0.2932,0.3048,0.3760,0.3104,0.3632,0.3048,0.3632,,0.2472,0.4152,0.3335,0.0329
59,0.3368,0.3428,0.3104,0.2740,0.3668,0.2900,0.3972,0.3592,0.2752,0.3284,0.3868,0.3664,0.3108,0.3444,0.3220,0.3516,0.3380,0.3664,0.4392,0.3052,0.3192,0.3372,0.3336,0.3572,0.3432,0.3432,0.2968,0.2796,0.3652,0.3032,0.3040,0.3448,0.3356,0.3212,0.3624,0.3284,0.4028,0.3724,0.3340,0.2524,0.3120,0.3260,0.3692,0.3204,0.2956,0.3564,0.3064,0.3620,0.3328,0.3512,,0.2524,0.4392,0.3356,0.0353
60,0.3488,0.3660,0.3076,0.3176,0.3648,0.2980,0.3796,0.3720,0.2812,0.3444,0.3616,0.3480,0.3280,0.3112,0.3416,0.3308,0.3300,0.3504,0.4336,0.3164,0.3128,0.3464,0.3280,0.3544,0.3824,0.3904,0.3056,0.2804,0.3540,0.3236,0.2972,0.3280,0.3036,0.3216,0.3976,0.2968,0.4092,0.3780,0.3144,0.2812,0.2936,0.3296,0.3808,0.3556,0.3168,0.3096,0.3080,0.3468,0.3584,0.3396,,0.2804,0.4336,0.3375,0.0345
61,0.3552,0.3716,0.3020,0.3720,0.3504,0.3284,0.3524,0.3684,0.3208,0.3520,0.3184,0.3332,0.3464,0.2748,0.3476,0.3140,0.3184,0.3404,0.3976,0.3332,0.3056,0.3604,0.3324,0.3428,0.4004,0.4112,0.3196,0.2924,0.3332,0.3468,0.3096,0.3324,0.2904,0.3264,0.4116,0.2792,0.4004,0.3740,0.2912,0.3072,0.2948,0.3292,0.3520,0.3780,0.3552,0.2808,0.3212,0.3324,0.3624,0.3208,,0.2748,0.4116,0.3378,0.0342
62,0.3484,0.3536,0.3060,0.4128,0.3404,0.3568,0.3140,0.3528,0.3668,0.3608,0.2816,0.3232,0.3512,0.2812,0.3472,0.3248,0.3160,0.3260,0.3400,0.3468,0.3168,0.3604,0.3288,0.3324,0.3868,0.3904,0.3300,0.3308,0.3204,0.3800,0.3320,0.3308,0.3064,0.3220,0.3972,0.2936,0.3932,0.3328,0.2964,0.3428,0.3092,0.3408,0.3224,0.3784,0.3636,0.2772,0.3420,0.3164,0.3608,0.2988,,0.2772,0.4128,0.3377,0.0309
63,0.3320,0.3276,0.3156,0.4216,0.3108,0.3756,0.2944,0.3256,0.3812,0.3580,0.2748,0.3228,0.3472,0.3140,0.3392,0.3296,0.3116,0.3060,0.2948,0.3564,0.3344,0.3408,0.3308,0.3280,0.3276,0.3320,0.3428,0.3764,0.3144,0.3984,0.3564,0.3244,0.3328,0.3424,0.3352,0.3208,0.3840,0.2916,0.3300,0.3636,0.3320,0.3720,0.2900,0.3440,0.3528,0.3036,0.3584,0.3036,0.3436,0.2936,,0.2748,0.4216,0.3348,0.0296
64,0.3216,0.3028,0.3392,0.3760,0.2976,0.3672,0.2800,0.3032,0.3796,0.3448,0.2948,0.3120,0.3504,0.3428,0.3404,0.3288,0.3224,0.2896,0.2728,0.3468,0.3528,0.3164,0.3272,0.3204,0.2848,0.2784,0.3652,0.4012,0.3124,0.3772,0.3632,0.3188,0.3416,0.3612,0.2712,0.3408,0.3724,0.2748,0.3680,0.3692,0.3520,0.3904,0.2964,0.3072,0.3324,0.3412,0.3684,0.3044,0.3272,0.3172,,0.2712,0.4012,0.3313,0.0335
65,0.3196,0.3036,0.3504,0.3084,0.2956,0.3464,0.2888,0.3028,0.3580,0.3088,0.3316,0.3068,0.3332,0.3744,0.3308,0.3244,0.3360,0.3076,0.2812,0.3380,0.3640,0.2932,0.3376,0.3156,0.2712,0.2664,0.3732,0.3868,0.3072,0.3196,0.3632,0.3252,0.3588,0.3604,0.2404,0.3504,0.3632,0.2924,0.3696,0.3440,0.3712,0.3700,0.3092,0.2816,0.3344,0.3648,0.3516,0.3216,0.3004,0.3488,,0.2404,0.3868,0.3280,0.0328
66,0.3204,0.3064,0.3540,0.2584,0.3212,0.3184,0.3260,0.3168,0.3376,0.2976,0.3636,0.3256,0.3248,0.3748,0.3192,0.3392,0.3500,0.3436,0.3088,0.3196,0.3528,0.2988,0.3412,0.3220,0.2900,0.2776,0.3516,0.3428,0.3216,0.2796,0.3464,0.3464,0.3624,0.3396,0.2672,0.3560,0.3528,0.3272,0.3556,0.3192,0.3692,0.3500,0.3284,0.2808,0.3224,0.3844,0.3336,0.3496,0.2920,0.3692,,0.2584,0.3844,0.3291,0.0286
67,0.3256,0.3256,0.3372,0.2516,0.3476,0.2976,0.3672,0.3412,0.2996,0.3032,0.3868,0.3512,0.3080,0.3824,0.3120,0.3540,0.3512,0.3700,0.3516,0.3096,0.3416,0.3092,0.3404,0.3400,0.3136,0.3104,0.3152,0.3056,0.3464,0.2796,0.3272,0.3496,0.3668,0.3160,0.3172,0.3608,0.3404,0.3508,0.3408,0.3080,0.3500,0.3460,0.3544,0.2960,0.3064,0.3744,0.3104,0.3632,0.3032,0.3656,,0.2516,0.3868,0.3324,0.0282
68,0.3316,0.3428,0.3240,0.2788,0.3596,0.2932,0.3972,0.3588,0.2752,0.3316,0.3868,0.3664,0.3080,0.3444,0.3220,0.3472,0.3428,0.3664,0.3912,0.3020,0.3192,0.3360,0.3336,0.3560,0.3412,0.3432,0.2968,0.2824,0.3708,0.3048,0.3048,0.3484,0.3324,0.3200,0.3624,0.3504,0.3256,0.3764,0.3340,0.3140,0.3180,0.3528,0.3716,0.3268,0.2996,0.3552,0.3064,0.3620,0.3320,0.3520,,0.2752,0.3972,0.3360,0.0290
69,0.3432,0.3660,0.3148,0.3196,0.3652,0.3056,0.3804,0.3716,0.2812,0.3488,0.3616,0.3492,0.3220,0.3112,0.3416,0.3272,0.3352,0.3504,0.3984,0.3132,0.3128,0.3524,0.3280,0.3536,0.3816,0.3904,0.3056,0.2808,0.3652,0.3284,0.2972,0.3340,0.3024,0.3204,0.3976,0.3256,0.3176,0.3840,0.3144,0.3252,0.2952,0.3364,0.3852,0.3676,0.3224,0.3112,0.3080,0.3468,0.3600,0.3368,,0.2808,0.3984,0.3379,0.0301
70,0.3464,0.3716,0.3120,0.3740,0.3504,0.3348,0.3540,0.3636,0.3208,0.3588,0.3184,0.3364,0.3388,0.2748,0.3476,0.3128,0.3224,0.3404,0.3756,0.3352,0.3056,0.3688,0.3324,0.3428,0.3996,0.4112,0.3196,0.2932,0.3384,0.3564,0.3096,0.3348,0.2892,0.3252,0.4116,0.2996,0.3172,0.3780,0.2912,0.3336,0.2940,0.3260,0.3484,0.3940,0.3592,0.2840,0.3212,0.3324,0.3628,0.3180,,0.2748,0.4116,0.3377,0.0320
71,0.3356,0.3536,0.3144,0.4140,0.3408,0.3616,0.3140,0.3388,0.3668,0.3668,0.2816,0.3268,0.3556,0.2812,0.3472,0.3240,0.3192,0.3260,0.3276,0.3576,0.3168,0.3624,0.3288,0.3296,0.3856,0.3904,0.3300,0.3308,0.3196,0.3924,0.3320,0.3268,0.3100,0.3208,0.3972,0.3000,0.3240,0.3332,0.2964,0.3532,0.3068,0.3268,0.3188,0.3916,0.3580,0.2804,0.3420,0.3164,0.3632,0.2992,,0.2804,0.4140,0.3367,0.0307
72,0.3204,0.3276,0.3232,0.4228,0.3140,0.3784,0.2944,0.3132,0.3812,0.3592,0.2748,0.3264,0.3532,0.3140,0.3392,0.3300,0.3140,0.3060,0.2928,0.3692,0.3344,0.3400,0.3308,0.3244,0.3276,0.3320,0.3428,0.3764,0.3124,0.4064,0.3564,0.3176,0.3372,0.3412,0.3352,0.3200,0.3304,0.2928,0.3300,0.3716,0.3308,0.3492,0.2872,0.3516,0.3452,0.3072,0.3584,0.3036,0.3400,0.2936,,0.2748,0.4228,0.3336,0.0295
73,0.3096,0.3028,0.3428,0.3752,0.3020,0.3688,0.2804,0.2968,0.3796,0.3440,0.2948,0.3156,0.3544,0.3428,0.3404,0.3320,0.3244,0.2896,0.2728,0.3544,0.3528,0.3136,0.3272,0.3172,0.2860,0.2784,0.3652,0.4012,0.3088,0.3776,0.3632,0.3052,0.3476,0.3600,0.2712,0.3400,0.3384,0.2740,0.3680,0.3732,0.3528,0.3568,0.2968,0.3100,0.3232,0.3452,0.3684,0.3044,0.3212,0.3164,,0.2712,0.4012,0.3297,0.0328
74,0.3136,0.3036,0.3544,0.3060,0.3000,0.3460,0.2888,0.3012,0.3580,0.3064,0.3316,0.3104,0.3432,0.3744,0.3308,0.3280,0.3376,0.3076,0.2812,0.3424,0.3640,0.2912,0.3376,0.3144,0.2720,0.2664,0.3732,0.3868,0.2976,0.3156,0.3632,0.3176,0.3624,0.3592,0.2404,0.3484,0.3472,0.2912,0.3696,0.3468,0.3732,0.3396,0.3092,0.2816,0.3220,0.3676,0.3516,0.3216,0.2956,0.3492,,0.2404,0.3868,0.3268,0.0327
75,0.3136,0.3064,0.3588,0.2544,0.3240,0.3176,0.3252,0.3128,0.3376,0.2976,0.3636,0.3280,0.3368,0.3748,0.3192,0.3432,0.3508,0.3436,0.3088,0.3204,0.3528,0.2984,0.3412,0.3220,0.2908,0.2776,0.3516,0.3428,0.3080,0.2764,0.3464,0.3480,0.3632,0.3384,0.2672,0.3536,0.3508,0.3260,0.3556,0.3280,0.3732,0.3264,0.3280,0.2808,0.3020,0.3852,0.3336,0.3496,0.2916,0.3696,,0.2544,0.3852,0.3283,0.0294
76,0.3208,0.3256,0.3444,0.2432,0.3520,0.2968,0.3660,0.3392,0.2996,0.3028,0.3868,0.3516,0.3180,0.3824,0.3120,0.3584,0.3532,0.3700,0.3516,0.3136,0.3416,0.3100,0.3404,0.3400,0.3156,0.3104,0.3152,0.3056,0.3300,0.2672,0.3272,0.3568,0.3664,0.3148,0.3172,0.3596,0.3444,0.3496,0.3408,0.3128,0.3540,0.3252,0.3552,0.2960,0.2828,0.3748,0.3104,0.3632,0.3168,0.3648,,0.2432,0.3868,0.3319,0.0296
77,0.3352,0.3428,0.3308,0.2728,0.3636,0.2912,0.3972,0.3616,0.2752,0.3332,0.3868,0.3664,0.3100,0.3444,0.3220,0.3516,0.3432,0.3664,0.3912,0.3072,0.3192,0.3392,0.3336,0.3560,0.3432,0.3432,0.2968,0.2824,0.3520,0.2824,0.3048,0.3552,0.3300,0.3200,0.3624,0.3496,0.3300,0.3760,0.3340,0.3144,0.3212,0.3376,0.3720,0.3268,0.2732,0.3548,0.3064,0.3620,0.3556,0.3520,,0.2728,0.3972,0.3356,0.0305
78,0.3500,0.3660,0.3188,0.3224,0.3648,0.3032,0.3796,0.3700,0.2812,0.3500,0.3616,0.3480,0.3168,0.3112,0.3416,0.3308,0.3352,0.3504,0.3984,0.3208,0.3128,0.3560,0.3280,0.3536,0.3824,0.3904,0.3056,0.2808,0.3500,0.3032,0.2972,0.3384,0.2992,0.3204,0.3976,0.3240,0.3180,0.3804,0.3144,0.3160,0.2992,0.3244,0.3820,0.3676,0.2924,0.3084,0.3080,0.3468,0.3848,0.3372,,0.2808,0.3984,0.3368,0.0314
79,0.3564,0.3716,0.3152,0.3868,0.3504,0.3336,0.3524,0.3572,0.3208,0.3600,0.3184,0.3332,0.3304,0.2748,0.3476,0.3140,0.3224,0.3404,0.3756,0.3468,0.3056,0.3708,0.3324,0.3428,0.4004,0.4112,0.3196,0.2932,0.3356,0.3332,0.3096,0.3380,0.2852,0.3252,0.4116,0.2992,0.3172,0.3740,0.2912,0.3288,0.2964,0.3180,0.3464,0.3940,0.3316,0.2804,0.3212,0.3324,0.3744,0.3180,,0.2748,0.4116,0.3369,0.0326
80,0.3400,0.3536,0.3160,0.4288,0.3404,0.3608,0.3140,0.3296,0.3668,0.3620,0.2816,0.3232,0.3448,0.2812,0.3472,0.3248,0.3192,0.3260,0.3276,0.3632,0.3168,0.3664,0.3288,0.3296,0.3868,0.3904,0.3300,0.3308,0.3300,0.3712,0.3320,0.3268,0.3072,0.3208,0.3972,0.3012,0.3212,0.3304,0.2964,0.3512,0.3088,0.3228,0.3160,0.3916,0.3488,0.2772,0.3420,0.3164,0.3560,0.2988,,0.2772,0.4288,0.3359,0.0308
81,0.3216,0.3276,0.3236,0.4420,0.3108,0.3768,0.2944,0.3096,0.3812,0.3536,0.2748,0.3228,0.3460,0.3140,0.3392,0.3296,0.3140,0.3060,0.2928,0.3716,0.3344,0.3424,0.3308,0.3244,0.3276,0.3320,0.3428,0.3764,0.3280,0.3900,0.3564,0.3132,0.3396,0.3412,0.3352,0.3208,0.3296,0.2880,0.3300,0.3696,0.3316,0.3492,0.2888,0.3516,0.3580,0.3036,0.3584,0.3036,0.3276,0.2936,,0.2748,0.4420,0.3334,0.0302
82,0.3092,0.3028,0.3416,0.3996,0.2976,0.3684,0.2800,0.2960,0.3796,0.3364,0.2948,0.3120,0.3516,0.3428,0.3404,0.3288,0.3244,0.2896,0.2728,0.3524,0.3528,0.3144,0.3272,0.3172,0.2848,0.2784,0.3652,0.4012,0.3276,0.3756,0.3632,0.3124,0.3500,0.3600,0.2712,0.3408,0.3384,0.2712,0.3680,0.3576,0.3520,0.3568,0.2976,0.3100,0.3516,0.3412,0.3684,0.3044,0.3132,0.3172,,0.2712,0.4012,0.3302,0.0333
83,0.3116,0.3036,0.3536,0.3340,0.2956,0.3472,0.2888,0.3088,0.3580,0.3036,0.3316,0.3068,0.3468,0.3744,0.3308,0.3244,0.3376,0.3076,0.2812,0.3372,0.3640,0.2868,0.3376,0.3144,0.2712,0.2664,0.3732,0.3868,0.3176,0.3228,0.3632,0.3220,0.3636,0.3592,0.2404,0.3504,0.3492,0.2912,0.3696,0.3264,0.3720,0.3396,0.3100,0.2816,0.3488,0.3648,0.3516,0.3216,0.2952,0.3488,,0.2404,0.3868,0.3279,0.0325
84,0.3144,0.3064,0.3576,0.2748,0.3212,0.3184,0.3260,0.3152,0.3376,0.2940,0.3636,0.3256,0.3412,0.3748,0.3192,0.3392,0.3508,0.3436,0.3088,0.3240,0.3528,0.2956,0.3412,0.3220,0.2900,0.2776,0.3516,0.3428,0.3208,0.2868,0.3464,0.3536,0.3564,0.3384,0.2672,0.3560,0.3544,0.3284,0.3556,0.2812,0.3700,0.3264,0.3296,0.2808,0.3228,0.3844,0.3336,0.3496,0.3032,0.3692,,0.2672,0.3844,0.3289,0.0283
85,0.3304,0.3256,0.3420,0.2520,0.3476,0.2976,0.3672,0.3468,0.2996,0.3012,0.3868,0.3512,0.3208,0.3824,0.3120,0.3540,0.3532,0.3700,0.3516,0.3124,0.3416,0.3088,0.3404,0.3400,0.3136,0.3104,0.3152,0.3056,0.3368,0.2812,0.3272,0.3628,0.3584,0.3148,0.3172,0.3608,0.3460,0.3544,0.3408,0.2704,0.3508,0.3252,0.3572,0.2960,0.2960,0.3744,0.3104,0.3632,0.3308,0.3656,,0.2520,0.3868,0.3324,0.0292
86,0.3508,0.3428,0.3296,0.2704,0.3596,0.2932,0.3972,0.3664,0.2752,0.3352,0.3868,0.3664,0.3104,0.3444,0.3220,0.3472,0.3432,0.3664,0.3912,0.3092,0.3192,0.3408,0.3336,0.3560,0.3412,0.3432,0.2968,0.2824,0.3536,0.3040,0.3048,0.3580,0.3216,0.3200,0.3624,0.3504,0.3288,0.3800,0.3340,0.2608,0.3180,0.3376,0.3760,0.3268,0.2860,0.3552,0.3064,0.3620,0.3684,0.3520,,0.2608,0.3972,0.3358,0.0318
87,0.3644,0.3660,0.3176,0.3100,0.3652,0.3056,0.3804,0.3760,0.2812,0.3488,0.3616,0.3492,0.3160,0.3112,0.3416,0.3272,0.3352,0.3504,0.3984,0.3188,0.3128,0.3572,0.3280,0.3536,0.3816,0.3904,0.3056,0.2808,0.3520,0.3200,0.2972,0.3328,0.3008,0.3204,0.3976,0.3256,0.3124,0.3864,0.3144,0.2748,0.2952,0.3244,0.3824,0.3676,0.3080,0.3112,0.3080,0.3468,0.3892,0.3368,,0.2748,0.3984,0.3368,0.0328
88,0.3664,0.3716,0.3140,0.3644,0.3504,0.3348,0.3540,0.3540,0.3208,0.3552,0.3184,0.3364,0.3284,0.2748,0.3476,0.3128,0.3224,0.3404,0.3756,0.3516,0.3056,0.3740,0.3324,0.3428,0.3996,0.4112,0.3196,0.2932,0.3368,0.3428,0.3096,0.3244,0.2880,0.3252,0.4116,0.2996,0.3112,0.3780,0.2912,0.2936,0.2940,0.3180,0.3432,0.3940,0.3444,0.2840,0.3212,0.3324,0.3808,0.3180,,0.2748,0.4116,0.3363,0.0330
89,0.3460,0.3536,0.3156,0.4040,0.3408,0.3616,0.3140,0.3320,0.3668,0.3548,0.2816,0.3268,0.3440,0.2812,0.3472,0.3240,0.3192,0.3260,0.3276,0.3596,0.3168,0.3708,0.3288,0.3296,0.3856,0.3904,0.3300,0.3308,0.3304,0.3744,0.3320,0.3184,0.3124,0.3208,0.3972,0.3000,0.3164,0.3308,0.2964,0.3280,0.3068,0.3228,0.3120,0.3916,0.3576,0.2804,0.3420,0.3164,0.3640,0.2992,,0.2804,0.4040,0.3352,0.0296
90,0.3288,0.3276,0.3236,0.4200,0.3140,0.3784,0.2944,0.3148,0.3812,0.3500,0.2748,0.3264,0.3496,0.3140,0.3392,0.3300,0.3140,0.3060,0.2928,0.3644,0.3344,0.3456,0.3308,0.3244,0.3276,0.3320,0.3428,0.3764,0.3292,0.3940,0.3564,0.3172,0.3460,0.3412,0.3352,0.3200,0.3248,0.2892,0.3300,0.3524,0.3308,0.3492,0.2864,0.3516,0.3640,0.3072,0.3584,0.3036,0.3436,0.2936,,0.2748,0.4200,0.3336,0.0284
91,0.3108,0.3028,0.3428,0.3900,0.3020,0.3688,0.2804,0.3048,0.3796,0.3416,0.2948,0.3156,0.3612,0.3428,0.3404,0.3320,0.3244,0.2896,0.2728,0.3440,0.3528,0.3128,0.3272,0.3172,0.2860,0.2784,0.3652,0.4012,0.3276,0.3772,0.3632,0.3252,0.3584,0.3600,0.2712,0.3400,0.3288,0.2704,0.3680,0.3624,0.3528,0.3568,0.2964,0.3100,0.3592,0.3452,0.3684,0.3044,0.3248,0.3164,,0.2704,0.4012,0.3314,0.0330
92,0.3152,0.3036,0.3544,0.3344,0.3000,0.3460,0.2888,0.3072,0.3580,0.3140,0.3316,0.3104,0.3624,0.3744,0.3308,0.3280,0.3376,0.3076,0.2812,0.3348,0.3640,0.2856,0.3376,0.3144,0.2720,0.2664,0.3732,0.3868,0.3164,0.3248,0.3632,0.3464,0.3692,0.3592,0.2404,0.3484,0.3320,0.2900,0.3696,0.3540,0.3732,0.3396,0.3080,0.2816,0.3576,0.3676,0.3516,0.3216,0.3004,0.3492,,0.2404,0.3868,0.3297,0.0329
93,0.3176,0.3064,0.3588,0.2752,0.3240,0.3176,0.3252,0.3164,0.3376,0.3080,0.3636,0.3280,0.3624,0.3748,0.3192,0.3432,0.3508,0.3436,0.3088,0.3232,0.3528,0.2940,0.3412,0.3220,0.2908,0.2776,0.3516,0.3428,0.3200,0.2900,0.3464,0.3736,0.3568,0.3384,0.2672,0.3536,0.3268,0.3272,0.3556,0.3320,0.3732,0.3264,0.3292,0.2808,0.3312,0.3852,0.3336,0.3496,0.2956,0.3696,,0.2672,0.3852,0.3308,0.0280
94,0.3316,0.3256,0.3444,0.2484,0.3520,0.2968,0.3660,0.3452,0.2996,0.3112,0.3868,0.3516,0.3528,0.3824,0.3120,0.3584,0.3532,0.3700,0.3516,0.3212,0.3416,0.3108,0.3404,0.3400,0.3156,0.3104,0.3152,0.3056,0.3356,0.2816,0.3272,0.3788,0.3568,0.3148,0.3172,0.3596,0.3120,0.3532,0.3408,0.3084,0.3540,0.3252,0.3584,0.2960,0.3004,0.3748,0.3104,0.3632,0.3196,0.3648,,0.2484,0.3868,0.3339,0.0285
95,0.3468,0.3428,0.3308,0.2644,0.3636,0.2912,0.3972,0.3664,0.2752,0.3400,0.3868,0.3664,0.3564,0.3444,0.3220,0.3516,0.3432,0.3664,0.3912,0.3172,0.3192,0.3444,0.3336,0.3560,0.3432,0.3432,0.2968,0.2824,0.3520,0.3028,0.3048,0.3596,0.3204,0.3200,0.3624,0.3496,0.2948,0.3796,0.3340,0.2836,0.3212,0.3376,0.3788,0.3268,0.2892,0.3548,0.3064,0.3620,0.3524,0.3520,,0.2644,0.3972,0.3366,0.0313
96,0.3628,0.3660,0.3188,0.3076,0.3648,0.3032,0.3796,0.3752,0.2812,0.3544,0.3616,0.3480,0.3788,0.3112,0.3416,0.3308,0.3352,0.3504,0.3984,0.3248,0.3128,0.3580,0.3280,0.3536,0.3824,0.3904,0.3056,0.2808,0.3500,0.3192,0.2972,0.3280,0.2992,0.3204,0.3976,0.3240,0.2904,0.3832,0.3144,0.2804,0.2992,0.3244,0.3824,0.3676,0.3080,0.3084,0.3080,0.3468,0.3696,0.3372,,0.2804,0.3984,0.3372,0.0329
97,0.3640,0.3716,0.3152,0.3624,0.3504,0.3336,0.3524,0.3588,0.3208,0.3612,0.3184,0.3332,0.4068,0.2748,0.3476,0.3140,0.3224,0.3404,0.3756,0.3480,0.3056,0.3768,0.3324,0.3428,0.4004,0.4112,0.3196,0.2932,0.3356,0.3416,0.3096,0.3120,0.2864,0.3252,0.4116,0.2992,0.3044,0.3752,0.2912,0.2988,0.2964,0.3180,0.3436,0.3940,0.3440,0.2804,0.3212,0.3324,0.3672,0.3180,,0.2748,0.4116,0.3372,0.0344
98,0.3504,0.3536,0.3160,0.4016,0.3404,0.3608,0.3140,0.3356,0.3668,0.3608,0.2816,0.3232,0.4380,0.2812,0.3472,0.3248,0.3192,0.3260,0.3276,0.3600,0.3168,0.3716,0.3288,0.3296,0.3868,0.3904,0.3300,0.3308,0.3300,0.3712,0.3320,0.3048,0.3120,0.3208,0.3972,0.3012,0.3352,0.3292,0.2964,0.3332,0.3088,0.3228,0.3128,0.3916,0.3564,0.2772,0.3420,0.3164,0.3588,0.2988,,0.2772,0.4380,0.3372,0.0330
99,0.3340,0.3276,0.3236,0.4172,0.3108,0.3768,0.2944,0.3140,0.3812,0.3516,0.2748,0.3228,0.4412,0.3140,0.3392,0.3296,0.3140,0.3060,0.2928,0.3696,0.3344,0.3464,0.3308,0.3244,0.3276,0.3320,0.3428,0.3764,0.3280,0.3900,0.3564,0.3084,0.3452,0.3412,0.3352,0.3208,0.3624,0.2848,0.3300,0.3608,0.3316,0.3492,0.2872,0.3516,0.3608,0.3036,0.3584,0.3036,0.3392,0.2936,,0.2748,0.4412,0.3358,0.0325
100,0.3164,0.3028,0.3416,0.3892,0.2976,0.3684,0.2800,0.2996,0.3796,0.3344,0.2948,0.3120,0.4432,0.3428,0.3404,0.3288,0.3244,0.2896,0.2728,0.3552,0.3528,0.3100,0.3272,0.3172,0.2848,0.2784,0.3652,0.4012,0.3276,0.3756,0.3632,0.3160,0.3580,0.3600,0.2712,0.3408,0.3744,0.2656,0.3680,0.3736,0.3520,0.3568,0.2972,0.3100,0.3552,0.3412,0.3684,0.3044,0.3160,0.3172,,0.2656,0.4432,0.3333,0.0375
101,0.3184,0.3036,0.3536,0.3340,0.2956,0.3472,0.2888,0.2980,0.3580,0.3012,0.3316,0.3068,0.4268,0.3744,0.3308,0.3244,0.3376,0.3076,0.2812,0.3564,0.3640,0.2832,0.3376,0.3144,0.2712,0.2664,0.3732,0.3868,0.3176,0.3228,0.3632,0.3368,0.3656,0.3592,0.2404,0.3504,0.3684,0.2876,0.3696,0.3664,0.3720,0.3396,0.3084,0.2816,0.3532,0.3648,0.3516,0.3216,0.2916,0.3488,,0.2404,0.4268,0.3311,0.0367
102,0.3200,0.3064,0.3576,0.2752,0.3212,0.3184,0.3260,0.3072,0.3376,0.2924,0.3636,0.3256,0.3952,0.3748,0.3192,0.3392,0.3508,0.3436,0.3088,0.3440,0.3528,0.2944,0.3412,0.3220,0.2900,0.2776,0.3516,0.3428,0.3208,0.2868,0.3464,0.3636,0.3512,0.3384,0.2672,0.3560,0.3472,0.3280,0.3556,0.3480,0.3700,0.3264,0.3292,0.2808,0.3280,0.3844,0.3336,0.3496,0.2880,0.3692,,0.2672,0.3952,0.3314,0.0296
103,0.3376,0.3256,0.3420,0.2484,0.3476,0.2976,0.3672,0.3240,0.2996,0.3040,0.3868,0.3512,0.3504,0.3824,0.3120,0.3540,0.3532,0.3700,0.3516,0.3368,0.3416,0.3080,0.3404,0.3400,0.3136,0.3104,0.3152,0.3056,0.3368,0.2812,0.3272,0.3716,0.3528,0.3148,0.3172,0.3608,0.3212,0.3580,0.3408,0.3220,0.3508,0.3252,0.3592,0.2960,0.2968,0.3744,0.3104,0.3632,0.3120,0.3656,,0.2484,0.3868,0.3335,0.0282
104,0.3552,0.3428,0.3296,0.2644,0.3596,0.2932,0.3972,0.3492,0.2752,0.3364,0.3868,0.3664,0.3136,0.3444,0.3220,0.3472,0.3432,0.3664,0.3912,0.3216,0.3192,0.3396,0.3336,0.3560,0.3412,0.3432,0.2968,0.2824,0.3536,0.3040,0.3048,0.3556,0.3192,0.3200,0.3624,0.3504,0.2964,0.3836,0.3340,0.2996,0.3180,0.3376,0.3776,0.3268,0.2860,0.3552,0.3064,0.3620,0.3408,0.3520,,0.2644,0.3972,0.3353,0.0305
105,0.3716,0.3660,0.3176,0.3076,0.3652,0.3056,0.3804,0.3700,0.2812,0.3512,0.3616,0.3492,0.3088,0.3112,0.3416,0.3272,0.3352,0.3504,0.3984,0.3240,0.3128,0.3580,0.3280,0.3536,0.3816,0.3904,0.3056,0.2808,0.3520,0.3200,0.2972,0.3300,0.3004,0.3204,0.3976,0.3256,0.2904,0.3900,0.3144,0.2920,0.2952,0.3244,0.3808,0.3676,0.3080,0.3112,0.3080,0.3468,0.3520,0.3368,,0.2808,0.3984,0.3359,0.0321
106,0.3608,0.3716,0.3140,0.3624,0.3504,0.3348,0.3540,0.3628,0.3208,0.3556,0.3184,0.3364,0.3232,0.2748,0.3476,0.3128,0.3224,0.3404,0.3756,0.3444,0.3056,0.3832,0.3324,0.3428,0.3996,0.4112,0.3196,0.2932,0.3368,0.3428,0.3096,0.3156,0.2884,0.3252,0.4116,0.2996,0.3044,0.3816,0.2912,0.3032,0.2940,0.3180,0.3412,0.3940,0.3444,0.2840,0.3212,0.3324,0.3432,0.3180,,0.2748,0.4116,0.3354,0.0327
107,0.3396,0.3536,0.3156,0.4016,0.3408,0.3616,0.3140,0.3356,0.3668,0.3580,0.2816,0.3268,0.3408,0.2812,0.3472,0.3240,0.3192,0.3260,0.3276,0.3636,0.3168,0.3788,0.3288,0.3296,0.3856,0.3904,0.3300,0.3308,0.3304,0.3744,0.3320,0.3068,0.3164,0.3208,0.3972,0.3000,0.3352,0.3320,0.2964,0.3348,0.3068,0.3228,0.3116,0.3916,0.3576,0.2804,0.3420,0.3164,0.3340,0.2992,,0.2804,0.4016,0.3351,0.0295
108,0.3148,0.3276,0.3236,0.4172,0.3140,0.3784,0.2944,0.3120,0.3812,0.3460,0.2748,0.3264,0.3480,0.3140,0.3392,0.3300,0.3140,0.3060,0.2928,0.3764,0.3344,0.3548,0.3308,0.3244,0.3276,0.3320,0.3428,0.3764,0.3292,0.3940,0.3564,0.3060,0.3504,0.3412,0.3352,0.3200,0.3624,0.2852,0.3300,0.3636,0.3308,0.3492,0.2880,0.3516,0.3640,0.3072,0.3584,0.3036,0.3332,0.2936,,0.2748,0.4172,0.3341,0.0295
109,0.3008,0.3028,0.3428,0.3892,0.3020,0.3688,0.2804,0.3016,0.3796,0.3296,0.2948,0.3156,0.3576,0.3428,0.3404,0.3320,0.3244,0.2896,0.2728,0.3768,0.3528,0.3100,0.3272,0.3172,0.2860,0.2784,0.3652,0.4012,0.3276,0.3772,0.3632,0.3128,0.3588,0.3600,0.2712,0.3400,0.3744,0.2628,0.3680,0.3860,0.3528,0.3568,0.2964,0.3100,0.3592,0.3452,0.3684,0.3044,0.3292,0.3164,,0.2628,0.4012,0.3325,0.0352
110,0.3092,0.3036,0.3544,0.3340,0.3000,0.3460,0.2888,0.3084,0.3580,0.3028,0.3316,0.3104,0.3624,0.3744,0.3308,0.3280,0.3376,0.3076,0.2812,0.3768,0.3640,0.2796,0.3376,0.3144,0.2720,0.2664,0.3732,0.3868,0.3164,0.3248,0.3632,0.3356,0.3624,0.3592,0.2404,0.3484,0.3684,0.2848,0.3696,0.3848,0.3732,0.3396,0.3076,0.2816,0.3576,0.3676,0.3516,0.3216,0.3208,0.3492,,0.2404,0.3868,0.3314,0.0348
111,0.3196,0.3064,0.3588,0.2752,0.3240,0.3176,0.3252,0.3224,0.3376,0.3004,0.3636,0.3280,0.3512,0.3748,0.3192,0.3432,0.3508,0.3436,0.3088,0.3496,0.3528,0.2844,0.3412,0.3220,0.2908,0.2776,0.3516,0.3428,0.3200,0.2900,0.3464,0.3628,0.3456,0.3384,0.2672,0.3536,0.3472,0.3284,0.3556,0.3716,0.3732,0.3264,0.3296,0.2808,0.3312,0.3852,0.3336,0.3496,0.3148,0.3696,,0.2672,0.3852,0.3321,0.0281
112,0.3380,0.3256,0.3444,0.2484,0.3520,0.2968,0.3660,0.3464,0.2996,0.3116,0.3868,0.3516,0.3216,0.3824,0.3120,0.3584,0.3532,0.3700,0.3516,0.3192,0.3416,0.3024,0.3404,0.3400,0.3156,0.3104,0.3152,0.3056,0.3356,0.2816,0.3272,0.3720,0.3484,0.3148,0.3172,0.3596,0.3212,0.3592,0.3408,0.3492,0.3540,0.3252,0.3600,0.2960,0.3004,0.3748,0.3104,0.3632,0.3276,0.3648,,0.2484,0.3868,0.3342,0.0281
113,0.3512,0.3428,0.3308,0.2644,0.3636,0.2912,0.3972,0.3732,0.2752,0.3364,0.3868,0.3664,0.2968,0.3444,0.3220,0.3516,0.3432,0.3664,0.3912,0.3020,0.3192,0.3360,0.3336,0.3560,0.3432,0.3432,0.2968,0.2824,0.3520,0.3028,0.3048,0.3576,0.3168,0.3200,0.3624,0.3496,0.2964,0.3876,0.3340,0.3296,0.3212,0.3376,0.3772,0.3268,0.2892,0.3548,0.3064,0.3620,0.3452,0.3520,,0.2644,0.3972,0.3359,0.0313
114,0.3656,0.3660,0.3188,0.3076,0.3648,0.3032,0.3796,0.3804,0.2812,0.3492,0.3616,0.3480,0.3008,0.3112,0.3416,0.3308,0.3352,0.3504,0.3984,0.3068,0.3128,0.3564,0.3280,0.3536,0.3824,0.3904,0.3056,0.2808,0.3500,0.3192,0.2972,0.3316,0.2992,0.3204,0.3976,0.3240,0.2904,0.3908,0.3144,0.3260,0.2992,0.3244,0.3804,0.3676,0.3080,0.3084,0.3080,0.3468,0.3520,0.3372,,0.2808,0.3984,0.3361,0.0320
115,0.3620,0.3716,0.3152,0.3624,0.3504,0.3336,0.3524,0.3584,0.3208,0.3556,0.3184,0.3332,0.3208,0.2748,0.3476,0.3140,0.3224,0.3404,0.3756,0.3296,0.3056,0.3868,0.3324,0.3428,0.4004,0.4112,0.3196,0.2932,0.3356,0.3416,0.3096,0.3148,0.2912,0.3252,0.4116,0.2992,0.3044,0.3800,0.2912,0.3252,0.2964,0.3180,0.3432,0.3940,0.3440,0.2804,0.3212,0.3324,0.3432,0.3180,,0.2748,0.4116,0.3354,0.0324
116,0.3432,0.3536,0.3160,0.4016,0.3404,0.3608,0.3140,0.3244,0.3668,0.3580,0.2816,0.3232,0.3408,0.2812,0.3472,0.3248,0.3192,0.3260,0.3276,0.3408,0.3168,0.3844,0.3288,0.3296,0.3868,0.3904,0.3300,0.3308,0.3300,0.3712,0.3320,0.3060,0.3216,0.3208,0.3972,0.3012,0.3352,0.3280,0.2964,0.3348,0.3088,0.3228,0.3152,0.3916,0.3564,0.2772,0.3420,0.3164,0.3340,0.2988,,0.2772,0.4016,0.3345,0.0294
117,0.3192,0.3276,0.3236,0.4172,0.3108,0.3768,0.2944,0.3016,0.3812,0.3488,0.2748,0.3228,0.3480,0.3140,0.3392,0.3296,0.3140,0.3060,0.2928,0.3512,0.3344,0.3584,0.3308,0.3244,0.3276,0.3320,0.3428,0.3764,0.3280,0.3900,0.3564,0.3036,0.3516,0.3412,0.3352,0.3208,0.3624,0.2784,0.3300,0.3444,0.3316,0.3492,0.2896,0.3516,0.3608,0.3036,0.3584,0.3036,0.3332,0.2936,,0.2748,0.4172,0.3328,0.0290
118,0.3072,0.3028,0.3416,0.3892,0.2976,0.3684,0.2800,0.2952,0.3796,0.3352,0.2948,0.3120,0.3576,0.3428,0.3404,0.3288,0.3244,0.2896,0.2728,0.3440,0.3528,0.3112,0.3272,0.3172,0.2848,0.2784,0.3652,0.4012,0.3276,0.3756,0.3632,0.3108,0.3608,0.3600,0.2712,0.3408,0.3744,0.2596,0.3680,0.3556,0.3520,0.3568,0.2968,0.3100,0.3552,0.3412,0.3684,0.3044,0.3292,0.3172,,0.2596,0.4012,0.3308,0.0341
119,0.3132,0.3036,0.3536,0.3340,0.2956,0.3472,0.2888,0.3036,0.3580,0.3060,0.3316,0.3068,0.3624,0.3744,0.3308,0.3244,0.3376,0.3076,0.2812,0.3360,0.3640,0.2784,0.3376,0.3144,0.2712,0.2664,0.3732,0.3868,0.3176,0.3228,0.3632,0.3336,0.3636,0.3592,0.2404,0.3504,0.3684,0.2856,0.3696,0.3472,0.3720,0.3396,0.3072,0.2816,0.3532,0.3648,0.3516,0.3216,0.3208,0.3488,,0.2404,0.3868,0.3294,0.0334
120,0.3184,0.3064,0.3576,0.2752,0.3212,0.3184,0.3260,0.3204,0.3376,0.2996,0.3636,0.3256,0.3512,0.3748,0.3192,0.3392,0.3508,0.3436,0.3088,0.3072,0.3528,0.2792,0.3412,0.3220,0.2900,0.2776,0.3516,0.3428,0.3208,0.2868,0.3464,0.3616,0.3496,0.3384,0.2672,0.3560,0.3472,0.3324,0.3556,0.3240,0.3700,0.3264,0.3276,0.2808,0.3280,0.3844,0.3336,0.3496,0.3148,0.3692,,0.2672,0.3844,0.3298,0.0278
121,0.3320,0.3256,0.3420,0.2484,0.3476,0.2976,0.3672,0.3564,0.2996,0.3108,0.3868,0.3512,0.3216,0.3824,0.3120,0.3540,0.3532,0.3700,0.3516,0.2848,0.3416,0.2956,0.3404,0.3400,0.3136,0.3104,0.3152,0.3056,0.3368,0.2812,0.3272,0.3712,0.3508,0.3148,0.3172,0.3608,0.3212,0.3648,0.3408,0.3048,0.3508,0.3252,0.3576,0.2960,0.2968,0.3744,0.3104,0.3632,0.3276,0.3656,,0.2484,0.3868,0.3323,0.0294
122,0.3448,0.3428,0.3296,0.2644,0.3596,0.2932,0.3972,0.3796,0.2752,0.3352,0.3868,0.3664,0.2968,0.3444,0.3220,0.3472,0.3432,0.3664,0.3912,0.2660,0.3192,0.3316,0.3336,0.3560,0.3412,0.3432,0.2968,0.2824,0.3536,0.3040,0.3048,0.3588,0.3196,0.3200,0.3624,0.3504,0.2964,0.3912,0.3340,0.2996,0.3180,0.3376,0.3756,0.3268,0.2860,0.3552,0.3064,0.3620,0.3452,0.3520,,0.2644,0.3972,0.3343,0.0330
123,0.3636,0.3660,0.3176,0.3076,0.3652,0.3056,0.3804,0.3748,0.2812,0.3456,0.3616,0.3492,0.3008,0.3112,0.3416,0.3272,0.3352,0.3504,0.3984,0.2748,0.3128,0.3604,0.3280,0.3536,0.3816,0.3904,0.3056,0.2808,0.3520,0.3200,0.2972,0.3332,0.3016,0.3204,0.3976,0.3256,0.2904,0.3916,0.3144,0.3108,0.2952,0.3244,0.3804,0.3676,0.3080,0.3112,0.3080,0.3468,0.3520,0.3368,,0.2748,0.3984,0.3351,0.0330
124,0.3600,0.3716,0.3140,0.3624,0.3504,0.3348,0.3540,0.3384,0.3208,0.3500,0.3184,0.3364,0.3208,0.2748,0.3476,0.3128,0.3224,0.3404,0.3756,0.2968,0.3056,0.3952,0.3324,0.3428,0.3996,0.4112,0.3196,0.2932,0.3368,0.3428,0.3096,0.3164,0.2940,0.3252,0.4116,0.2996,0.3044,0.3764,0.2912,0.3252,0.2940,0.3180,0.3436,0.3940,0.3444,0.2840,0.3212,0.3324,0.3432,0.3180,,0.2748,0.4116,0.3346,0.0326
125,0.3408,0.3536,0.3156,0.4016,0.3408,0.3616,0.3140,0.3136,0.3668,0.3528,0.2816,0.3268,0.3408,0.2812,0.3472,0.3240,0.3192,0.3260,0.3276,0.3184,0.3168,0.3984,0.3288,0.3296,0.3856,0.3904,0.3300,0.3308,0.3304,0.3744,0.3320,0.3076,0.3204,0.3208,0.3972,0.3000,0.3352,0.3240,0.2964,0.3420,0.3068,0.3228,0.3160,0.3916,0.3576,0.2804,0.3420,0.3164,0.3340,0.2992,,0.2804,0.4016,0.3342,0.0300
126,0.3100,0.3276,0.3236,0.4172,0.3140,0.3784,0.2944,0.3032,0.3812,0.3412,0.2748,0.3264,0.3480,0.3140,0.3392,0.3300,0.3140,0.3060,0.2928,0.3368,0.3344,0.3780,0.3308,0.3244,0.3276,0.3320,0.3428,0.3764,0.3292,0.3940,0.3564,0.3052,0.3520,0.3412,0.3352,0.3200,0.3624,0.2780,0.3300,0.3540,0.3308,0.3492,0.2916,0.3516,0.3640,0.3072,0.3584,0.3036,0.3332,0.2936,,0.2748,0.4172,0.3332,0.0296
127,0.3028,0.3028,0.3428,0.3892,0.3020,0.3688,0.2804,0.3024,0.3796,0.3200,0.2948,0.3156,0.3576,0.3428,0.3404,0.3320,0.3244,0.2896,0.2728,0.3388,0.3528,0.3308,0.3272,0.3172,0.2860,0.2784,0.3652,0.4012,0.3276,0.3772,0.3632,0.3124,0.3584,0.3600,0.2712,0.3400,0.3744,0.2612,0.3680,0.3604,0.3528,0.3568,0.2960,0.3100,0.3592,0.3452,0.3684,0.3044,0.3292,0.3164,,0.2612,0.4012,0.3314,0.0339
128,0.3052,0.3036,0.3544,0.3340,0.3000,0.3460,0.2888,0.3140,0.3580,0.2904,0.3316,0.3104,0.3624,0.3744,0.3308,0.3280,0.3376,0.3076,0.2812,0.3396,0.3640,0.2940,0.3376,0.3144,0.2720,0.2664,0.3732,0.3868,0.3164,0.3248,0.3632,0.3336,0.3604,0.3592,0.2404,0.3484,0.3684,0.2872,0.3696,0.3516,0.3732,0.3396,0.3052,0.2816,0.3576,0.3676,0.3516,0.3216,0.3208,0.3492,,0.2404,0.3868,0.3300,0.0332
129,0.3132,0.3064,0.3588,0.2752,0.3240,0.3176,0.3252,0.3348,0.3376,0.2852,0.3636,0.3280,0.3512,0.3748,0.3192,0.3432,0.3508,0.3436,0.3088,0.3224,0.3528,0.2888,0.3412,0.3220,0.2908,0.2776,0.3516,0.3428,0.3200,0.2900,0.3464,0.3616,0.3488,0.3384,0.2672,0.3536,0.3472,0.3356,0.3556,0.3308,0.3732,0.3264,0.3268,0.2808,0.3312,0.3852,0.3336,0.3496,0.3148,0.3696,,0.2672,0.3852,0.3308,0.0277
130,0.3252,0.3256,0.3444,0.2484,0.3520,0.2968,0.3660,0.3616,0.2996,0.3016,0.3868,0.3516,0.3216,0.3824,0.3120,0.3584,0.3532,0.3700,0.3516,0.3148,0.3416,0.2976,0.3404,0.3400,0.3156,0.3104,0.3152,0.3056,0.3356,0.2816,0.3272,0.3712,0.3488,0.3148,0.3172,0.3596,0.3212,0.3660,0.3408,0.3128,0.3540,0.3252,0.3600,0.2960,0.3004,0.3748,0.3104,0.3632,0.3276,0.3648,,0.2484,0.3868,0.3333,0.0289
131,0.3432,0.3428,0.3308,0.2644,0.3636,0.2912,0.3972,0.3696,0.2752,0.3244,0.3868,0.3664,0.2968,0.3444,0.3220,0.3516,0.3432,0.3664,0.3912,0.3080,0.3192,0.3328,0.3336,0.3560,0.3432,0.3432,0.2968,0.2824,0.3520,0.3028,0.3048,0.3588,0.3176,0.3200,0.3624,0.3496,0.2964,0.3888,0.3340,0.3064,0.3212,0.3376,0.3780,0.3268,0.2892,0.3548,0.3064,0.3620,0.3452,0.3520,,0.2644,0.3972,0.3351,0.0314
132,0.3580,0.3660,0.3188,0.3076,0.3648,0.3032,0.3796,0.3572,0.2812,0.3352,0.3616,0.3480,0.3008,0.3112,0.3416,0.3308,0.3352,0.3504,0.3984,0.3236,0.3128,0.3544,0.3280,0.3536,0.3824,0.3904,0.3056,0.2808,0.3500,0.3192,0.2972,0.3332,0.2988,0.3204,0.3976,0.3240,0.2904,0.3848,0.3144,0.3152,0.2992,0.3244,0.3824,0.3676,0.3080,0.3084,0.3080,0.3468,0.3520,0.3372,,0.2808,0.3984,0.3352,0.0311
133,0.3484,0.3716,0.3152,0.3624,0.3504,0.3336,0.3524,0.3308,0.3208,0.3376,0.3184,0.3332,0.3208,0.2748,0.3476,0.3140,0.3224,0.3404,0.3756,0.3412,0.3056,0.3780,0.3324,0.3428,0.4004,0.4112,0.3196,0.2932,0.3356,0.3416,0.3096,0.3164,0.2912,0.3252,0.4116,0.2992,0.3044,0.3712,0.2912,0.3268,0.2964,0.3180,0.3468,0.3940,0.3440,0.2804,0.3212,0.3324,0.3432,0.3180,,0.2748,0.4116,0.3343,0.0314
134,0.3364,0.3536,0.3160,0.4016,0.3404,0.3608,0.3140,0.3104,0.3668,0.3376,0.2816,0.3232,0.3408,0.2812,0.3472,0.3248,0.3192,0.3260,0.3276,0.3480,0.3168,0.3760,0.3288,0.3296,0.3868,0.3904,0.3300,0.3308,0.3300,0.3712,0.3320,0.3076,0.3188,0.3208,0.3972,0.3012,0.3352,0.3228,0.2964,0.3420,0.3088,0.3228,0.3192,0.3916,0.3564,0.2772,0.3420,0.3164,0.3340,0.2988,,0.2772,0.4016,0.3338,0.0291
135,0.3160,0.3276,0.3236,0.4172,0.3108,0.3768,0.2944,0.3076,0.3812,0.3304,0.2748,0.3228,0.3480,0.3140,0.3392,0.3296,0.3140,0.3060,0.2928,0.3484,0.3344,0.3568,0.3308,0.3244,0.3276,0.3320,0.3428,0.3764,0.3280,0.3900,0.3564,0.3052,0.3476,0.3412,0.3352,0.3208,0.3624,0.2788,0.3300,0.3540,0.3316,0.3492,0.2920,0.3516,0.3608,0.3036,0.3584,0.3036,0.3332,0.2936,,0.2748,0.4172,0.3326,0.0287
136,0.3048,0.3028,0.3416,0.3892,0.2976,0.3684,0.2800,0.3132,0.3796,0.3252,0.2948,0.3120,0.3576,0.3428,0.3404,0.3288,0.3244,0.2896,0.2728,0.3372,0.3528,0.3264,0.3272,0.3172,0.2848,0.2784,0.3652,0.4012,0.3276,0.3756,0.3632,0.3124,0.3556,0.3600,0.2712,0.3408,0.3744,0.2640,0.3680,0.3604,0.3520,0.3568,0.2948,0.3100,0.3552,0.3412,0.3684,0.3044,0.3292,0.3172,,0.2640,0.4012,0.3312,0.0336
137,0.3084,0.3036,0.3536,0.3340,0.2956,0.3472,0.2888,0.3228,0.3580,0.3184,0.3316,0.3068,0.3624,0.3744,0.3308,0.3244,0.3376,0.3076,0.2812,0.3380,0.3640,0.2972,0.3376,0.3144,0.2712,0.2664,0.3732,0.3868,0.3176,0.3228,0.3632,0.3336,0.3600,0.3592,0.2404,0.3504,0.3684,0.2928,0.3696,0.3516,0.3720,0.3396,0.3044,0.2816,0.3532,0.3648,0.3516,0.3216,0.3208,0.3488,,0.2404,0.3868,0.3305,0.0324
138,0.3196,0.3064,0.3576,0.2752,0.3212,0.3184,0.3260,0.3292,0.3376,0.3180,0.3636,0.3256,0.3512,0.3748,0.3192,0.3392,0.3508,0.3436,0.3088,0.3296,0.3528,0.2968,0.3412,0.3220,0.2900,0.2776,0.3516,0.3428,0.3208,0.2868,0.3464,0.3616,0.3452,0.3384,0.2672,0.3560,0.3472,0.3392,0.3556,0.3308,0.3700,0.3264,0.3260,0.2808,0.3280,0.3844,0.3336,0.3496,0.3148,0.3692,,0.2672,0.3844,0.3314,0.0266
139,0.3340,0.3256,0.3420,0.2484,0.3476,0.2976,0.3672,0.3452,0.2996,0.3256,0.3868,0.3512,0.3216,0.3824,0.3120,0.3540,0.3532,0.3700,0.3516,0.3252,0.3416,0.3024,0.3404,0.3400,0.3136,0.3104,0.3152,0.3056,0.3368,0.2812,0.3272,0.3712,0.3480,0.3148,0.3172,0.3608,0.3212,0.3660,0.3408,0.3128,0.3508,0.3252,0.3588,0.2960,0.2968,0.3744,0.3104,0.3632,0.3276,0.3656,,0.2484,0.3868,0.3335,0.0281
140,0.3492,0.3428,0.3296,0.2644,0.3596,0.2932,0.3972,0.3548,0.2752,0.3356,0.3868,0.3664,0.2968,0.3444,0.3220,0.3472,0.3432,0.3664,0.3912,0.3212,0.3192,0.3360,0.3336,0.3560,0.3412,0.3432,0.2968,0.2824,0.3536,0.3040,0.3048,0.3588,0.3232,0.3200,0.3624,0.3504,0.2964,0.3852,0.3340,0.3064,0.3180,0.3376,0.3772,0.3268,0.2860,0.3552,0.3064,0.3620,0.3452,0.3520,,0.2644,0.3972,0.3352,0.0307
141,0.3684,0.3660,0.3176,0.3076,0.3652,0.3056,0.3804,0.3492,0.2812,0.3456,0.3616,0.3492,0.3008,0.3112,0.3416,0.3272,0.3352,0.3504,0.3984,0.3320,0.3128,0.3596,0.3280,0.3536,0.3816,0.3904,0.3056,0.2808,0.3520,0.3200,0.2972,0.3332,0.3024,0.3204,0.3976,0.3256,0.2904,0.3828,0.3144,0.3152,0.2952,0.3244,0.3820,0.3676,0.3080,0.3112,0.3080,0.3468,0.3520,0.3368,,0.2808,0.3984,0.3358,0.0311
142,0.3636,0.3716,0.3140,0.3624,0.3504,0.3348,0.3540,0.3268,0.3208,0.3436,0.3184,0.3364,0.3208,0.2748,0.3476,0.3128,0.3224,0.3404,0.3756,0.3412,0.3056,0.3868,0.3324,0.3428,0.3996,0.4112,0.3196,0.2932,0.3368,0.3428,0.3096,0.3164,0.2884,0.3252,0.4116,0.2996,0.3044,0.3712,0.2912,0.3268,0.2940,0.3180,0.3452,0.3940,0.3444,0.2840,0.3212,0.3324,0.3432,0.3180,,0.2748,0.4116,0.3348,0.0319
143,0.3384,0.3536,0.3156,0.4016,0.3408,0.3616,0.3140,0.3124,0.3668,0.3424,0.2816,0.3268,0.3408,0.2812,0.3472,0.3240,0.3192,0.3260,0.3276,0.3464,0.3168,0.3860,0.3288,0.3296,0.3856,0.3904,0.3300,0.3308,0.3304,0.3744,0.3320,0.3076,0.3116,0.3208,0.3972,0.3000,0.3352,0.3244,0.2964,0.3420,0.3068,0.3228,0.3176,0.3916,0.3576,0.2804,0.3420,0.3164,0.3340,0.2992,,0.2804,0.4016,0.3341,0.0295
144,0.3176,0.3276,0.3236,0.4172,0.3140,0.3784,0.2944,0.3056,0.3812,0.3324,0.2748,0.3264,0.3480,0.3140,0.3392,0.3300,0.3140,0.3060,0.2928,0.3432,0.3344,0.3684,0.3308,0.3244,0.3276,0.3320,0.3428,0.3764,0.3292,0.3940,0.3564,0.3052,0.3448,0.3412,0.3352,0.3200,0.3624,0.2824,0.3300,0.3540,0.3308,0.3492,0.2916,0.3516,0.3640,0.3072,0.3584,0.3036,0.3332,0.2936,,0.2748,0.4172,0.3331,0.0289
145,0.3128,0.3028,0.3428,0.3892,0.3020,0.3688,0.2804,0.3116,0.3796,0.3288,0.2948,0.3156,0.3576,0.3428,0.3404,0.3320,0.3244,0.2896,0.2728,0.3320,0.3528,0.3324,0.3272,0.3172,0.2860,0.2784,0.3652,0.4012,0.3276,0.3772,0.3632,0.3124,0.3572,0.3600,0.2712,0.3400,0.3744,0.2684,0.3680,0.3604,0.3528,0.3568,0.2944,0.3100,0.3592,0.3452,0.3684,0.3044,0.3292,0.3164,,0.2684,0.4012,0.3320,0.0333
146,0.3236,0.3036,0.3544,0.3340,0.3000,0.3460,0.2888,0.3188,0.3580,0.3228,0.3316,0.3104,0.3624,0.3744,0.3308,0.3280,0.3376,0.3076,0.2812,0.3300,0.3640,0.2940,0.3376,0.3144,0.2720,0.2664,0.3732,0.3868,0.3164,0.3248,0.3632,0.3336,0.3680,0.3592,0.2404,0.3484,0.3684,0.2940,0.3696,0.3516,0.3732,0.3396,0.3036,0.2816,0.3576,0.3676,0.3516,0.3216,0.3208,0.3492,,0.2404,0.3868,0.3311,0.0325
147,0.3344,0.3064,0.3588,0.2752,0.3240,0.3176,0.3252,0.3316,0.3376,0.3240,0.3636,0.3280,0.3512,0.3748,0.3192,0.3432,0.3508,0.3436,0.3088,0.3216,0.3528,0.2900,0.3412,0.3220,0.2908,0.2776,0.3516,0.3428,0.3200,0.2900,0.3464,0.3616,0.3576,0.3384,0.2672,0.3536,0.3472,0.3368,0.3556,0.3308,0.3732,0.3264,0.3260,0.2808,0.3312,0.3852,0.3336,0.3496,0.3148,0.3696,,0.2672,0.3852,0.3321,0.0270
148,0.3516,0.3256,0.3444,0.2484,0.3520,0.2968,0.3660,0.3520,0.2996,0.3312,0.3868,0.3516,0.3216,0.3824,0.3120,0.3584,0.3532,0.3700,0.3516,0.3224,0.3416,0.3036,0.3404,0.3400,0.3156,0.3104,0.3152,0.3056,0.3356,0.2816,0.3272,0.3712,0.3628,0.3148,0.3172,0.3596,0.3212,0.3600,0.3408,0.3128,0.3540,0.3252,0.3600,0.2960,0.3004,0.3748,0.3104,0.3632,0.3276,0.3648,,0.2484,0.3868,0.3346,0.0283
149,0.3664,0.3428,0.3308,0.2644,0.3636,0.2912,0.3972,0.3632,0.2752,0.3392,0.3868,0.3664,0.2968,0.3444,0.3220,0.3516,0.3432,0.3664,0.3912,0.3200,0.3192,0.3404,0.3336,0.3560,0.3432,0.3432,0.2968,0.2824,0.3520,0.3028,0.3048,0.3588,0.3320,0.3200,0.3624,0.3496,0.2964,0.3800,0.3340,0.3064,0.3212,0.3376,0.3780,0.3268,0.2892,0.3548,0.3064,0.3620,0.3452,0.3520,,0.2644,0.3972,0.3362,0.0310
150,0.3736,0.3660,0.3188,0.3076,0.3648,0.3032,0.3796,0.3580,0.2812,0.3496,0.3616,0.3480,0.3008,0.3112,0.3416,0.3308,0.3352,0.3504,0.3984,0.3328,0.3128,0.3584,0.3280,0.3536,0.3824,0.3904,0.3056,0.2808,0.3500,0.3192,0.2972,0.3332,0.3076,0.3204,0.3976,0.3240,0.2904,0.3796,0.3144,0.3152,0.2992,0.3244,0.3824,0.3676,0.3080,0.3084,0.3080,0.3468,0.3520,0.3372,,0.2808,0.3984,0.3362,0.0311
151,0.3552,0.3716,0.3152,0.3624,0.3504,0.3336,0.3524,0.3344,0.3208,0.3456,0.3184,0.3332,0.3208,0.2748,0.3476,0.3140,0.3224,0.3404,0.3756,0.3404,0.3056,0.3748,0.3324,0.3428,0.4004,0.4112,0.3196,0.2932,0.3356,0.3416,0.3096,0.3164,0.2900,0.3252,0.4116,0.2992,0.3044,0.3716,0.2912,0.3268,0.2964,0.3180,0.3468,0.3940,0.3440,0.2804,0.3212,0.3324,0.3432,0.3180,,0.2748,0.4116,0.3345,0.0315
152,0.3300,0.3536,0.3160,0.4016,0.3404,0.3608,0.3140,0.3200,0.3668,0.3416,0.2816,0.3232,0.3408,0.2812,0.3472,0.3248,0.3192,0.3260,0.3276,0.3440,0.3168,0.3652,0.3288,0.3296,0.3868,0.3904,0.3300,0.3308,0.3300,0.3712,0.3320,0.3076,0.3116,0.3208,0.3972,0.3012,0.3352,0.3272,0.2964,0.3420,0.3088,0.3228,0.3192,0.3916,0.3564,0.2772,0.3420,0.3164,0.3340,0.2988,,0.2772,0.4016,0.3336,0.0287
153,0.3128,0.3276,0.3236,0.4172,0.3108,0.3768,0.2944,0.3124,0.3812,0.3304,0.2748,0.3228,0.3480,0.3140,0.3392,0.3296,0.3140,0.3060,0.2928,0.3428,0.3344,0.3452,0.3308,0.3244,0.3276,0.3320,0.3428,0.3764,0.3280,0.3900,0.3564,0.3052,0.3428,0.3412,0.3352,0.3208,0.3624,0.2860,0.3300,0.3540,0.3316,0.3492,0.2920,0.3516,0.3608,0.3036,0.3584,0.3036,0.3332,0.2936,,0.2748,0.4172,0.3323,0.0282
154,0.3120,0.3028,0.3416,0.3892,0.2976,0.3684,0.2800,0.3164,0.3796,0.3252,0.2948,0.3120,0.3576,0.3428,0.3404,0.3288,0.3244,0.2896,0.2728,0.3340,0.3528,0.3100,0.3272,0.3172,0.2848,0.2784,0.3652,0.4012,0.3276,0.3756,0.3632,0.3124,0.3484,0.3600,0.2712,0.3408,0.3744,0.2708,0.3680,0.3604,0.3520,0.3568,0.2948,0.3100,0.3552,0.3412,0.3684,0.3044,0.3292,0.3172,,0.2708,0.4012,0.3310,0.0332
155,0.3260,0.3036,0.3536,0.3340,0.2956,0.3472,0.2888,0.3168,0.3580,0.3184,0.3316,0.3068,0.3624,0.3744,0.3308,0.3244,0.3376,0.3076,0.2812,0.3352,0.3640,0.2904,0.3376,0.3144,0.2712,0.2664,0.3732,0.3868,0.3176,0.3228,0.3632,0.3336,0.3564,0.3592,0.2404,0.3504,0.3684,0.2940,0.3696,0.3516,0.3720,0.3396,0.3044,0.2816,0.3532,0.3648,0.3516,0.3216,0.3208,0.3488,,0.2404,0.3868,0.3305,0.0324
156,0.3320,0.3064,0.3576,0.2752,0.3212,0.3184,0.3260,0.3296,0.3376,0.3180,0.3636,0.3256,0.3512,0.3748,0.3192,0.3392,0.3508,0.3436,0.3088,0.3304,0.3528,0.3008,0.3412,0.3220,0.2900,0.2776,0.3516,0.3428,0.3208,0.2868,0.3464,0.3616,0.3472,0.3384,0.2672,0.3560,0.3472,0.3332,0.3556,0.3308,0.3700,0.3264,0.3260,0.2808,0.3280,0.3844,0.3336,0.3496,0.3148,0.3692,,0.2672,0.3844,0.3316,0.0265
157,0.3480,0.3256,0.3420,0.2484,0.3476,0.2976,0.3672,0.3504,0.2996,0.3256,0.3868,0.3512,0.3216,0.3824,0.3120,0.3540,0.3532,0.3700,0.3516,0.3368,0.3416,0.3252,0.3404,0.3400,0.3136,0.3104,0.3152,0.3056,0.3368,0.2812,0.3272,0.3712,0.3580,0.3148,0.3172,0.3608,0.3212,0.3572,0.3408,0.3128,0.3508,0.3252,0.3588,0.2960,0.2968,0.3744,0.3104,0.3632,0.3276,0.3656,,0.2484,0.3868,0.3346,0.0278
158,0.3592,0.3428,0.3296,0.2644,0.3596,0.2932,0.3972,0.3648,0.2752,0.3356,0.3868,0.3664,0.2968,0.3444,0.3220,0.3472,0.3432,0.3664,0.3912,0.3332,0.3192,0.3548,0.3336,0.3560,0.3412,0.3432,0.2968,0.2824,0.3536,0.3040,0.3048,0.3588,0.3268,0.3200,0.3624,0.3504,0.2964,0.3800,0.3340,0.3064,0.3180,0.3376,0.3772,0.3268,0.2860,0.3552,0.3064,0.3620,0.3452,0.3520,,0.2644,0.3972,0.3362,0.0309
159,0.3596,0.3660,0.3176,0.3076,0.3652,0.3056,0.3804,0.3596,0.2812,0.3456,0.3616,0.3492,0.3008,0.3112,0.3416,0.3272,0.3352,0.3504,0.3984,0.3380,0.3128,0.3584,0.3280,0.3536,0.3816,0.3904,0.3056,0.2808,0.3520,0.3200,0.2972,0.3332,0.3056,0.3204,0.3976,0.3256,0.2904,0.3832,0.3144,0.3152,0.2952,0.3244,0.3820,0.3676,0.3080,0.3112,0.3080,0.3468,0.3520,0.3368,,0.2808,0.3984,0.3360,0.0310
160,0.3404,0.3716,0.3140,0.3624,0.3504,0.3348,0.3540,0.3352,0.3208,0.3436,0.3184,0.3364,0.3208,0.2748,0.3476,0.3128,0.3224,0.3404,0.3756,0.3380,0.3056,0.3640,0.3324,0.3428,0.3996,0.4112,0.3196,0.2932,0.3368,0.3428,0.3096,0.3164,0.2904,0.3252,0.4116,0.2996,0.3044,0.3756,0.2912,0.3268,0.2940,0.3180,0.3452,0.3940,0.3444,0.2840,0.3212,0.3324,0.3432,0.3180,,0.2748,0.4116,0.3342,0.0311
161,0.3172,0.3536,0.3156,0.4016,0.3408,0.3616,0.3140,0.3200,0.3668,0.3424,0.2816,0.3268,0.3408,0.2812,0.3472,0.3240,0.3192,0.3260,0.3276,0.3424,0.3168,0.3468,0.3288,0.3296,0.3856,0.3904,0.3300,0.3308,0.3304,0.3744,0.3320,0.3076,0.3148,0.3208,0.3972,0.3000,0.3352,0.3316,0.2964,0.3420,0.3068,0.3228,0.3176,0.3916,0.3576,0.2804,0.3420,0.3164,0.3340,0.2992,,0.2804,0.4016,0.3332,0.0285
162,0.3104,0.3276,0.3236,0.4172,0.3140,0.3784,0.2944,0.3124,0.3812,0.3324,0.2748,0.3264,0.3480,0.3140,0.3392,0.3300,0.3140,0.3060,0.2928,0.3416,0.3344,0.3308,0.3308,0.3244,0.3276,0.3320,0.3428,0.3764,0.3292,0.3940,0.3564,0.3052,0.3408,0.3412,0.3352,0.3200,0.3624,0.2892,0.3300,0.3540,0.3308,0.3492,0.2916,0.3516,0.3640,0.3072,0.3584,0.3036,0.3332,0.2936,,0.2748,0.4172,0.3324,0.0282
163,0.3092,0.3028,0.3428,0.3892,0.3020,0.3688,0.2804,0.3124,0.3796,0.3288,0.2948,0.3156,0.3576,0.3428,0.3404,0.3320,0.3244,0.2896,0.2728,0.3352,0.3528,0.2992,0.3272,0.3172,0.2860,0.2784,0.3652,0.4012,0.3276,0.3772,0.3632,0.3124,0.3428,0.3600,0.2712,0.3400,0.3744,0.2696,0.3680,0.3604,0.3528,0.3568,0.2944,0.3100,0.3592,0.3452,0.3684,0.3044,0.3292,0.3164,,0.2696,0.4012,0.3310,0.0335
164,0.3172,0.3036,0.3544,0.3340,0.3000,0.3460,0.2888,0.3116,0.3580,0.3228,0.3316,0.3104,0.3624,0.3744,0.3308,0.3280,0.3376,0.3076,0.2812,0.3324,0.3640,0.2860,0.3376,0.3144,0.2720,0.2664,0.3732,0.3868,0.3164,0.3248,0.3632,0.3336,0.3500,0.3592,0.2404,0.3484,0.3684,0.2880,0.3696,0.3516,0.3732,0.3396,0.3036,0.2816,0.3576,0.3676,0.3516,0.3216,0.3208,0.3492,,0.2404,0.3868,0.3303,0.0326
165,0.3320,0.3064,0.3588,0.2752,0.3240,0.3176,0.3252,0.3244,0.3376,0.3240,0.3636,0.3280,0.3512,0.3748,0.3192,0.3432,0.3508,0.3436,0.3088,0.3288,0.3528,0.3060,0.3412,0.3220,0.2908,0.2776,0.3516,0.3428,0.3200,0.2900,0.3464,0.3616,0.3496,0.3384,0.2672,0.3536,0.3472,0.3280,0.3556,0.3308,0.3732,0.3264,0.3260,0.2808,0.3312,0.3852,0.3336,0.3496,0.3148,0.3696,,0.2672,0.3852,0.3320,0.0264
166,0.3520,0.3256,0.3444,0.2484,0.3520,0.2968,0.3660,0.3504,0.2996,0.3312,0.3868,0.3516,0.3216,0.3824,0.3120,0.3584,0.3532,0.3700,0.3516,0.3316,0.3416,0.3376,0.3404,0.3400,0.3156,0.3104,0.3152,0.3056,0.3356,0.2816,0.3272,0.3712,0.3636,0.3148,0.3172,0.3596,0.3212,0.3548,0.3408,0.3128,0.3540,0.3252,0.3600,0.2960,0.3004,0.3748,0.3104,0.3632,0.3276,0.3648,,0.2484,0.3868,0.3354,0.0279
167,0.3644,0.3428,0.3308,0.2644,0.3636,0.2912,0.3972,0.3668,0.2752,0.3392,0.3868,0.3664,0.2968,0.3444,0.3220,0.3516,0.3432,0.3664,0.3912,0.3280,0.3192,0.3628,0.3336,0.3560,0.3432,0.3432,0.2968,0.2824,0.3520,0.3028,0.3048,0.3588,0.3352,0.3200,0.3624,0.3496,0.2964,0.3804,0.3340,0.3064,0.3212,0.3376,0.3780,0.3268,0.2892,0.3548,0.3064,0.3620,0.3452,0.3520,,0.2644,0.3972,0.3369,0.0312
168,0.3624,0.3660,0.3188,0.3076,0.3648,0.3032,0.3796,0.3616,0.2812,0.3496,0.3616,0.3480,0.3008,0.3112,0.3416,0.3308,0.3352,0.3504,0.3984,0.3288,0.3128,0.3628,0.3280,0.3536,0.3824,0.3904,0.3056,0.2808,0.3500,0.3192,0.2972,0.3332,0.3152,0.3204,0.3976,0.3240,0.2904,0.3840,0.3144,0.3152,0.2992,0.3244,0.3824,0.3676,0.3080,0.3084,0.3080,0.3468,0.3520,0.3372,,0.2808,0.3984,0.3363,0.0310
169,0.3336,0.3716,0.3152,0.3624,0.3504,0.3336,0.3524,0.3380,0.3208,0.3456,0.3184,0.3332,0.3208,0.2748,0.3476,0.3140,0.3224,0.3404,0.3756,0.3304,0.3056,0.3668,0.3324,0.3428,0.4004,0.4112,0.3196,0.2932,0.3356,0.3416,0.3096,0.3164,0.2992,0.3252,0.4116,0.2992,0.3044,0.3788,0.2912,0.3268,0.2964,0.3180,0.3468,0.3940,0.3440,0.2804,0.3212,0.3324,0.3432,0.3180,,0.2748,0.4116,0.3341,0.0311
170,0.3004,0.3536,0.3160,0.4016,0.3404,0.3608,0.3140,0.3236,0.3668,0.3416,0.2816,0.3232,0.3408,0.2812,0.3472,0.3248,0.3192,0.3260,0.3276,0.3392,0.3168,0.3552,0.3288,0.3296,0.3868,0.3904,0.3300,0.3308,0.3300,0.3712,0.3320,0.3076,0.3204,0.3208,0.3972,0.3012,0.3352,0.3340,0.2964,0.3420,0.3088,0.3228,0.3192,0.3916,0.3564,0.2772,0.3420,0.3164,0.3340,0.2988,,0.2772,0.4016,0.3331,0.0288
171,0.2864,0.3276,0.3236,0.4172,0.3108,0.3768,0.2944,0.3140,0.3812,0.3304,0.2748,0.3228,0.3480,0.3140,0.3392,0.3296,0.3140,0.3060,0.2928,0.3476,0.3344,0.3380,0.3308,0.3244,0.3276,0.3320,0.3428,0.3764,0.3280,0.3900,0.3564,0.3052,0.3388,0.3412,0.3352,0.3208,0.3624,0.2872,0.3300,0.3540,0.3316,0.3492,0.2920,0.3516,0.3608,0.3036,0.3584,0.3036,0.3332,0.2936,,0.2748,0.4172,0.3317,0.0287
172,0.2864,0.3028,0.3416,0.3892,0.2976,0.3684,0.2800,0.3108,0.3796,0.3252,0.2948,0.3120,0.3576,0.3428,0.3404,0.3288,0.3244,0.2896,0.2728,0.3440,0.3528,0.2996,0.3272,0.3172,0.2848,0.2784,0.3652,0.4012,0.3276,0.3756,0.3632,0.3124,0.3464,0.3600,0.2712,0.3408,0.3744,0.2648,0.3680,0.3604,0.3520,0.3568,0.2948,0.3100,0.3552,0.3412,0.3684,0.3044,0.3292,0.3172,,0.2648,0.4012,0.3302,0.0342
173,0.3036,0.3036,0.3536,0.3340,0.2956,0.3472,0.2888,0.3096,0.3580,0.3184,0.3316,0.3068,0.3624,0.3744,0.3308,0.3244,0.3376,0.3076,0.2812,0.3332,0.3640,0.2860,0.3376,0.3144,0.2712,0.2664,0.3732,0.3868,0.3176,0.3228,0.3632,0.3336,0.3592,0.3592,0.2404,0.3504,0.3684,0.2852,0.3696,0.3516,0.3720,0.3396,0.3044,0.2816,0.3532,0.3648,0.3516,0.3216,0.3208,0.3488,,0.2404,0.3868,0.3296,0.0331
174,0.3184,0.3064,0.3576,0.2752,0.3212,0.3184,0.3260,0.3244,0.3376,0.3180,0.3636,0.3256,0.3512,0.3748,0.3192,0.3392,0.3508,0.3436,0.3088,0.3232,0.3528,0.3052,0.3412,0.3220,0.2900,0.2776,0.3516,0.3428,0.3208,0.2868,0.3464,0.3616,0.3568,0.3384,0.2672,0.3560,0.3472,0.3280,0.3556,0.3308,0.3700,0.3264,0.3260,0.2808,0.3280,0.3844,0.3336,0.3496,0.3148,0.3692,,0.2672,0.3844,0.3313,0.0267
175,0.3416,0.3256,0.3420,0.2484,0.3476,0.2976,0.3672,0.3524,0.2996,0.3256,0.3868,0.3512,0.3216,0.3824,0.3120,0.3540,0.3532,0.3700,0.3516,0.3224,0.3416,0.3388,0.3404,0.3400,0.3136,0.3104,0.3152,0.3056,0.3368,0.2812,0.3272,0.3712,0.3676,0.3148,0.3172,0.3608,0.3212,0.3576,0.3408,0.3128,0.3508,0.3252,0.3588,0.2960,0.2968,0.3744,0.3104,0.3632,0.3276,0.3656,,0.2484,0.3868,0.3347,0.0280
176,0.3596,0.3428,0.3296,0.2644,0.3596,0.2932,0.3972,0.3684,0.2752,0.3356,0.3868,0.3664,0.2968,0.3444,0.3220,0.3472,0.3432,0.3664,0.3912,0.3164,0.3192,0.3604,0.3336,0.3560,0.3412,0.3432,0.2968,0.2824,0.3536,0.3040,0.3048,0.3588,0.3388,0.3200,0.3624,0.3504,0.2964,0.3844,0.3340,0.3064,0.3180,0.3376,0.3772,0.3268,0.2860,0.3552,0.3064,0.3620,0.3452,0.3520,,0.2644,0.3972,0.3364,0.0313
177,0.3692,0.3660,0.3176,0.3076,0.3652,0.3056,0.3804,0.3632,0.2812,0.3456,0.3616,0.3492,0.3008,0.3112,0.3416,0.3272,0.3352,0.3504,0.3984,0.3192,0.3128,0.3584,0.3280,0.3536,0.3816,0.3904,0.3056,0.2808,0.3520,0.3200,0.2972,0.3332,0.3112,0.3204,0.3976,0.3256,0.2904,0.3904,0.3144,0.3152,0.2952,0.3244,0.3820,0.3676,0.3080,0.3112,0.3080,0.3468,0.3520,0.3368,,0.2808,0.3984,0.3361,0.0315
178,0.3464,0.3716,0.3140,0.3624,0.3504,0.3348,0.3540,0.3392,0.3208,0.3436,0.3184,0.3364,0.3208,0.2748,0.3476,0.3128,0.3224,0.3404,0.3756,0.3264,0.3056,0.3664,0.3324,0.3428,0.3996,0.4112,0.3196,0.2932,0.3368,0.3428,0.3096,0.3164,0.2936,0.3252,0.4116,0.2996,0.3044,0.3824,0.2912,0.3268,0.2940,0.3180,0.3452,0.3940,0.3444,0.2840,0.3212,0.3324,0.3432,0.3180,,0.2748,0.4116,0.3344,0.0313
179,0.3148,0.3536,0.3156,0.4016,0.3408,0.3616,0.3140,0.3236,0.3668,0.3424,0.2816,0.3268,0.3408,0.2812,0.3472,0.3240,0.3192,0.3260,0.3276,0.3388,0.3168,0.3592,0.3288,0.3296,0.3856,0.3904,0.3300,0.3308,0.3304,0.3744,0.3320,0.3076,0.3172,0.3208,0.3972,0.3000,0.3352,0.3328,0.2964,0.3420,0.3068,0.3228,0.3176,0.3916,0.3576,0.2804,0.3420,0.3164,0.3340,0.2992,,0.2804,0.4016,0.3335,0.0286
180,0.2896,0.3276,0.3236,0.4172,0.3140,0.3784,0.2944,0.3108,0.3812,0.3324,0.2748,0.3264,0.3480,0.3140,0.3392,0.3300,0.3140,0.3060,0.2928,0.3444,0.3344,0.3400,0.3308,0.3244,0.3276,0.3320,0.3428,0.3764,0.3292,0.3940,0.3564,0.3052,0.3416,0.3412,0.3352,0.3200,0.3624,0.2832,0.3300,0.3540,0.3308,0.3492,0.2916,0.3516,0.3640,0.3072,0.3584,0.3036,0.3332,0.2936,,0.2748,0.4172,0.3321,0.0289
181,0.2888,0.3028,0.3428,0.3892,0.3020,0.3688,0.2804,0.3012,0.3796,0.3288,0.2948,0.3156,0.3576,0.3428,0.3404,0.3320,0.3244,0.2896,0.2728,0.3372,0.3528,0.3028,0.3272,0.3172,0.2860,0.2784,0.3652,0.4012,0.3276,0.3772,0.3632,0.3124,0.3488,0.3600,0.2712,0.3400,0.3744,0.2608,0.3680,0.3604,0.3528,0.3568,0.2944,0.3100,0.3592,0.3452,0.3684,0.3044,0.3292,0.3164,,0.2608,0.4012,0.3305,0.0344
182,0.3064,0.3036,0.3544,0.3340,0.3000,0.3460,0.2888,0.3024,0.3580,0.3228,0.3316,0.3104,0.3624,0.3744,0.3308,0.3280,0.3376,0.3076,0.2812,0.3316,0.3640,0.2852,0.3376,0.3144,0.2720,0.2664,0.3732,0.3868,0.3164,0.3248,0.3632,0.3336,0.3580,0.3592,0.2404,0.3484,0.3684,0.2828,0.3696,0.3516,0.3732,0.3396,0.3036,0.2816,0.3576,0.3676,0.3516,0.3216,0.3208,0.3492,,0.2404,0.3868,0.3299,0.0332
183,0.3228,0.3064,0.3588,0.2752,0.3240,0.3176,0.3252,0.3212,0.3376,0.3240,0.3636,0.3280,0.3512,0.3748,0.3192,0.3432,0.3508,0.3436,0.3088,0.3300,0.3528,0.3036,0.3412,0.3220,0.2908,0.2776,0.3516,0.3428,0.3200,0.2900,0.3464,0.3616,0.3540,0.3384,0.2672,0.3536,0.3472,0.3284,0.3556,0.3308,0.3732,0.3264,0.3260,0.2808,0.3312,0.3852,0.3336,0.3496,0.3148,0.3696,,0.2672,0.3852,0.3318,0.0266
184,0.3536,0.3256,0.3444,0.2484,0.3520,0.2968,0.3660,0.3556,0.2996,0.3312,0.3868,0.3516,0.3216,0.3824,0.3120,0.3584,0.3532,0.3700,0.3516,0.3300,0.3416,0.3280,0.3404,0.3400,0.3156,0.3104,0.3152,0.3056,0.3356,0.2816,0.3272,0.3712,0.3604,0.3148,0.3172,0.3596,0.3212,0.3592,0.3408,0.3128,0.3540,0.3252,0.3600,0.2960,0.3004,0.3748,0.3104,0.3632,0.3276,0.3648,,0.2484,0.3868,0.3353,0.0280
185,0.3752,0.3428,0.3308,0.2644,0.3636,0.2912,0.3972,0.3744,0.2752,0.3392,0.3868,0.3664,0.2968,0.3444,0.3220,0.3516,0.3432,0.3664,0.3912,0.3276,0.3192,0.3504,0.3336,0.3560,0.3432,0.3432,0.2968,0.2824,0.3520,0.3028,0.3048,0.3588,0.3232,0.3200,0.3624,0.3496,0.2964,0.3876,0.3340,0.3064,0.3212,0.3376,0.3780,0.3268,0.2892,0.3548,0.3064,0.3620,0.3452,0.3520,,0.2644,0.3972,0.3369,0.0317
186,0.3888,0.3660,0.3188,0.3076,0.3648,0.3032,0.3796,0.3744,0.2812,0.3496,0.3616,0.3480,0.3008,0.3112,0.3416,0.3308,0.3352,0.3504,0.3984,0.3272,0.3128,0.3536,0.3280,0.3536,0.3824,0.3904,0.3056,0.2808,0.3500,0.3192,0.2972,0.3332,0.3016,0.3204,0.3976,0.3240,0.2904,0.3904,0.3144,0.3152,0.2992,0.3244,0.3824,0.3676,0.3080,0.3084,0.3080,0.3468,0.3520,0.3372,,0.2808,0.3984,0.3367,0.0323
187,0.3672,0.3716,0.3152,0.3624,0.3504,0.3336,0.3524,0.3516,0.3208,0.3456,0.3184,0.3332,0.3208,0.2748,0.3476,0.3140,0.3224,0.3404,0.3756,0.3244,0.3056,0.3752,0.3324,0.3428,0.4004,0.4112,0.3196,0.2932,0.3356,0.3416,0.3096,0.3164,0.2852,0.3252,0.4116,0.2992,0.3044,0.3804,0.2912,0.3268,0.2964,0.3180,0.3468,0.3940,0.3440,0.2804,0.3212,0.3324,0.3432,0.3180,,0.2748,0.4116,0.3349,0.0322
188,0.3292,0.3536,0.3160,0.4016,0.3404,0.3608,0.3140,0.3276,0.3668,0.3416,0.2816,0.3232,0.3408,0.2812,0.3472,0.3248,0.3192,0.3260,0.3276,0.3292,0.3168,0.3676,0.3288,0.3296,0.3868,0.3904,0.3300,0.3308,0.3300,0.3712,0.3320,0.3076,0.3112,0.3208,0.3972,0.3012,0.3352,0.3284,0.2964,0.3420,0.3088,0.3228,0.3192,0.3916,0.3564,0.2772,0.3420,0.3164,0.3340,0.2988,,0.2772,0.4016,0.3335,0.0287
189,0.2984,0.3276,0.3236,0.4172,0.3108,0.3768,0.2944,0.3044,0.3812,0.3304,0.2748,0.3228,0.3480,0.3140,0.3392,0.3296,0.3140,0.3060,0.2928,0.3300,0.3344,0.3372,0.3308,0.3244,0.3276,0.3320,0.3428,0.3764,0.3280,0.3900,0.3564,0.3052,0.3348,0.3412,0.3352,0.3208,0.3624,0.2788,0.3300,0.3540,0.3316,0.3492,0.2920,0.3516,0.3608,0.3036,0.3584,0.3036,0.3332,0.2936,,0.2748,0.4172,0.3311,0.0287
190,0.2884,0.3028,0.3416,0.3892,0.2976,0.3684,0.2800,0.2924,0.3796,0.3252,0.2948,0.3120,0.3576,0.3428,0.3404,0.3288,0.3244,0.2896,0.2728,0.3304,0.3528,0.2920,0.3272,0.3172,0.2848,0.2784,0.3652,0.4012,0.3276,0.3756,0.3632,0.3124,0.3428,0.3600,0.2712,0.3408,0.3744,0.2592,0.3680,0.3604,0.3520,0.3568,0.2948,0.3100,0.3552,0.3412,0.3684,0.3044,0.3292,0.3172,,0.2592,0.4012,0.3292,0.0347
191,0.3040,0.3036,0.3536,0.3340,0.2956,0.3472,0.2888,0.2968,0.3580,0.3184,0.3316,0.3068,0.3624,0.3744,0.3308,0.3244,0.3376,0.3076,0.2812,0.3332,0.3640,0.2724,0.3376,0.3144,0.2712,0.2664,0.3732,0.3868,0.3176,0.3228,0.3632,0.3336,0.3516,0.3592,0.2404,0.3504,0.3684,0.2840,0.3696,0.3516,0.3720,0.3396,0.3044,0.2816,0.3532,0.3648,0.3516,0.3216,0.3208,0.3488,,0.2404,0.3868,0.3289,0.0336
192,0.3224,0.3064,0.3576,0.2752,0.3212,0.3184,0.3260,0.3216,0.3376,0.3180,0.3636,0.3256,0.3512,0.3748,0.3192,0.3392,0.3508,0.3436,0.3088,0.3416,0.3528,0.2928,0.3412,0.3220,0.2900,0.2776,0.3516,0.3428,0.3208,0.2868,0.3464,0.3616,0.3536,0.3384,0.2672,0.3560,0.3472,0.3300,0.3556,0.3308,0.3700,0.3264,0.3260,0.2808,0.3280,0.3844,0.3336,0.3496,0.3148,0.3692,,0.2672,0.3844,0.3314,0.0269
193,0.3492,0.3256,0.3420,0.2484,0.3476,0.2976,0.3672,0.3620,0.2996,0.3256,0.3868,0.3512,0.3216,0.3824,0.3120,0.3540,0.3532,0.3700,0.3516,0.3496,0.3416,0.3160,0.3404,0.3400,0.3136,0.3104,0.3152,0.3056,0.3368,0.2812,0.3272,0.3712,0.3592,0.3148,0.3172,0.3608,0.3212,0.3604,0.3408,0.3128,0.3508,0.3252,0.3588,0.2960,0.2968,0.3744,0.3104,0.3632,0.3276,0.3656,,0.2484,0.3868,0.3350,0.0282
194,0.3792,0.3428,0.3296,0.2644,0.3596,0.2932,0.3972,0.3808,0.2752,0.3356,0.3868,0.3664,0.2968,0.3444,0.3220,0.3472,0.3432,0.3664,0.3912,0.3504,0.3192,0.3404,0.3336,0.3560,0.3412,0.3432,0.2968,0.2824,0.3536,0.3040,0.3048,0.3588,0.3284,0.3200,0.3624,0.3504,0.2964,0.3888,0.3340,0.3064,0.3180,0.3376,0.3772,0.3268,0.2860,0.3552,0.3064,0.3620,0.3452,0.3520,,0.2644,0.3972,0.3372,0.0319
195,0.4008,0.3660,0.3176,0.3076,0.3652,0.3056,0.3804,0.3736,0.2812,0.3456,0.3616,0.3492,0.3008,0.3112,0.3416,0.3272,0.3352,0.3504,0.3984,0.3396,0.3128,0.3436,0.3280,0.3536,0.3816,0.3904,0.3056,0.2808,0.3520,0.3200,0.2972,0.3332,0.3048,0.3204,0.3976,0.3256,0.2904,0.3924,0.3144,0.3152,0.2952,0.3244,0.3820,0.3676,0.3080,0.3112,0.3080,0.3468,0.3520,0.3368,,0.2808,0.4008,0.3370,0.0326
196,0.3796,0.3716,0.3140,0.3624,0.3504,0.3348,0.3540,0.3428,0.3208,0.3436,0.3184,0.3364,0.3208,0.2748,0.3476,0.3128,0.3224,0.3404,0.3756,0.3244,0.3056,0.3612,0.3324,0.3428,0.3996,0.4112,0.3196,0.2932,0.3368,0.3428,0.3096,0.3164,0.2896,0.3252,0.4116,0.2996,0.3044,0.3816,0.2912,0.3268,0.2940,0.3180,0.3452,0.3940,0.3444,0.2840,0.3212,0.3324,0.3432,0.3180,,0.2748,0.4116,0.3349,0.0319
197,0.3384,0.3536,0.3156,0.4016,0.3408,0.3616,0.3140,0.3176,0.3668,0.3424,0.2816,0.3268,0.3408,0.2812,0.3472,0.3240,0.3192,0.3260,0.3276,0.3256,0.3168,0.3612,0.3288,0.3296,0.3856,0.3904,0.3300,0.3308,0.3304,0.3744,0.3320,0.3076,0.3140,0.3208,0.3972,0.3000,0.3352,0.3284,0.2964,0.3420,0.3068,0.3228,0.3176,0.3916,0.3576,0.2804,0.3420,0.3164,0.3340,0.2992,,0.2804,0.4016,0.3334,0.0286
198,0.3000,0.3276,0.3236,0.4172,0.3140,0.3784,0.2944,0.3028,0.3812,0.3324,0.2748,0.3264,0.3480,0.3140,0.3392,0.3300,0.3140,0.3060,0.2928,0.3244,0.3344,0.3352,0.3308,0.3244,0.3276,0.3320,0.3428,0.3764,0.3292,0.3940,0.3564,0.3052,0.3408,0.3412,0.3352,0.3200,0.3624,0.2796,0.3300,0.3540,0.3308,0.3492,0.2916,0.3516,0.3640,0.3072,0.3584,0.3036,0.3332,0.2936,,0.2748,0.4172,0.3315,0.0289
199,0.2916,0.3028,0.3428,0.3892,0.3020,0.3688,0.2804,0.2948,0.3796,0.3288,0.2948,0.3156,0.3576,0.3428,0.3404,0.3320,0.3244,0.2896,0.2728,0.3284,0.3528,0.3020,0.3272,0.3172,0.2860,0.2784,0.3652,0.4012,0.3276,0.3772,0.3632,0.3124,0.3488,0.3600,0.2712,0.3400,0.3744,0.2592,0.3680,0.3604,0.3528,0.3568,0.2944,0.3100,0.3592,0.3452,0.3684,0.3044,0.3292,0.3164,,0.2592,0.4012,0.3302,0.0345
200,0.3040,0.3036,0.3544,0.3340,0.3000,0.3460,0.2888,0.3016,0.3580,0.3228,0.3316,0.3104,0.3624,0.3744,0.3308,0.3280,0.3376,0.3076,0.2812,0.3212,0.3640,0.2880,0.3376,0.3144,0.2720,0.2664,0.3732,0.3868,0.3164,0.3248,0.3632,0.3336,0.3512,0.3592,0.2404,0.3484,0.3684,0.2828,0.3696,0.3516,0.3732,0.3396,0.3036,0.2816,0.3576,0.3676,0.3516,0.3216,0.3208,0.3492,,0.2404,0.3868,0.3295,0.0330
